c_late,c_early,makespan,total_crash_cost,penalty_applied,bonus_applied,net_cost,status
0.0,0.0,390,0.0,0.0,0.0,0.0,OPTIMAL
0.0,2.0202020202020203,390,0.0,0.0,0.0,0.0,OPTIMAL
0.0,4.040404040404041,390,0.0,0.0,0.0,0.0,OPTIMAL
0.0,6.0606060606060606,390,0.0,0.0,0.0,0.0,OPTIMAL
0.0,8.080808080808081,390,0.0,0.0,0.0,0.0,OPTIMAL
0.0,10.101010101010102,390,0.0,0.0,0.0,0.0,OPTIMAL
0.0,12.121212121212121,390,0.0,0.0,0.0,0.0,OPTIMAL
0.0,14.141414141414142,390,0.0,0.0,0.0,0.0,OPTIMAL
0.0,16.161616161616163,390,0.0,0.0,0.0,0.0,OPTIMAL
0.0,18.181818181818183,390,0.0,0.0,0.0,0.0,OPTIMAL
0.0,20.202020202020204,390,0.0,0.0,0.0,0.0,OPTIMAL
0.0,22.222222222222225,390,0.0,0.0,0.0,0.0,OPTIMAL
0.0,24.242424242424242,390,0.0,0.0,0.0,0.0,OPTIMAL
0.0,26.262626262626263,390,0.0,0.0,0.0,0.0,OPTIMAL
0.0,28.282828282828284,390,0.0,0.0,0.0,0.0,OPTIMAL
0.0,30.303030303030305,250,0.0,0.0,0.0,0.0,OPTIMAL
0.0,32.323232323232325,390,0.0,0.0,0.0,0.0,OPTIMAL
0.0,34.343434343434346,250,0.0,0.0,0.0,0.0,OPTIMAL
0.0,36.36363636363637,250,0.0,0.0,0.0,0.0,OPTIMAL
0.0,38.38383838383839,250,0.0,0.0,0.0,0.0,OPTIMAL
1.5151515151515151,0.0,249,0.0,9.09090909090909,0.0,9.09090909090909,OPTIMAL
1.5151515151515151,2.0202020202020203,249,0.0,9.09090909090909,0.0,9.09090909090909,OPTIMAL
1.5151515151515151,4.040404040404041,249,0.0,9.09090909090909,0.0,9.09090909090909,OPTIMAL
1.5151515151515151,6.0606060606060606,249,0.0,9.09090909090909,0.0,9.09090909090909,OPTIMAL
1.5151515151515151,8.080808080808081,249,0.0,9.09090909090909,0.0,9.09090909090909,OPTIMAL
1.5151515151515151,10.101010101010102,249,0.0,9.09090909090909,0.0,9.09090909090909,OPTIMAL
1.5151515151515151,12.121212121212121,249,0.0,9.09090909090909,0.0,9.09090909090909,OPTIMAL
1.5151515151515151,14.141414141414142,249,0.0,9.09090909090909,0.0,9.09090909090909,OPTIMAL
1.5151515151515151,16.161616161616163,249,0.0,9.09090909090909,0.0,9.09090909090909,OPTIMAL
1.5151515151515151,18.181818181818183,249,0.0,9.09090909090909,0.0,9.09090909090909,OPTIMAL
1.5151515151515151,20.202020202020204,249,0.0,9.09090909090909,0.0,9.09090909090909,OPTIMAL
1.5151515151515151,22.222222222222225,249,0.0,9.09090909090909,0.0,9.09090909090909,OPTIMAL
1.5151515151515151,24.242424242424242,249,0.0,9.09090909090909,0.0,9.09090909090909,OPTIMAL
1.5151515151515151,26.262626262626263,249,0.0,9.09090909090909,0.0,9.09090909090909,OPTIMAL
1.5151515151515151,28.282828282828284,249,0.0,9.09090909090909,0.0,9.09090909090909,OPTIMAL
1.5151515151515151,30.303030303030305,249,0.0,9.09090909090909,0.0,9.09090909090909,OPTIMAL
1.5151515151515151,32.323232323232325,249,0.0,9.09090909090909,0.0,9.09090909090909,OPTIMAL
1.5151515151515151,34.343434343434346,249,0.0,9.09090909090909,0.0,9.09090909090909,OPTIMAL
1.5151515151515151,36.36363636363637,249,0.0,9.09090909090909,0.0,9.09090909090909,OPTIMAL
1.5151515151515151,38.38383838383839,249,0.0,9.09090909090909,0.0,9.09090909090909,OPTIMAL
0.0,40.40404040404041,250,0.0,0.0,0.0,0.0,OPTIMAL
0.0,42.42424242424243,250,0.0,0.0,0.0,0.0,OPTIMAL
0.0,44.44444444444445,250,0.0,0.0,0.0,0.0,OPTIMAL
0.0,46.46464646464647,390,0.0,0.0,0.0,0.0,OPTIMAL
0.0,48.484848484848484,250,0.0,0.0,0.0,0.0,OPTIMAL
0.0,50.505050505050505,390,0.0,0.0,0.0,0.0,OPTIMAL
0.0,52.525252525252526,390,0.0,0.0,0.0,0.0,OPTIMAL
0.0,54.54545454545455,390,0.0,0.0,0.0,0.0,OPTIMAL
0.0,56.56565656565657,390,0.0,0.0,0.0,0.0,OPTIMAL
0.0,58.58585858585859,390,0.0,0.0,0.0,0.0,OPTIMAL
1.5151515151515151,40.40404040404041,249,0.0,9.09090909090909,0.0,9.09090909090909,OPTIMAL
1.5151515151515151,42.42424242424243,249,0.0,9.09090909090909,0.0,9.09090909090909,OPTIMAL
1.5151515151515151,44.44444444444445,249,0.0,9.09090909090909,0.0,9.09090909090909,OPTIMAL
1.5151515151515151,46.46464646464647,249,0.0,9.09090909090909,0.0,9.09090909090909,OPTIMAL
1.5151515151515151,48.484848484848484,249,0.0,9.09090909090909,0.0,9.09090909090909,OPTIMAL
1.5151515151515151,50.505050505050505,249,0.0,9.09090909090909,0.0,9.09090909090909,OPTIMAL
1.5151515151515151,52.525252525252526,249,0.0,9.09090909090909,0.0,9.09090909090909,OPTIMAL
1.5151515151515151,54.54545454545455,249,0.0,9.09090909090909,0.0,9.09090909090909,OPTIMAL
1.5151515151515151,56.56565656565657,249,0.0,9.09090909090909,0.0,9.09090909090909,OPTIMAL
1.5151515151515151,58.58585858585859,249,0.0,9.09090909090909,0.0,9.09090909090909,OPTIMAL
0.0,60.60606060606061,250,0.0,0.0,0.0,0.0,OPTIMAL
0.0,62.62626262626263,250,0.0,0.0,0.0,0.0,OPTIMAL
0.0,64.64646464646465,250,0.0,0.0,0.0,0.0,OPTIMAL
0.0,66.66666666666667,250,0.0,0.0,0.0,0.0,OPTIMAL
0.0,68.68686868686869,234,600.0,0.0,618.1818181818182,-18.181818181818244,OPTIMAL
0.0,70.70707070707071,231,810.0,0.0,848.4848484848485,-38.4848484848485,OPTIMAL
0.0,72.72727272727273,231,810.0,0.0,872.7272727272727,-62.72727272727275,OPTIMAL
0.0,74.74747474747475,231,810.0,0.0,896.969696969697,-86.969696969697,OPTIMAL
0.0,76.76767676767678,231,810.0,0.0,921.2121212121212,-111.21212121212125,OPTIMAL
0.0,78.7878787878788,231,810.0,0.0,945.4545454545455,-135.4545454545455,OPTIMAL
3.0303030303030303,0.0,249,0.0,18.18181818181818,0.0,18.18181818181818,OPTIMAL
3.0303030303030303,2.0202020202020203,249,0.0,18.18181818181818,0.0,18.18181818181818,OPTIMAL
3.0303030303030303,4.040404040404041,249,0.0,18.18181818181818,0.0,18.18181818181818,OPTIMAL
3.0303030303030303,6.0606060606060606,249,0.0,18.18181818181818,0.0,18.18181818181818,OPTIMAL
3.0303030303030303,8.080808080808081,249,0.0,18.18181818181818,0.0,18.18181818181818,OPTIMAL
3.0303030303030303,10.101010101010102,249,0.0,18.18181818181818,0.0,18.18181818181818,OPTIMAL
3.0303030303030303,12.121212121212121,249,0.0,18.18181818181818,0.0,18.18181818181818,OPTIMAL
3.0303030303030303,14.141414141414142,249,0.0,18.18181818181818,0.0,18.18181818181818,OPTIMAL
3.0303030303030303,16.161616161616163,249,0.0,18.18181818181818,0.0,18.18181818181818,OPTIMAL
3.0303030303030303,18.181818181818183,249,0.0,18.18181818181818,0.0,18.18181818181818,OPTIMAL
3.0303030303030303,20.202020202020204,249,0.0,18.18181818181818,0.0,18.18181818181818,OPTIMAL
3.0303030303030303,22.222222222222225,249,0.0,18.18181818181818,0.0,18.18181818181818,OPTIMAL
3.0303030303030303,24.242424242424242,249,0.0,18.18181818181818,0.0,18.18181818181818,OPTIMAL
3.0303030303030303,26.262626262626263,249,0.0,18.18181818181818,0.0,18.18181818181818,OPTIMAL
3.0303030303030303,28.282828282828284,249,0.0,18.18181818181818,0.0,18.18181818181818,OPTIMAL
3.0303030303030303,30.303030303030305,249,0.0,18.18181818181818,0.0,18.18181818181818,OPTIMAL
3.0303030303030303,32.323232323232325,249,0.0,18.18181818181818,0.0,18.18181818181818,OPTIMAL
3.0303030303030303,34.343434343434346,249,0.0,18.18181818181818,0.0,18.18181818181818,OPTIMAL
3.0303030303030303,36.36363636363637,249,0.0,18.18181818181818,0.0,18.18181818181818,OPTIMAL
3.0303030303030303,38.38383838383839,249,0.0,18.18181818181818,0.0,18.18181818181818,OPTIMAL
1.5151515151515151,60.60606060606061,249,0.0,9.09090909090909,0.0,9.09090909090909,OPTIMAL
1.5151515151515151,62.62626262626263,249,0.0,9.09090909090909,0.0,9.09090909090909,OPTIMAL
1.5151515151515151,64.64646464646465,249,0.0,9.09090909090909,0.0,9.09090909090909,OPTIMAL
1.5151515151515151,66.66666666666667,234,600.0,0.0,600.0,0.0,OPTIMAL
1.5151515151515151,68.68686868686869,234,600.0,0.0,618.1818181818182,-18.181818181818244,OPTIMAL
1.5151515151515151,70.70707070707071,231,810.0,0.0,848.4848484848485,-38.4848484848485,OPTIMAL
1.5151515151515151,72.72727272727273,231,810.0,0.0,872.7272727272727,-62.72727272727275,OPTIMAL
1.5151515151515151,74.74747474747475,231,810.0,0.0,896.969696969697,-86.969696969697,OPTIMAL
1.5151515151515151,76.76767676767678,231,810.0,0.0,921.2121212121212,-111.21212121212125,OPTIMAL
1.5151515151515151,78.7878787878788,231,810.0,0.0,945.4545454545455,-135.4545454545455,OPTIMAL
3.0303030303030303,40.40404040404041,249,0.0,18.18181818181818,0.0,18.18181818181818,OPTIMAL
3.0303030303030303,42.42424242424243,249,0.0,18.18181818181818,0.0,18.18181818181818,OPTIMAL
3.0303030303030303,44.44444444444445,249,0.0,18.18181818181818,0.0,18.18181818181818,OPTIMAL
3.0303030303030303,46.46464646464647,249,0.0,18.18181818181818,0.0,18.18181818181818,OPTIMAL
3.0303030303030303,48.484848484848484,249,0.0,18.18181818181818,0.0,18.18181818181818,OPTIMAL
3.0303030303030303,50.505050505050505,249,0.0,18.18181818181818,0.0,18.18181818181818,OPTIMAL
3.0303030303030303,52.525252525252526,249,0.0,18.18181818181818,0.0,18.18181818181818,OPTIMAL
3.0303030303030303,54.54545454545455,249,0.0,18.18181818181818,0.0,18.18181818181818,OPTIMAL
3.0303030303030303,56.56565656565657,249,0.0,18.18181818181818,0.0,18.18181818181818,OPTIMAL
3.0303030303030303,58.58585858585859,249,0.0,18.18181818181818,0.0,18.18181818181818,OPTIMAL
0.0,80.80808080808082,222,1530.0,0.0,1696.9696969696972,-166.96969696969722,OPTIMAL
0.0,82.82828282828284,222,1530.0,0.0,1739.3939393939395,-209.3939393939395,OPTIMAL
0.0,84.84848484848486,222,1530.0,0.0,1781.818181818182,-251.81818181818198,OPTIMAL
0.0,86.86868686868688,222,1530.0,0.0,1824.2424242424245,-294.2424242424245,OPTIMAL
0.0,88.8888888888889,222,1530.0,0.0,1866.666666666667,-336.66666666666697,OPTIMAL
0.0,90.90909090909092,217,1980.0,0.0,2363.636363636364,-383.63636363636397,OPTIMAL
0.0,92.92929292929294,217,1980.0,0.0,2416.1616161616166,-436.1616161616166,OPTIMAL
0.0,94.94949494949496,217,1980.0,0.0,2468.686868686869,-488.6868686868688,OPTIMAL
0.0,96.96969696969697,217,1980.0,0.0,2521.212121212121,-541.212121212121,OPTIMAL
0.0,98.98989898989899,217,1980.0,0.0,2573.7373737373737,-593.7373737373737,OPTIMAL
3.0303030303030303,60.60606060606061,249,0.0,18.18181818181818,0.0,18.18181818181818,OPTIMAL
3.0303030303030303,62.62626262626263,249,0.0,18.18181818181818,0.0,18.18181818181818,OPTIMAL
3.0303030303030303,64.64646464646465,249,0.0,18.18181818181818,0.0,18.18181818181818,OPTIMAL
3.0303030303030303,66.66666666666667,234,600.0,0.0,600.0,0.0,OPTIMAL
3.0303030303030303,68.68686868686869,234,600.0,0.0,618.1818181818182,-18.181818181818244,OPTIMAL
3.0303030303030303,70.70707070707071,231,810.0,0.0,848.4848484848485,-38.4848484848485,OPTIMAL
3.0303030303030303,72.72727272727273,231,810.0,0.0,872.7272727272727,-62.72727272727275,OPTIMAL
3.0303030303030303,74.74747474747475,231,810.0,0.0,896.969696969697,-86.969696969697,OPTIMAL
3.0303030303030303,76.76767676767678,231,810.0,0.0,921.2121212121212,-111.21212121212125,OPTIMAL
3.0303030303030303,78.7878787878788,231,810.0,0.0,945.4545454545455,-135.4545454545455,OPTIMAL
1.5151515151515151,80.80808080808082,222,1530.0,0.0,1696.9696969696972,-166.96969696969722,OPTIMAL
1.5151515151515151,82.82828282828284,222,1530.0,0.0,1739.3939393939395,-209.3939393939395,OPTIMAL
1.5151515151515151,84.84848484848486,222,1530.0,0.0,1781.818181818182,-251.81818181818198,OPTIMAL
1.5151515151515151,86.86868686868688,222,1530.0,0.0,1824.2424242424245,-294.2424242424245,OPTIMAL
1.5151515151515151,88.8888888888889,222,1530.0,0.0,1866.666666666667,-336.66666666666697,OPTIMAL
1.5151515151515151,90.90909090909092,217,1980.0,0.0,2363.636363636364,-383.63636363636397,OPTIMAL
1.5151515151515151,92.92929292929294,217,1980.0,0.0,2416.1616161616166,-436.1616161616166,OPTIMAL
1.5151515151515151,94.94949494949496,217,1980.0,0.0,2468.686868686869,-488.6868686868688,OPTIMAL
1.5151515151515151,96.96969696969697,217,1980.0,0.0,2521.212121212121,-541.212121212121,OPTIMAL
1.5151515151515151,98.98989898989899,217,1980.0,0.0,2573.7373737373737,-593.7373737373737,OPTIMAL
0.0,101.01010101010101,217,1980.0,0.0,2626.2626262626263,-646.2626262626263,OPTIMAL
0.0,103.03030303030303,217,1980.0,0.0,2678.787878787879,-698.787878787879,OPTIMAL
0.0,105.05050505050505,217,1980.0,0.0,2731.313131313131,-751.3131313131312,OPTIMAL
0.0,107.07070707070707,217,1980.0,0.0,2783.838383838384,-803.8383838383838,OPTIMAL
0.0,109.0909090909091,217,1980.0,0.0,2836.3636363636365,-856.3636363636365,OPTIMAL
0.0,111.11111111111111,212,2530.0,0.0,3444.4444444444443,-914.4444444444443,OPTIMAL
0.0,113.13131313131314,212,2530.0,0.0,3507.070707070707,-977.0707070707072,OPTIMAL
0.0,115.15151515151516,212,2530.0,0.0,3569.69696969697,-1039.69696969697,OPTIMAL
0.0,117.17171717171718,212,2530.0,0.0,3632.3232323232323,-1102.3232323232323,OPTIMAL
0.0,119.1919191919192,212,2530.0,0.0,3694.949494949495,-1164.9494949494951,OPTIMAL
0.0,181.81818181818184,202,4330.0,0.0,7454.545454545456,-3124.545454545456,OPTIMAL
0.0,183.83838383838386,202,4330.0,0.0,7537.373737373739,-3207.3737373737385,OPTIMAL
0.0,185.85858585858588,202,4330.0,0.0,7620.202020202021,-3290.2020202020212,OPTIMAL
0.0,187.8787878787879,202,4330.0,0.0,7703.030303030304,-3373.030303030304,OPTIMAL
0.0,189.89898989898992,202,4330.0,0.0,7785.858585858587,-3455.8585858585866,OPTIMAL
0.0,191.91919191919195,202,4330.0,0.0,7868.68686868687,-3538.68686868687,OPTIMAL
0.0,193.93939393939394,202,4330.0,0.0,7951.515151515151,-3621.515151515151,OPTIMAL
0.0,195.95959595959596,202,4330.0,0.0,8034.343434343435,-3704.3434343434346,OPTIMAL
0.0,197.97979797979798,202,4330.0,0.0,8117.171717171717,-3787.1717171717173,OPTIMAL
0.0,200.0,202,4330.0,0.0,8200.0,-3870.0,OPTIMAL
0.0,161.61616161616163,212,2530.0,0.0,5010.101010101011,-2480.1010101010106,OPTIMAL
0.0,163.63636363636365,212,2530.0,0.0,5072.727272727273,-2542.727272727273,OPTIMAL
0.0,165.65656565656568,212,2530.0,0.0,5135.353535353536,-2605.3535353535362,OPTIMAL
0.0,167.6767676767677,212,2530.0,0.0,5197.979797979799,-2667.9797979797986,OPTIMAL
0.0,169.69696969696972,212,2530.0,0.0,5260.606060606061,-2730.606060606061,OPTIMAL
0.0,171.71717171717174,212,2530.0,0.0,5323.232323232324,-2793.2323232323242,OPTIMAL
0.0,173.73737373737376,212,2530.0,0.0,5385.858585858587,-2855.8585858585866,OPTIMAL
0.0,175.75757575757578,212,2530.0,0.0,5448.484848484849,-2918.484848484849,OPTIMAL
0.0,177.7777777777778,212,2530.0,0.0,5511.111111111112,-2981.111111111112,OPTIMAL
0.0,179.79797979797982,212,2530.0,0.0,5573.737373737375,-3043.7373737373746,OPTIMAL
1.5151515151515151,101.01010101010101,217,1980.0,0.0,2626.2626262626263,-646.2626262626263,OPTIMAL
1.5151515151515151,103.03030303030303,217,1980.0,0.0,2678.787878787879,-698.787878787879,OPTIMAL
1.5151515151515151,105.05050505050505,217,1980.0,0.0,2731.313131313131,-751.3131313131312,OPTIMAL
1.5151515151515151,107.07070707070707,217,1980.0,0.0,2783.838383838384,-803.8383838383838,OPTIMAL
1.5151515151515151,109.0909090909091,217,1980.0,0.0,2836.3636363636365,-856.3636363636365,OPTIMAL
1.5151515151515151,111.11111111111111,212,2530.0,0.0,3444.4444444444443,-914.4444444444443,OPTIMAL
1.5151515151515151,113.13131313131314,212,2530.0,0.0,3507.070707070707,-977.0707070707072,OPTIMAL
1.5151515151515151,115.15151515151516,212,2530.0,0.0,3569.69696969697,-1039.69696969697,OPTIMAL
1.5151515151515151,117.17171717171718,212,2530.0,0.0,3632.3232323232323,-1102.3232323232323,OPTIMAL
1.5151515151515151,119.1919191919192,212,2530.0,0.0,3694.949494949495,-1164.9494949494951,OPTIMAL
4.545454545454545,0.0,249,0.0,27.27272727272727,0.0,27.27272727272727,OPTIMAL
4.545454545454545,2.0202020202020203,249,0.0,27.27272727272727,0.0,27.27272727272727,OPTIMAL
4.545454545454545,4.040404040404041,249,0.0,27.27272727272727,0.0,27.27272727272727,OPTIMAL
4.545454545454545,6.0606060606060606,249,0.0,27.27272727272727,0.0,27.27272727272727,OPTIMAL
4.545454545454545,8.080808080808081,249,0.0,27.27272727272727,0.0,27.27272727272727,OPTIMAL
4.545454545454545,10.101010101010102,249,0.0,27.27272727272727,0.0,27.27272727272727,OPTIMAL
4.545454545454545,12.121212121212121,249,0.0,27.27272727272727,0.0,27.27272727272727,OPTIMAL
4.545454545454545,14.141414141414142,249,0.0,27.27272727272727,0.0,27.27272727272727,OPTIMAL
4.545454545454545,16.161616161616163,249,0.0,27.27272727272727,0.0,27.27272727272727,OPTIMAL
4.545454545454545,18.181818181818183,249,0.0,27.27272727272727,0.0,27.27272727272727,OPTIMAL
4.545454545454545,20.202020202020204,249,0.0,27.27272727272727,0.0,27.27272727272727,OPTIMAL
4.545454545454545,22.222222222222225,249,0.0,27.27272727272727,0.0,27.27272727272727,OPTIMAL
4.545454545454545,24.242424242424242,249,0.0,27.27272727272727,0.0,27.27272727272727,OPTIMAL
4.545454545454545,26.262626262626263,249,0.0,27.27272727272727,0.0,27.27272727272727,OPTIMAL
4.545454545454545,28.282828282828284,249,0.0,27.27272727272727,0.0,27.27272727272727,OPTIMAL
4.545454545454545,30.303030303030305,249,0.0,27.27272727272727,0.0,27.27272727272727,OPTIMAL
4.545454545454545,32.323232323232325,249,0.0,27.27272727272727,0.0,27.27272727272727,OPTIMAL
4.545454545454545,34.343434343434346,249,0.0,27.27272727272727,0.0,27.27272727272727,OPTIMAL
4.545454545454545,36.36363636363637,249,0.0,27.27272727272727,0.0,27.27272727272727,OPTIMAL
4.545454545454545,38.38383838383839,249,0.0,27.27272727272727,0.0,27.27272727272727,OPTIMAL
1.5151515151515151,181.81818181818184,202,4330.0,0.0,7454.545454545456,-3124.545454545456,OPTIMAL
1.5151515151515151,183.83838383838386,202,4330.0,0.0,7537.373737373739,-3207.3737373737385,OPTIMAL
1.5151515151515151,185.85858585858588,202,4330.0,0.0,7620.202020202021,-3290.2020202020212,OPTIMAL
1.5151515151515151,187.8787878787879,202,4330.0,0.0,7703.030303030304,-3373.030303030304,OPTIMAL
1.5151515151515151,189.89898989898992,202,4330.0,0.0,7785.858585858587,-3455.8585858585866,OPTIMAL
1.5151515151515151,191.91919191919195,202,4330.0,0.0,7868.68686868687,-3538.68686868687,OPTIMAL
1.5151515151515151,193.93939393939394,202,4330.0,0.0,7951.515151515151,-3621.515151515151,OPTIMAL
1.5151515151515151,195.95959595959596,202,4330.0,0.0,8034.343434343435,-3704.3434343434346,OPTIMAL
1.5151515151515151,197.97979797979798,202,4330.0,0.0,8117.171717171717,-3787.1717171717173,OPTIMAL
1.5151515151515151,200.0,202,4330.0,0.0,8200.0,-3870.0,OPTIMAL
0.0,121.21212121212122,212,2530.0,0.0,3757.575757575758,-1227.575757575758,OPTIMAL
0.0,123.23232323232324,212,2530.0,0.0,3820.2020202020203,-1290.2020202020203,OPTIMAL
0.0,125.25252525252526,212,2530.0,0.0,3882.828282828283,-1352.8282828282831,OPTIMAL
0.0,127.27272727272728,212,2530.0,0.0,3945.4545454545455,-1415.4545454545455,OPTIMAL
0.0,129.2929292929293,212,2530.0,0.0,4008.0808080808083,-1478.0808080808083,OPTIMAL
0.0,131.31313131313132,212,2530.0,0.0,4070.707070707071,-1540.7070707070711,OPTIMAL
0.0,133.33333333333334,212,2530.0,0.0,4133.333333333334,-1603.333333333334,OPTIMAL
0.0,135.35353535353536,212,2530.0,0.0,4195.959595959596,-1665.9595959595963,OPTIMAL
0.0,137.37373737373738,212,2530.0,0.0,4258.585858585859,-1728.5858585858587,OPTIMAL
0.0,139.3939393939394,212,2530.0,0.0,4321.212121212122,-1791.212121212122,OPTIMAL
1.5151515151515151,141.41414141414143,212,2530.0,0.0,4383.838383838384,-1853.8383838383843,OPTIMAL
1.5151515151515151,143.43434343434345,212,2530.0,0.0,4446.464646464647,-1916.4646464646466,OPTIMAL
1.5151515151515151,145.45454545454547,212,2530.0,0.0,4509.09090909091,-1979.09090909091,OPTIMAL
1.5151515151515151,147.4747474747475,212,2530.0,0.0,4571.717171717172,-2041.7171717171723,OPTIMAL
1.5151515151515151,149.4949494949495,212,2530.0,0.0,4634.343434343435,-2104.3434343434346,OPTIMAL
1.5151515151515151,151.51515151515153,212,2530.0,0.0,4696.969696969697,-2166.969696969697,OPTIMAL
1.5151515151515151,153.53535353535355,212,2530.0,0.0,4759.59595959596,-2229.5959595959603,OPTIMAL
1.5151515151515151,155.55555555555557,212,2530.0,0.0,4822.222222222223,-2292.2222222222226,OPTIMAL
1.5151515151515151,157.5757575757576,212,2530.0,0.0,4884.848484848485,-2354.848484848485,OPTIMAL
1.5151515151515151,159.5959595959596,212,2530.0,0.0,4947.474747474748,-2417.4747474747483,OPTIMAL
3.0303030303030303,80.80808080808082,222,1530.0,0.0,1696.9696969696972,-166.96969696969722,OPTIMAL
3.0303030303030303,82.82828282828284,222,1530.0,0.0,1739.3939393939395,-209.3939393939395,OPTIMAL
3.0303030303030303,84.84848484848486,222,1530.0,0.0,1781.818181818182,-251.81818181818198,OPTIMAL
3.0303030303030303,86.86868686868688,222,1530.0,0.0,1824.2424242424245,-294.2424242424245,OPTIMAL
3.0303030303030303,88.8888888888889,222,1530.0,0.0,1866.666666666667,-336.66666666666697,OPTIMAL
3.0303030303030303,90.90909090909092,217,1980.0,0.0,2363.636363636364,-383.63636363636397,OPTIMAL
3.0303030303030303,92.92929292929294,217,1980.0,0.0,2416.1616161616166,-436.1616161616166,OPTIMAL
3.0303030303030303,94.94949494949496,217,1980.0,0.0,2468.686868686869,-488.6868686868688,OPTIMAL
3.0303030303030303,96.96969696969697,217,1980.0,0.0,2521.212121212121,-541.212121212121,OPTIMAL
3.0303030303030303,98.98989898989899,217,1980.0,0.0,2573.7373737373737,-593.7373737373737,OPTIMAL
4.545454545454545,40.40404040404041,249,0.0,27.27272727272727,0.0,27.27272727272727,OPTIMAL
4.545454545454545,42.42424242424243,249,0.0,27.27272727272727,0.0,27.27272727272727,OPTIMAL
4.545454545454545,44.44444444444445,249,0.0,27.27272727272727,0.0,27.27272727272727,OPTIMAL
4.545454545454545,46.46464646464647,249,0.0,27.27272727272727,0.0,27.27272727272727,OPTIMAL
4.545454545454545,48.484848484848484,249,0.0,27.27272727272727,0.0,27.27272727272727,OPTIMAL
4.545454545454545,50.505050505050505,249,0.0,27.27272727272727,0.0,27.27272727272727,OPTIMAL
4.545454545454545,52.525252525252526,249,0.0,27.27272727272727,0.0,27.27272727272727,OPTIMAL
4.545454545454545,54.54545454545455,249,0.0,27.27272727272727,0.0,27.27272727272727,OPTIMAL
4.545454545454545,56.56565656565657,249,0.0,27.27272727272727,0.0,27.27272727272727,OPTIMAL
4.545454545454545,58.58585858585859,249,0.0,27.27272727272727,0.0,27.27272727272727,OPTIMAL
1.5151515151515151,161.61616161616163,212,2530.0,0.0,5010.101010101011,-2480.1010101010106,OPTIMAL
1.5151515151515151,163.63636363636365,212,2530.0,0.0,5072.727272727273,-2542.727272727273,OPTIMAL
1.5151515151515151,165.65656565656568,212,2530.0,0.0,5135.353535353536,-2605.3535353535362,OPTIMAL
1.5151515151515151,167.6767676767677,212,2530.0,0.0,5197.979797979799,-2667.9797979797986,OPTIMAL
1.5151515151515151,169.69696969696972,212,2530.0,0.0,5260.606060606061,-2730.606060606061,OPTIMAL
1.5151515151515151,171.71717171717174,212,2530.0,0.0,5323.232323232324,-2793.2323232323242,OPTIMAL
1.5151515151515151,173.73737373737376,212,2530.0,0.0,5385.858585858587,-2855.8585858585866,OPTIMAL
1.5151515151515151,175.75757575757578,212,2530.0,0.0,5448.484848484849,-2918.484848484849,OPTIMAL
1.5151515151515151,177.7777777777778,212,2530.0,0.0,5511.111111111112,-2981.111111111112,OPTIMAL
1.5151515151515151,179.79797979797982,212,2530.0,0.0,5573.737373737375,-3043.7373737373746,OPTIMAL
1.5151515151515151,121.21212121212122,212,2530.0,0.0,3757.575757575758,-1227.575757575758,OPTIMAL
1.5151515151515151,123.23232323232324,212,2530.0,0.0,3820.2020202020203,-1290.2020202020203,OPTIMAL
1.5151515151515151,125.25252525252526,212,2530.0,0.0,3882.828282828283,-1352.8282828282831,OPTIMAL
1.5151515151515151,127.27272727272728,212,2530.0,0.0,3945.4545454545455,-1415.4545454545455,OPTIMAL
1.5151515151515151,129.2929292929293,212,2530.0,0.0,4008.0808080808083,-1478.0808080808083,OPTIMAL
1.5151515151515151,131.31313131313132,212,2530.0,0.0,4070.707070707071,-1540.7070707070711,OPTIMAL
1.5151515151515151,133.33333333333334,212,2530.0,0.0,4133.333333333334,-1603.333333333334,OPTIMAL
1.5151515151515151,135.35353535353536,212,2530.0,0.0,4195.959595959596,-1665.9595959595963,OPTIMAL
1.5151515151515151,137.37373737373738,212,2530.0,0.0,4258.585858585859,-1728.5858585858587,OPTIMAL
1.5151515151515151,139.3939393939394,212,2530.0,0.0,4321.212121212122,-1791.212121212122,OPTIMAL
4.545454545454545,60.60606060606061,249,0.0,27.27272727272727,0.0,27.27272727272727,OPTIMAL
4.545454545454545,62.62626262626263,249,0.0,27.27272727272727,0.0,27.27272727272727,OPTIMAL
4.545454545454545,64.64646464646465,234,600.0,0.0,581.8181818181819,18.18181818181813,OPTIMAL
4.545454545454545,66.66666666666667,234,600.0,0.0,600.0,0.0,OPTIMAL
4.545454545454545,68.68686868686869,234,600.0,0.0,618.1818181818182,-18.181818181818244,OPTIMAL
4.545454545454545,70.70707070707071,231,810.0,0.0,848.4848484848485,-38.4848484848485,OPTIMAL
4.545454545454545,72.72727272727273,231,810.0,0.0,872.7272727272727,-62.72727272727275,OPTIMAL
4.545454545454545,74.74747474747475,231,810.0,0.0,896.969696969697,-86.969696969697,OPTIMAL
4.545454545454545,76.76767676767678,231,810.0,0.0,921.2121212121212,-111.21212121212125,OPTIMAL
4.545454545454545,78.7878787878788,231,810.0,0.0,945.4545454545455,-135.4545454545455,OPTIMAL
6.0606060606060606,0.0,249,0.0,36.36363636363636,0.0,36.36363636363636,OPTIMAL
6.0606060606060606,2.0202020202020203,249,0.0,36.36363636363636,0.0,36.36363636363636,OPTIMAL
6.0606060606060606,4.040404040404041,249,0.0,36.36363636363636,0.0,36.36363636363636,OPTIMAL
6.0606060606060606,6.0606060606060606,249,0.0,36.36363636363636,0.0,36.36363636363636,OPTIMAL
6.0606060606060606,8.080808080808081,249,0.0,36.36363636363636,0.0,36.36363636363636,OPTIMAL
6.0606060606060606,10.101010101010102,249,0.0,36.36363636363636,0.0,36.36363636363636,OPTIMAL
6.0606060606060606,12.121212121212121,249,0.0,36.36363636363636,0.0,36.36363636363636,OPTIMAL
6.0606060606060606,14.141414141414142,249,0.0,36.36363636363636,0.0,36.36363636363636,OPTIMAL
6.0606060606060606,16.161616161616163,249,0.0,36.36363636363636,0.0,36.36363636363636,OPTIMAL
6.0606060606060606,18.181818181818183,249,0.0,36.36363636363636,0.0,36.36363636363636,OPTIMAL
0.0,141.41414141414143,212,2530.0,0.0,4383.838383838384,-1853.8383838383843,OPTIMAL
0.0,143.43434343434345,212,2530.0,0.0,4446.464646464647,-1916.4646464646466,OPTIMAL
0.0,145.45454545454547,212,2530.0,0.0,4509.09090909091,-1979.09090909091,OPTIMAL
0.0,147.4747474747475,212,2530.0,0.0,4571.717171717172,-2041.7171717171723,OPTIMAL
0.0,149.4949494949495,212,2530.0,0.0,4634.343434343435,-2104.3434343434346,OPTIMAL
0.0,151.51515151515153,212,2530.0,0.0,4696.969696969697,-2166.969696969697,OPTIMAL
0.0,153.53535353535355,212,2530.0,0.0,4759.59595959596,-2229.5959595959603,OPTIMAL
0.0,155.55555555555557,212,2530.0,0.0,4822.222222222223,-2292.2222222222226,OPTIMAL
0.0,157.5757575757576,212,2530.0,0.0,4884.848484848485,-2354.848484848485,OPTIMAL
0.0,159.5959595959596,212,2530.0,0.0,4947.474747474748,-2417.4747474747483,OPTIMAL
6.0606060606060606,20.202020202020204,249,0.0,36.36363636363636,0.0,36.36363636363636,OPTIMAL
6.0606060606060606,22.222222222222225,249,0.0,36.36363636363636,0.0,36.36363636363636,OPTIMAL
6.0606060606060606,24.242424242424242,249,0.0,36.36363636363636,0.0,36.36363636363636,OPTIMAL
6.0606060606060606,26.262626262626263,249,0.0,36.36363636363636,0.0,36.36363636363636,OPTIMAL
6.0606060606060606,28.282828282828284,249,0.0,36.36363636363636,0.0,36.36363636363636,OPTIMAL
6.0606060606060606,30.303030303030305,249,0.0,36.36363636363636,0.0,36.36363636363636,OPTIMAL
6.0606060606060606,32.323232323232325,249,0.0,36.36363636363636,0.0,36.36363636363636,OPTIMAL
6.0606060606060606,34.343434343434346,249,0.0,36.36363636363636,0.0,36.36363636363636,OPTIMAL
6.0606060606060606,36.36363636363637,249,0.0,36.36363636363636,0.0,36.36363636363636,OPTIMAL
6.0606060606060606,38.38383838383839,249,0.0,36.36363636363636,0.0,36.36363636363636,OPTIMAL
6.0606060606060606,40.40404040404041,249,0.0,36.36363636363636,0.0,36.36363636363636,OPTIMAL
6.0606060606060606,42.42424242424243,249,0.0,36.36363636363636,0.0,36.36363636363636,OPTIMAL
6.0606060606060606,44.44444444444445,249,0.0,36.36363636363636,0.0,36.36363636363636,OPTIMAL
6.0606060606060606,46.46464646464647,249,0.0,36.36363636363636,0.0,36.36363636363636,OPTIMAL
6.0606060606060606,48.484848484848484,249,0.0,36.36363636363636,0.0,36.36363636363636,OPTIMAL
6.0606060606060606,50.505050505050505,249,0.0,36.36363636363636,0.0,36.36363636363636,OPTIMAL
6.0606060606060606,52.525252525252526,249,0.0,36.36363636363636,0.0,36.36363636363636,OPTIMAL
6.0606060606060606,54.54545454545455,249,0.0,36.36363636363636,0.0,36.36363636363636,OPTIMAL
6.0606060606060606,56.56565656565657,249,0.0,36.36363636363636,0.0,36.36363636363636,OPTIMAL
6.0606060606060606,58.58585858585859,249,0.0,36.36363636363636,0.0,36.36363636363636,OPTIMAL
3.0303030303030303,101.01010101010101,217,1980.0,0.0,2626.2626262626263,-646.2626262626263,OPTIMAL
3.0303030303030303,103.03030303030303,217,1980.0,0.0,2678.787878787879,-698.787878787879,OPTIMAL
3.0303030303030303,105.05050505050505,217,1980.0,0.0,2731.313131313131,-751.3131313131312,OPTIMAL
3.0303030303030303,107.07070707070707,217,1980.0,0.0,2783.838383838384,-803.8383838383838,OPTIMAL
3.0303030303030303,109.0909090909091,217,1980.0,0.0,2836.3636363636365,-856.3636363636365,OPTIMAL
3.0303030303030303,111.11111111111111,212,2530.0,0.0,3444.4444444444443,-914.4444444444443,OPTIMAL
3.0303030303030303,113.13131313131314,212,2530.0,0.0,3507.070707070707,-977.0707070707072,OPTIMAL
3.0303030303030303,115.15151515151516,212,2530.0,0.0,3569.69696969697,-1039.69696969697,OPTIMAL
3.0303030303030303,117.17171717171718,212,2530.0,0.0,3632.3232323232323,-1102.3232323232323,OPTIMAL
3.0303030303030303,119.1919191919192,212,2530.0,0.0,3694.949494949495,-1164.9494949494951,OPTIMAL
6.0606060606060606,60.60606060606061,249,0.0,36.36363636363636,0.0,36.36363636363636,OPTIMAL
6.0606060606060606,62.62626262626263,249,0.0,36.36363636363636,0.0,36.36363636363636,OPTIMAL
6.0606060606060606,64.64646464646465,234,600.0,0.0,581.8181818181819,18.18181818181813,OPTIMAL
6.0606060606060606,66.66666666666667,234,600.0,0.0,600.0,0.0,OPTIMAL
6.0606060606060606,68.68686868686869,234,600.0,0.0,618.1818181818182,-18.181818181818244,OPTIMAL
6.0606060606060606,70.70707070707071,231,810.0,0.0,848.4848484848485,-38.4848484848485,OPTIMAL
6.0606060606060606,72.72727272727273,231,810.0,0.0,872.7272727272727,-62.72727272727275,OPTIMAL
6.0606060606060606,74.74747474747475,231,810.0,0.0,896.969696969697,-86.969696969697,OPTIMAL
6.0606060606060606,76.76767676767678,231,810.0,0.0,921.2121212121212,-111.21212121212125,OPTIMAL
6.0606060606060606,78.7878787878788,231,810.0,0.0,945.4545454545455,-135.4545454545455,OPTIMAL
3.0303030303030303,121.21212121212122,212,2530.0,0.0,3757.575757575758,-1227.575757575758,OPTIMAL
3.0303030303030303,123.23232323232324,212,2530.0,0.0,3820.2020202020203,-1290.2020202020203,OPTIMAL
3.0303030303030303,125.25252525252526,212,2530.0,0.0,3882.828282828283,-1352.8282828282831,OPTIMAL
3.0303030303030303,127.27272727272728,212,2530.0,0.0,3945.4545454545455,-1415.4545454545455,OPTIMAL
3.0303030303030303,129.2929292929293,212,2530.0,0.0,4008.0808080808083,-1478.0808080808083,OPTIMAL
3.0303030303030303,131.31313131313132,212,2530.0,0.0,4070.707070707071,-1540.7070707070711,OPTIMAL
3.0303030303030303,133.33333333333334,212,2530.0,0.0,4133.333333333334,-1603.333333333334,OPTIMAL
3.0303030303030303,135.35353535353536,212,2530.0,0.0,4195.959595959596,-1665.9595959595963,OPTIMAL
3.0303030303030303,137.37373737373738,212,2530.0,0.0,4258.585858585859,-1728.5858585858587,OPTIMAL
3.0303030303030303,139.3939393939394,212,2530.0,0.0,4321.212121212122,-1791.212121212122,OPTIMAL
4.545454545454545,80.80808080808082,222,1530.0,0.0,1696.9696969696972,-166.96969696969722,OPTIMAL
4.545454545454545,82.82828282828284,222,1530.0,0.0,1739.3939393939395,-209.3939393939395,OPTIMAL
4.545454545454545,84.84848484848486,222,1530.0,0.0,1781.818181818182,-251.81818181818198,OPTIMAL
4.545454545454545,86.86868686868688,222,1530.0,0.0,1824.2424242424245,-294.2424242424245,OPTIMAL
4.545454545454545,88.8888888888889,222,1530.0,0.0,1866.666666666667,-336.66666666666697,OPTIMAL
4.545454545454545,90.90909090909092,217,1980.0,0.0,2363.636363636364,-383.63636363636397,OPTIMAL
4.545454545454545,92.92929292929294,217,1980.0,0.0,2416.1616161616166,-436.1616161616166,OPTIMAL
4.545454545454545,94.94949494949496,217,1980.0,0.0,2468.686868686869,-488.6868686868688,OPTIMAL
4.545454545454545,96.96969696969697,217,1980.0,0.0,2521.212121212121,-541.212121212121,OPTIMAL
4.545454545454545,98.98989898989899,217,1980.0,0.0,2573.7373737373737,-593.7373737373737,OPTIMAL
3.0303030303030303,181.81818181818184,202,4330.0,0.0,7454.545454545456,-3124.545454545456,OPTIMAL
3.0303030303030303,183.83838383838386,202,4330.0,0.0,7537.373737373739,-3207.3737373737385,OPTIMAL
3.0303030303030303,185.85858585858588,202,4330.0,0.0,7620.202020202021,-3290.2020202020212,OPTIMAL
3.0303030303030303,187.8787878787879,202,4330.0,0.0,7703.030303030304,-3373.030303030304,OPTIMAL
3.0303030303030303,189.89898989898992,202,4330.0,0.0,7785.858585858587,-3455.8585858585866,OPTIMAL
3.0303030303030303,191.91919191919195,202,4330.0,0.0,7868.68686868687,-3538.68686868687,OPTIMAL
3.0303030303030303,193.93939393939394,202,4330.0,0.0,7951.515151515151,-3621.515151515151,OPTIMAL
3.0303030303030303,195.95959595959596,202,4330.0,0.0,8034.343434343435,-3704.3434343434346,OPTIMAL
3.0303030303030303,197.97979797979798,202,4330.0,0.0,8117.171717171717,-3787.1717171717173,OPTIMAL
3.0303030303030303,200.0,202,4330.0,0.0,8200.0,-3870.0,OPTIMAL
7.575757575757576,0.0,249,0.0,45.45454545454545,0.0,45.45454545454545,OPTIMAL
7.575757575757576,2.0202020202020203,249,0.0,45.45454545454545,0.0,45.45454545454545,OPTIMAL
7.575757575757576,4.040404040404041,249,0.0,45.45454545454545,0.0,45.45454545454545,OPTIMAL
7.575757575757576,6.0606060606060606,249,0.0,45.45454545454545,0.0,45.45454545454545,OPTIMAL
7.575757575757576,8.080808080808081,249,0.0,45.45454545454545,0.0,45.45454545454545,OPTIMAL
7.575757575757576,10.101010101010102,249,0.0,45.45454545454545,0.0,45.45454545454545,OPTIMAL
7.575757575757576,12.121212121212121,249,0.0,45.45454545454545,0.0,45.45454545454545,OPTIMAL
7.575757575757576,14.141414141414142,249,0.0,45.45454545454545,0.0,45.45454545454545,OPTIMAL
7.575757575757576,16.161616161616163,249,0.0,45.45454545454545,0.0,45.45454545454545,OPTIMAL
7.575757575757576,18.181818181818183,249,0.0,45.45454545454545,0.0,45.45454545454545,OPTIMAL
3.0303030303030303,141.41414141414143,212,2530.0,0.0,4383.838383838384,-1853.8383838383843,OPTIMAL
3.0303030303030303,143.43434343434345,212,2530.0,0.0,4446.464646464647,-1916.4646464646466,OPTIMAL
3.0303030303030303,145.45454545454547,212,2530.0,0.0,4509.09090909091,-1979.09090909091,OPTIMAL
3.0303030303030303,147.4747474747475,212,2530.0,0.0,4571.717171717172,-2041.7171717171723,OPTIMAL
3.0303030303030303,149.4949494949495,212,2530.0,0.0,4634.343434343435,-2104.3434343434346,OPTIMAL
3.0303030303030303,151.51515151515153,212,2530.0,0.0,4696.969696969697,-2166.969696969697,OPTIMAL
3.0303030303030303,153.53535353535355,212,2530.0,0.0,4759.59595959596,-2229.5959595959603,OPTIMAL
3.0303030303030303,155.55555555555557,212,2530.0,0.0,4822.222222222223,-2292.2222222222226,OPTIMAL
3.0303030303030303,157.5757575757576,212,2530.0,0.0,4884.848484848485,-2354.848484848485,OPTIMAL
3.0303030303030303,159.5959595959596,212,2530.0,0.0,4947.474747474748,-2417.4747474747483,OPTIMAL
3.0303030303030303,161.61616161616163,212,2530.0,0.0,5010.101010101011,-2480.1010101010106,OPTIMAL
3.0303030303030303,163.63636363636365,212,2530.0,0.0,5072.727272727273,-2542.727272727273,OPTIMAL
3.0303030303030303,165.65656565656568,212,2530.0,0.0,5135.353535353536,-2605.3535353535362,OPTIMAL
3.0303030303030303,167.6767676767677,212,2530.0,0.0,5197.979797979799,-2667.9797979797986,OPTIMAL
3.0303030303030303,169.69696969696972,212,2530.0,0.0,5260.606060606061,-2730.606060606061,OPTIMAL
3.0303030303030303,171.71717171717174,212,2530.0,0.0,5323.232323232324,-2793.2323232323242,OPTIMAL
3.0303030303030303,173.73737373737376,212,2530.0,0.0,5385.858585858587,-2855.8585858585866,OPTIMAL
3.0303030303030303,175.75757575757578,212,2530.0,0.0,5448.484848484849,-2918.484848484849,OPTIMAL
3.0303030303030303,177.7777777777778,212,2530.0,0.0,5511.111111111112,-2981.111111111112,OPTIMAL
3.0303030303030303,179.79797979797982,212,2530.0,0.0,5573.737373737375,-3043.7373737373746,OPTIMAL
7.575757575757576,20.202020202020204,249,0.0,45.45454545454545,0.0,45.45454545454545,OPTIMAL
7.575757575757576,22.222222222222225,249,0.0,45.45454545454545,0.0,45.45454545454545,OPTIMAL
7.575757575757576,24.242424242424242,249,0.0,45.45454545454545,0.0,45.45454545454545,OPTIMAL
7.575757575757576,26.262626262626263,249,0.0,45.45454545454545,0.0,45.45454545454545,OPTIMAL
7.575757575757576,28.282828282828284,249,0.0,45.45454545454545,0.0,45.45454545454545,OPTIMAL
7.575757575757576,30.303030303030305,249,0.0,45.45454545454545,0.0,45.45454545454545,OPTIMAL
7.575757575757576,32.323232323232325,249,0.0,45.45454545454545,0.0,45.45454545454545,OPTIMAL
7.575757575757576,34.343434343434346,249,0.0,45.45454545454545,0.0,45.45454545454545,OPTIMAL
7.575757575757576,36.36363636363637,249,0.0,45.45454545454545,0.0,45.45454545454545,OPTIMAL
7.575757575757576,38.38383838383839,249,0.0,45.45454545454545,0.0,45.45454545454545,OPTIMAL
4.545454545454545,101.01010101010101,217,1980.0,0.0,2626.2626262626263,-646.2626262626263,OPTIMAL
4.545454545454545,103.03030303030303,217,1980.0,0.0,2678.787878787879,-698.787878787879,OPTIMAL
4.545454545454545,105.05050505050505,217,1980.0,0.0,2731.313131313131,-751.3131313131312,OPTIMAL
4.545454545454545,107.07070707070707,217,1980.0,0.0,2783.838383838384,-803.8383838383838,OPTIMAL
4.545454545454545,109.0909090909091,217,1980.0,0.0,2836.3636363636365,-856.3636363636365,OPTIMAL
4.545454545454545,111.11111111111111,212,2530.0,0.0,3444.4444444444443,-914.4444444444443,OPTIMAL
4.545454545454545,113.13131313131314,212,2530.0,0.0,3507.070707070707,-977.0707070707072,OPTIMAL
4.545454545454545,115.15151515151516,212,2530.0,0.0,3569.69696969697,-1039.69696969697,OPTIMAL
4.545454545454545,117.17171717171718,212,2530.0,0.0,3632.3232323232323,-1102.3232323232323,OPTIMAL
4.545454545454545,119.1919191919192,212,2530.0,0.0,3694.949494949495,-1164.9494949494951,OPTIMAL
6.0606060606060606,80.80808080808082,222,1530.0,0.0,1696.9696969696972,-166.96969696969722,OPTIMAL
6.0606060606060606,82.82828282828284,222,1530.0,0.0,1739.3939393939395,-209.3939393939395,OPTIMAL
6.0606060606060606,84.84848484848486,222,1530.0,0.0,1781.818181818182,-251.81818181818198,OPTIMAL
6.0606060606060606,86.86868686868688,222,1530.0,0.0,1824.2424242424245,-294.2424242424245,OPTIMAL
6.0606060606060606,88.8888888888889,222,1530.0,0.0,1866.666666666667,-336.66666666666697,OPTIMAL
6.0606060606060606,90.90909090909092,217,1980.0,0.0,2363.636363636364,-383.63636363636397,OPTIMAL
6.0606060606060606,92.92929292929294,217,1980.0,0.0,2416.1616161616166,-436.1616161616166,OPTIMAL
6.0606060606060606,94.94949494949496,217,1980.0,0.0,2468.686868686869,-488.6868686868688,OPTIMAL
6.0606060606060606,96.96969696969697,217,1980.0,0.0,2521.212121212121,-541.212121212121,OPTIMAL
6.0606060606060606,98.98989898989899,217,1980.0,0.0,2573.7373737373737,-593.7373737373737,OPTIMAL
7.575757575757576,40.40404040404041,249,0.0,45.45454545454545,0.0,45.45454545454545,OPTIMAL
7.575757575757576,42.42424242424243,249,0.0,45.45454545454545,0.0,45.45454545454545,OPTIMAL
7.575757575757576,44.44444444444445,249,0.0,45.45454545454545,0.0,45.45454545454545,OPTIMAL
7.575757575757576,46.46464646464647,249,0.0,45.45454545454545,0.0,45.45454545454545,OPTIMAL
7.575757575757576,48.484848484848484,249,0.0,45.45454545454545,0.0,45.45454545454545,OPTIMAL
7.575757575757576,50.505050505050505,249,0.0,45.45454545454545,0.0,45.45454545454545,OPTIMAL
7.575757575757576,52.525252525252526,249,0.0,45.45454545454545,0.0,45.45454545454545,OPTIMAL
7.575757575757576,54.54545454545455,249,0.0,45.45454545454545,0.0,45.45454545454545,OPTIMAL
7.575757575757576,56.56565656565657,249,0.0,45.45454545454545,0.0,45.45454545454545,OPTIMAL
7.575757575757576,58.58585858585859,249,0.0,45.45454545454545,0.0,45.45454545454545,OPTIMAL
6.0606060606060606,101.01010101010101,217,1980.0,0.0,2626.2626262626263,-646.2626262626263,OPTIMAL
6.0606060606060606,103.03030303030303,217,1980.0,0.0,2678.787878787879,-698.787878787879,OPTIMAL
6.0606060606060606,105.05050505050505,217,1980.0,0.0,2731.313131313131,-751.3131313131312,OPTIMAL
6.0606060606060606,107.07070707070707,217,1980.0,0.0,2783.838383838384,-803.8383838383838,OPTIMAL
6.0606060606060606,109.0909090909091,217,1980.0,0.0,2836.3636363636365,-856.3636363636365,OPTIMAL
6.0606060606060606,111.11111111111111,212,2530.0,0.0,3444.4444444444443,-914.4444444444443,OPTIMAL
6.0606060606060606,113.13131313131314,212,2530.0,0.0,3507.070707070707,-977.0707070707072,OPTIMAL
6.0606060606060606,115.15151515151516,212,2530.0,0.0,3569.69696969697,-1039.69696969697,OPTIMAL
6.0606060606060606,117.17171717171718,212,2530.0,0.0,3632.3232323232323,-1102.3232323232323,OPTIMAL
6.0606060606060606,119.1919191919192,212,2530.0,0.0,3694.949494949495,-1164.9494949494951,OPTIMAL
4.545454545454545,181.81818181818184,202,4330.0,0.0,7454.545454545456,-3124.545454545456,OPTIMAL
4.545454545454545,183.83838383838386,202,4330.0,0.0,7537.373737373739,-3207.3737373737385,OPTIMAL
4.545454545454545,185.85858585858588,202,4330.0,0.0,7620.202020202021,-3290.2020202020212,OPTIMAL
4.545454545454545,187.8787878787879,202,4330.0,0.0,7703.030303030304,-3373.030303030304,OPTIMAL
4.545454545454545,189.89898989898992,202,4330.0,0.0,7785.858585858587,-3455.8585858585866,OPTIMAL
4.545454545454545,191.91919191919195,202,4330.0,0.0,7868.68686868687,-3538.68686868687,OPTIMAL
4.545454545454545,193.93939393939394,202,4330.0,0.0,7951.515151515151,-3621.515151515151,OPTIMAL
4.545454545454545,195.95959595959596,202,4330.0,0.0,8034.343434343435,-3704.3434343434346,OPTIMAL
4.545454545454545,197.97979797979798,202,4330.0,0.0,8117.171717171717,-3787.1717171717173,OPTIMAL
4.545454545454545,200.0,202,4330.0,0.0,8200.0,-3870.0,OPTIMAL
4.545454545454545,141.41414141414143,212,2530.0,0.0,4383.838383838384,-1853.8383838383843,OPTIMAL
4.545454545454545,143.43434343434345,212,2530.0,0.0,4446.464646464647,-1916.4646464646466,OPTIMAL
4.545454545454545,145.45454545454547,212,2530.0,0.0,4509.09090909091,-1979.09090909091,OPTIMAL
4.545454545454545,147.4747474747475,212,2530.0,0.0,4571.717171717172,-2041.7171717171723,OPTIMAL
4.545454545454545,149.4949494949495,212,2530.0,0.0,4634.343434343435,-2104.3434343434346,OPTIMAL
4.545454545454545,151.51515151515153,212,2530.0,0.0,4696.969696969697,-2166.969696969697,OPTIMAL
4.545454545454545,153.53535353535355,212,2530.0,0.0,4759.59595959596,-2229.5959595959603,OPTIMAL
4.545454545454545,155.55555555555557,212,2530.0,0.0,4822.222222222223,-2292.2222222222226,OPTIMAL
4.545454545454545,157.5757575757576,212,2530.0,0.0,4884.848484848485,-2354.848484848485,OPTIMAL
4.545454545454545,159.5959595959596,212,2530.0,0.0,4947.474747474748,-2417.4747474747483,OPTIMAL
4.545454545454545,121.21212121212122,212,2530.0,0.0,3757.575757575758,-1227.575757575758,OPTIMAL
4.545454545454545,123.23232323232324,212,2530.0,0.0,3820.2020202020203,-1290.2020202020203,OPTIMAL
4.545454545454545,125.25252525252526,212,2530.0,0.0,3882.828282828283,-1352.8282828282831,OPTIMAL
4.545454545454545,127.27272727272728,212,2530.0,0.0,3945.4545454545455,-1415.4545454545455,OPTIMAL
4.545454545454545,129.2929292929293,212,2530.0,0.0,4008.0808080808083,-1478.0808080808083,OPTIMAL
4.545454545454545,131.31313131313132,212,2530.0,0.0,4070.707070707071,-1540.7070707070711,OPTIMAL
4.545454545454545,133.33333333333334,212,2530.0,0.0,4133.333333333334,-1603.333333333334,OPTIMAL
4.545454545454545,135.35353535353536,212,2530.0,0.0,4195.959595959596,-1665.9595959595963,OPTIMAL
4.545454545454545,137.37373737373738,212,2530.0,0.0,4258.585858585859,-1728.5858585858587,OPTIMAL
4.545454545454545,139.3939393939394,212,2530.0,0.0,4321.212121212122,-1791.212121212122,OPTIMAL
7.575757575757576,60.60606060606061,249,0.0,45.45454545454545,0.0,45.45454545454545,OPTIMAL
7.575757575757576,62.62626262626263,234,600.0,0.0,563.6363636363636,36.363636363636374,OPTIMAL
7.575757575757576,64.64646464646465,234,600.0,0.0,581.8181818181819,18.18181818181813,OPTIMAL
7.575757575757576,66.66666666666667,234,600.0,0.0,600.0,0.0,OPTIMAL
7.575757575757576,68.68686868686869,234,600.0,0.0,618.1818181818182,-18.181818181818244,OPTIMAL
7.575757575757576,70.70707070707071,231,810.0,0.0,848.4848484848485,-38.4848484848485,OPTIMAL
7.575757575757576,72.72727272727273,231,810.0,0.0,872.7272727272727,-62.72727272727275,OPTIMAL
7.575757575757576,74.74747474747475,231,810.0,0.0,896.969696969697,-86.969696969697,OPTIMAL
7.575757575757576,76.76767676767678,231,810.0,0.0,921.2121212121212,-111.21212121212125,OPTIMAL
7.575757575757576,78.7878787878788,231,810.0,0.0,945.4545454545455,-135.4545454545455,OPTIMAL
4.545454545454545,161.61616161616163,212,2530.0,0.0,5010.101010101011,-2480.1010101010106,OPTIMAL
4.545454545454545,163.63636363636365,212,2530.0,0.0,5072.727272727273,-2542.727272727273,OPTIMAL
4.545454545454545,165.65656565656568,212,2530.0,0.0,5135.353535353536,-2605.3535353535362,OPTIMAL
4.545454545454545,167.6767676767677,212,2530.0,0.0,5197.979797979799,-2667.9797979797986,OPTIMAL
4.545454545454545,169.69696969696972,212,2530.0,0.0,5260.606060606061,-2730.606060606061,OPTIMAL
4.545454545454545,171.71717171717174,212,2530.0,0.0,5323.232323232324,-2793.2323232323242,OPTIMAL
4.545454545454545,173.73737373737376,212,2530.0,0.0,5385.858585858587,-2855.8585858585866,OPTIMAL
4.545454545454545,175.75757575757578,212,2530.0,0.0,5448.484848484849,-2918.484848484849,OPTIMAL
4.545454545454545,177.7777777777778,212,2530.0,0.0,5511.111111111112,-2981.111111111112,OPTIMAL
4.545454545454545,179.79797979797982,212,2530.0,0.0,5573.737373737375,-3043.7373737373746,OPTIMAL
9.09090909090909,0.0,249,0.0,54.54545454545454,0.0,54.54545454545454,OPTIMAL
9.09090909090909,2.0202020202020203,249,0.0,54.54545454545454,0.0,54.54545454545454,OPTIMAL
9.09090909090909,4.040404040404041,249,0.0,54.54545454545454,0.0,54.54545454545454,OPTIMAL
9.09090909090909,6.0606060606060606,249,0.0,54.54545454545454,0.0,54.54545454545454,OPTIMAL
9.09090909090909,8.080808080808081,249,0.0,54.54545454545454,0.0,54.54545454545454,OPTIMAL
9.09090909090909,10.101010101010102,249,0.0,54.54545454545454,0.0,54.54545454545454,OPTIMAL
9.09090909090909,12.121212121212121,249,0.0,54.54545454545454,0.0,54.54545454545454,OPTIMAL
9.09090909090909,14.141414141414142,249,0.0,54.54545454545454,0.0,54.54545454545454,OPTIMAL
9.09090909090909,16.161616161616163,249,0.0,54.54545454545454,0.0,54.54545454545454,OPTIMAL
9.09090909090909,18.181818181818183,249,0.0,54.54545454545454,0.0,54.54545454545454,OPTIMAL
9.09090909090909,20.202020202020204,249,0.0,54.54545454545454,0.0,54.54545454545454,OPTIMAL
9.09090909090909,22.222222222222225,249,0.0,54.54545454545454,0.0,54.54545454545454,OPTIMAL
9.09090909090909,24.242424242424242,249,0.0,54.54545454545454,0.0,54.54545454545454,OPTIMAL
9.09090909090909,26.262626262626263,249,0.0,54.54545454545454,0.0,54.54545454545454,OPTIMAL
9.09090909090909,28.282828282828284,249,0.0,54.54545454545454,0.0,54.54545454545454,OPTIMAL
9.09090909090909,30.303030303030305,249,0.0,54.54545454545454,0.0,54.54545454545454,OPTIMAL
9.09090909090909,32.323232323232325,249,0.0,54.54545454545454,0.0,54.54545454545454,OPTIMAL
9.09090909090909,34.343434343434346,249,0.0,54.54545454545454,0.0,54.54545454545454,OPTIMAL
9.09090909090909,36.36363636363637,249,0.0,54.54545454545454,0.0,54.54545454545454,OPTIMAL
9.09090909090909,38.38383838383839,249,0.0,54.54545454545454,0.0,54.54545454545454,OPTIMAL
9.09090909090909,40.40404040404041,249,0.0,54.54545454545454,0.0,54.54545454545454,OPTIMAL
9.09090909090909,42.42424242424243,249,0.0,54.54545454545454,0.0,54.54545454545454,OPTIMAL
9.09090909090909,44.44444444444445,249,0.0,54.54545454545454,0.0,54.54545454545454,OPTIMAL
9.09090909090909,46.46464646464647,249,0.0,54.54545454545454,0.0,54.54545454545454,OPTIMAL
9.09090909090909,48.484848484848484,249,0.0,54.54545454545454,0.0,54.54545454545454,OPTIMAL
9.09090909090909,50.505050505050505,249,0.0,54.54545454545454,0.0,54.54545454545454,OPTIMAL
9.09090909090909,52.525252525252526,249,0.0,54.54545454545454,0.0,54.54545454545454,OPTIMAL
9.09090909090909,54.54545454545455,249,0.0,54.54545454545454,0.0,54.54545454545454,OPTIMAL
9.09090909090909,56.56565656565657,249,0.0,54.54545454545454,0.0,54.54545454545454,OPTIMAL
9.09090909090909,58.58585858585859,249,0.0,54.54545454545454,0.0,54.54545454545454,OPTIMAL
6.0606060606060606,181.81818181818184,202,4330.0,0.0,7454.545454545456,-3124.545454545456,OPTIMAL
6.0606060606060606,183.83838383838386,202,4330.0,0.0,7537.373737373739,-3207.3737373737385,OPTIMAL
6.0606060606060606,185.85858585858588,202,4330.0,0.0,7620.202020202021,-3290.2020202020212,OPTIMAL
6.0606060606060606,187.8787878787879,202,4330.0,0.0,7703.030303030304,-3373.030303030304,OPTIMAL
6.0606060606060606,189.89898989898992,202,4330.0,0.0,7785.858585858587,-3455.8585858585866,OPTIMAL
6.0606060606060606,191.91919191919195,202,4330.0,0.0,7868.68686868687,-3538.68686868687,OPTIMAL
6.0606060606060606,193.93939393939394,202,4330.0,0.0,7951.515151515151,-3621.515151515151,OPTIMAL
6.0606060606060606,195.95959595959596,202,4330.0,0.0,8034.343434343435,-3704.3434343434346,OPTIMAL
6.0606060606060606,197.97979797979798,202,4330.0,0.0,8117.171717171717,-3787.1717171717173,OPTIMAL
6.0606060606060606,200.0,202,4330.0,0.0,8200.0,-3870.0,OPTIMAL
7.575757575757576,80.80808080808082,222,1530.0,0.0,1696.9696969696972,-166.96969696969722,OPTIMAL
7.575757575757576,82.82828282828284,222,1530.0,0.0,1739.3939393939395,-209.3939393939395,OPTIMAL
7.575757575757576,84.84848484848486,222,1530.0,0.0,1781.818181818182,-251.81818181818198,OPTIMAL
7.575757575757576,86.86868686868688,222,1530.0,0.0,1824.2424242424245,-294.2424242424245,OPTIMAL
7.575757575757576,88.8888888888889,222,1530.0,0.0,1866.666666666667,-336.66666666666697,OPTIMAL
7.575757575757576,90.90909090909092,217,1980.0,0.0,2363.636363636364,-383.63636363636397,OPTIMAL
7.575757575757576,92.92929292929294,217,1980.0,0.0,2416.1616161616166,-436.1616161616166,OPTIMAL
7.575757575757576,94.94949494949496,217,1980.0,0.0,2468.686868686869,-488.6868686868688,OPTIMAL
7.575757575757576,96.96969696969697,217,1980.0,0.0,2521.212121212121,-541.212121212121,OPTIMAL
7.575757575757576,98.98989898989899,217,1980.0,0.0,2573.7373737373737,-593.7373737373737,OPTIMAL
6.0606060606060606,121.21212121212122,212,2530.0,0.0,3757.575757575758,-1227.575757575758,OPTIMAL
6.0606060606060606,123.23232323232324,212,2530.0,0.0,3820.2020202020203,-1290.2020202020203,OPTIMAL
6.0606060606060606,125.25252525252526,212,2530.0,0.0,3882.828282828283,-1352.8282828282831,OPTIMAL
6.0606060606060606,127.27272727272728,212,2530.0,0.0,3945.4545454545455,-1415.4545454545455,OPTIMAL
6.0606060606060606,129.2929292929293,212,2530.0,0.0,4008.0808080808083,-1478.0808080808083,OPTIMAL
6.0606060606060606,131.31313131313132,212,2530.0,0.0,4070.707070707071,-1540.7070707070711,OPTIMAL
6.0606060606060606,133.33333333333334,212,2530.0,0.0,4133.333333333334,-1603.333333333334,OPTIMAL
6.0606060606060606,135.35353535353536,212,2530.0,0.0,4195.959595959596,-1665.9595959595963,OPTIMAL
6.0606060606060606,137.37373737373738,212,2530.0,0.0,4258.585858585859,-1728.5858585858587,OPTIMAL
6.0606060606060606,139.3939393939394,212,2530.0,0.0,4321.212121212122,-1791.212121212122,OPTIMAL
9.09090909090909,60.60606060606061,249,0.0,54.54545454545454,0.0,54.54545454545454,OPTIMAL
9.09090909090909,62.62626262626263,234,600.0,0.0,563.6363636363636,36.363636363636374,OPTIMAL
9.09090909090909,64.64646464646465,234,600.0,0.0,581.8181818181819,18.18181818181813,OPTIMAL
9.09090909090909,66.66666666666667,234,600.0,0.0,600.0,0.0,OPTIMAL
9.09090909090909,68.68686868686869,234,600.0,0.0,618.1818181818182,-18.181818181818244,OPTIMAL
9.09090909090909,70.70707070707071,231,810.0,0.0,848.4848484848485,-38.4848484848485,OPTIMAL
9.09090909090909,72.72727272727273,231,810.0,0.0,872.7272727272727,-62.72727272727275,OPTIMAL
9.09090909090909,74.74747474747475,231,810.0,0.0,896.969696969697,-86.969696969697,OPTIMAL
9.09090909090909,76.76767676767678,231,810.0,0.0,921.2121212121212,-111.21212121212125,OPTIMAL
9.09090909090909,78.7878787878788,231,810.0,0.0,945.4545454545455,-135.4545454545455,OPTIMAL
6.0606060606060606,141.41414141414143,212,2530.0,0.0,4383.838383838384,-1853.8383838383843,OPTIMAL
6.0606060606060606,143.43434343434345,212,2530.0,0.0,4446.464646464647,-1916.4646464646466,OPTIMAL
6.0606060606060606,145.45454545454547,212,2530.0,0.0,4509.09090909091,-1979.09090909091,OPTIMAL
6.0606060606060606,147.4747474747475,212,2530.0,0.0,4571.717171717172,-2041.7171717171723,OPTIMAL
6.0606060606060606,149.4949494949495,212,2530.0,0.0,4634.343434343435,-2104.3434343434346,OPTIMAL
6.0606060606060606,151.51515151515153,212,2530.0,0.0,4696.969696969697,-2166.969696969697,OPTIMAL
6.0606060606060606,153.53535353535355,212,2530.0,0.0,4759.59595959596,-2229.5959595959603,OPTIMAL
6.0606060606060606,155.55555555555557,212,2530.0,0.0,4822.222222222223,-2292.2222222222226,OPTIMAL
6.0606060606060606,157.5757575757576,212,2530.0,0.0,4884.848484848485,-2354.848484848485,OPTIMAL
6.0606060606060606,159.5959595959596,212,2530.0,0.0,4947.474747474748,-2417.4747474747483,OPTIMAL
10.606060606060606,20.202020202020204,249,0.0,63.63636363636363,0.0,63.63636363636363,OPTIMAL
10.606060606060606,22.222222222222225,249,0.0,63.63636363636363,0.0,63.63636363636363,OPTIMAL
10.606060606060606,24.242424242424242,249,0.0,63.63636363636363,0.0,63.63636363636363,OPTIMAL
10.606060606060606,26.262626262626263,249,0.0,63.63636363636363,0.0,63.63636363636363,OPTIMAL
10.606060606060606,28.282828282828284,249,0.0,63.63636363636363,0.0,63.63636363636363,OPTIMAL
10.606060606060606,30.303030303030305,249,0.0,63.63636363636363,0.0,63.63636363636363,OPTIMAL
10.606060606060606,32.323232323232325,249,0.0,63.63636363636363,0.0,63.63636363636363,OPTIMAL
10.606060606060606,34.343434343434346,249,0.0,63.63636363636363,0.0,63.63636363636363,OPTIMAL
10.606060606060606,36.36363636363637,249,0.0,63.63636363636363,0.0,63.63636363636363,OPTIMAL
10.606060606060606,38.38383838383839,249,0.0,63.63636363636363,0.0,63.63636363636363,OPTIMAL
10.606060606060606,0.0,249,0.0,63.63636363636363,0.0,63.63636363636363,OPTIMAL
10.606060606060606,2.0202020202020203,249,0.0,63.63636363636363,0.0,63.63636363636363,OPTIMAL
10.606060606060606,4.040404040404041,249,0.0,63.63636363636363,0.0,63.63636363636363,OPTIMAL
10.606060606060606,6.0606060606060606,249,0.0,63.63636363636363,0.0,63.63636363636363,OPTIMAL
10.606060606060606,8.080808080808081,249,0.0,63.63636363636363,0.0,63.63636363636363,OPTIMAL
10.606060606060606,10.101010101010102,249,0.0,63.63636363636363,0.0,63.63636363636363,OPTIMAL
10.606060606060606,12.121212121212121,249,0.0,63.63636363636363,0.0,63.63636363636363,OPTIMAL
10.606060606060606,14.141414141414142,249,0.0,63.63636363636363,0.0,63.63636363636363,OPTIMAL
10.606060606060606,16.161616161616163,249,0.0,63.63636363636363,0.0,63.63636363636363,OPTIMAL
10.606060606060606,18.181818181818183,249,0.0,63.63636363636363,0.0,63.63636363636363,OPTIMAL
9.09090909090909,80.80808080808082,222,1530.0,0.0,1696.9696969696972,-166.96969696969722,OPTIMAL
9.09090909090909,82.82828282828284,222,1530.0,0.0,1739.3939393939395,-209.3939393939395,OPTIMAL
9.09090909090909,84.84848484848486,222,1530.0,0.0,1781.818181818182,-251.81818181818198,OPTIMAL
9.09090909090909,86.86868686868688,222,1530.0,0.0,1824.2424242424245,-294.2424242424245,OPTIMAL
9.09090909090909,88.8888888888889,222,1530.0,0.0,1866.666666666667,-336.66666666666697,OPTIMAL
9.09090909090909,90.90909090909092,217,1980.0,0.0,2363.636363636364,-383.63636363636397,OPTIMAL
9.09090909090909,92.92929292929294,217,1980.0,0.0,2416.1616161616166,-436.1616161616166,OPTIMAL
9.09090909090909,94.94949494949496,217,1980.0,0.0,2468.686868686869,-488.6868686868688,OPTIMAL
9.09090909090909,96.96969696969697,217,1980.0,0.0,2521.212121212121,-541.212121212121,OPTIMAL
9.09090909090909,98.98989898989899,217,1980.0,0.0,2573.7373737373737,-593.7373737373737,OPTIMAL
6.0606060606060606,161.61616161616163,212,2530.0,0.0,5010.101010101011,-2480.1010101010106,OPTIMAL
6.0606060606060606,163.63636363636365,212,2530.0,0.0,5072.727272727273,-2542.727272727273,OPTIMAL
6.0606060606060606,165.65656565656568,212,2530.0,0.0,5135.353535353536,-2605.3535353535362,OPTIMAL
6.0606060606060606,167.6767676767677,212,2530.0,0.0,5197.979797979799,-2667.9797979797986,OPTIMAL
6.0606060606060606,169.69696969696972,212,2530.0,0.0,5260.606060606061,-2730.606060606061,OPTIMAL
6.0606060606060606,171.71717171717174,212,2530.0,0.0,5323.232323232324,-2793.2323232323242,OPTIMAL
6.0606060606060606,173.73737373737376,212,2530.0,0.0,5385.858585858587,-2855.8585858585866,OPTIMAL
6.0606060606060606,175.75757575757578,212,2530.0,0.0,5448.484848484849,-2918.484848484849,OPTIMAL
6.0606060606060606,177.7777777777778,212,2530.0,0.0,5511.111111111112,-2981.111111111112,OPTIMAL
6.0606060606060606,179.79797979797982,212,2530.0,0.0,5573.737373737375,-3043.7373737373746,OPTIMAL
7.575757575757576,101.01010101010101,217,1980.0,0.0,2626.2626262626263,-646.2626262626263,OPTIMAL
7.575757575757576,103.03030303030303,217,1980.0,0.0,2678.787878787879,-698.787878787879,OPTIMAL
7.575757575757576,105.05050505050505,217,1980.0,0.0,2731.313131313131,-751.3131313131312,OPTIMAL
7.575757575757576,107.07070707070707,217,1980.0,0.0,2783.838383838384,-803.8383838383838,OPTIMAL
7.575757575757576,109.0909090909091,217,1980.0,0.0,2836.3636363636365,-856.3636363636365,OPTIMAL
7.575757575757576,111.11111111111111,212,2530.0,0.0,3444.4444444444443,-914.4444444444443,OPTIMAL
7.575757575757576,113.13131313131314,212,2530.0,0.0,3507.070707070707,-977.0707070707072,OPTIMAL
7.575757575757576,115.15151515151516,212,2530.0,0.0,3569.69696969697,-1039.69696969697,OPTIMAL
7.575757575757576,117.17171717171718,212,2530.0,0.0,3632.3232323232323,-1102.3232323232323,OPTIMAL
7.575757575757576,119.1919191919192,212,2530.0,0.0,3694.949494949495,-1164.9494949494951,OPTIMAL
10.606060606060606,40.40404040404041,249,0.0,63.63636363636363,0.0,63.63636363636363,OPTIMAL
10.606060606060606,42.42424242424243,249,0.0,63.63636363636363,0.0,63.63636363636363,OPTIMAL
10.606060606060606,44.44444444444445,249,0.0,63.63636363636363,0.0,63.63636363636363,OPTIMAL
10.606060606060606,46.46464646464647,249,0.0,63.63636363636363,0.0,63.63636363636363,OPTIMAL
10.606060606060606,48.484848484848484,249,0.0,63.63636363636363,0.0,63.63636363636363,OPTIMAL
10.606060606060606,50.505050505050505,249,0.0,63.63636363636363,0.0,63.63636363636363,OPTIMAL
10.606060606060606,52.525252525252526,249,0.0,63.63636363636363,0.0,63.63636363636363,OPTIMAL
10.606060606060606,54.54545454545455,249,0.0,63.63636363636363,0.0,63.63636363636363,OPTIMAL
10.606060606060606,56.56565656565657,249,0.0,63.63636363636363,0.0,63.63636363636363,OPTIMAL
10.606060606060606,58.58585858585859,249,0.0,63.63636363636363,0.0,63.63636363636363,OPTIMAL
7.575757575757576,161.61616161616163,212,2530.0,0.0,5010.101010101011,-2480.1010101010106,OPTIMAL
7.575757575757576,163.63636363636365,212,2530.0,0.0,5072.727272727273,-2542.727272727273,OPTIMAL
7.575757575757576,165.65656565656568,212,2530.0,0.0,5135.353535353536,-2605.3535353535362,OPTIMAL
7.575757575757576,167.6767676767677,212,2530.0,0.0,5197.979797979799,-2667.9797979797986,OPTIMAL
7.575757575757576,169.69696969696972,212,2530.0,0.0,5260.606060606061,-2730.606060606061,OPTIMAL
7.575757575757576,171.71717171717174,212,2530.0,0.0,5323.232323232324,-2793.2323232323242,OPTIMAL
7.575757575757576,173.73737373737376,212,2530.0,0.0,5385.858585858587,-2855.8585858585866,OPTIMAL
7.575757575757576,175.75757575757578,212,2530.0,0.0,5448.484848484849,-2918.484848484849,OPTIMAL
7.575757575757576,177.7777777777778,212,2530.0,0.0,5511.111111111112,-2981.111111111112,OPTIMAL
7.575757575757576,179.79797979797982,212,2530.0,0.0,5573.737373737375,-3043.7373737373746,OPTIMAL
10.606060606060606,60.60606060606061,234,600.0,0.0,545.4545454545455,54.545454545454504,OPTIMAL
10.606060606060606,62.62626262626263,234,600.0,0.0,563.6363636363636,36.363636363636374,OPTIMAL
10.606060606060606,64.64646464646465,234,600.0,0.0,581.8181818181819,18.18181818181813,OPTIMAL
10.606060606060606,66.66666666666667,234,600.0,0.0,600.0,0.0,OPTIMAL
10.606060606060606,68.68686868686869,234,600.0,0.0,618.1818181818182,-18.181818181818244,OPTIMAL
10.606060606060606,70.70707070707071,231,810.0,0.0,848.4848484848485,-38.4848484848485,OPTIMAL
10.606060606060606,72.72727272727273,231,810.0,0.0,872.7272727272727,-62.72727272727275,OPTIMAL
10.606060606060606,74.74747474747475,231,810.0,0.0,896.969696969697,-86.969696969697,OPTIMAL
10.606060606060606,76.76767676767678,231,810.0,0.0,921.2121212121212,-111.21212121212125,OPTIMAL
10.606060606060606,78.7878787878788,231,810.0,0.0,945.4545454545455,-135.4545454545455,OPTIMAL
7.575757575757576,141.41414141414143,212,2530.0,0.0,4383.838383838384,-1853.8383838383843,OPTIMAL
7.575757575757576,143.43434343434345,212,2530.0,0.0,4446.464646464647,-1916.4646464646466,OPTIMAL
7.575757575757576,145.45454545454547,212,2530.0,0.0,4509.09090909091,-1979.09090909091,OPTIMAL
7.575757575757576,147.4747474747475,212,2530.0,0.0,4571.717171717172,-2041.7171717171723,OPTIMAL
7.575757575757576,149.4949494949495,212,2530.0,0.0,4634.343434343435,-2104.3434343434346,OPTIMAL
7.575757575757576,151.51515151515153,212,2530.0,0.0,4696.969696969697,-2166.969696969697,OPTIMAL
7.575757575757576,153.53535353535355,212,2530.0,0.0,4759.59595959596,-2229.5959595959603,OPTIMAL
7.575757575757576,155.55555555555557,212,2530.0,0.0,4822.222222222223,-2292.2222222222226,OPTIMAL
7.575757575757576,157.5757575757576,212,2530.0,0.0,4884.848484848485,-2354.848484848485,OPTIMAL
7.575757575757576,159.5959595959596,212,2530.0,0.0,4947.474747474748,-2417.4747474747483,OPTIMAL
9.09090909090909,101.01010101010101,217,1980.0,0.0,2626.2626262626263,-646.2626262626263,OPTIMAL
9.09090909090909,103.03030303030303,217,1980.0,0.0,2678.787878787879,-698.787878787879,OPTIMAL
9.09090909090909,105.05050505050505,217,1980.0,0.0,2731.313131313131,-751.3131313131312,OPTIMAL
9.09090909090909,107.07070707070707,217,1980.0,0.0,2783.838383838384,-803.8383838383838,OPTIMAL
9.09090909090909,109.0909090909091,217,1980.0,0.0,2836.3636363636365,-856.3636363636365,OPTIMAL
9.09090909090909,111.11111111111111,212,2530.0,0.0,3444.4444444444443,-914.4444444444443,OPTIMAL
9.09090909090909,113.13131313131314,212,2530.0,0.0,3507.070707070707,-977.0707070707072,OPTIMAL
9.09090909090909,115.15151515151516,212,2530.0,0.0,3569.69696969697,-1039.69696969697,OPTIMAL
9.09090909090909,117.17171717171718,212,2530.0,0.0,3632.3232323232323,-1102.3232323232323,OPTIMAL
9.09090909090909,119.1919191919192,212,2530.0,0.0,3694.949494949495,-1164.9494949494951,OPTIMAL
9.09090909090909,121.21212121212122,212,2530.0,0.0,3757.575757575758,-1227.575757575758,OPTIMAL
9.09090909090909,123.23232323232324,212,2530.0,0.0,3820.2020202020203,-1290.2020202020203,OPTIMAL
9.09090909090909,125.25252525252526,212,2530.0,0.0,3882.828282828283,-1352.8282828282831,OPTIMAL
9.09090909090909,127.27272727272728,212,2530.0,0.0,3945.4545454545455,-1415.4545454545455,OPTIMAL
9.09090909090909,129.2929292929293,212,2530.0,0.0,4008.0808080808083,-1478.0808080808083,OPTIMAL
9.09090909090909,131.31313131313132,212,2530.0,0.0,4070.707070707071,-1540.7070707070711,OPTIMAL
9.09090909090909,133.33333333333334,212,2530.0,0.0,4133.333333333334,-1603.333333333334,OPTIMAL
9.09090909090909,135.35353535353536,212,2530.0,0.0,4195.959595959596,-1665.9595959595963,OPTIMAL
9.09090909090909,137.37373737373738,212,2530.0,0.0,4258.585858585859,-1728.5858585858587,OPTIMAL
9.09090909090909,139.3939393939394,212,2530.0,0.0,4321.212121212122,-1791.212121212122,OPTIMAL
12.121212121212121,20.202020202020204,249,0.0,72.72727272727272,0.0,72.72727272727272,OPTIMAL
12.121212121212121,22.222222222222225,249,0.0,72.72727272727272,0.0,72.72727272727272,OPTIMAL
12.121212121212121,24.242424242424242,249,0.0,72.72727272727272,0.0,72.72727272727272,OPTIMAL
12.121212121212121,26.262626262626263,249,0.0,72.72727272727272,0.0,72.72727272727272,OPTIMAL
12.121212121212121,28.282828282828284,249,0.0,72.72727272727272,0.0,72.72727272727272,OPTIMAL
12.121212121212121,30.303030303030305,249,0.0,72.72727272727272,0.0,72.72727272727272,OPTIMAL
12.121212121212121,32.323232323232325,249,0.0,72.72727272727272,0.0,72.72727272727272,OPTIMAL
12.121212121212121,34.343434343434346,249,0.0,72.72727272727272,0.0,72.72727272727272,OPTIMAL
12.121212121212121,36.36363636363637,249,0.0,72.72727272727272,0.0,72.72727272727272,OPTIMAL
12.121212121212121,38.38383838383839,249,0.0,72.72727272727272,0.0,72.72727272727272,OPTIMAL
7.575757575757576,181.81818181818184,202,4330.0,0.0,7454.545454545456,-3124.545454545456,OPTIMAL
7.575757575757576,183.83838383838386,202,4330.0,0.0,7537.373737373739,-3207.3737373737385,OPTIMAL
7.575757575757576,185.85858585858588,202,4330.0,0.0,7620.202020202021,-3290.2020202020212,OPTIMAL
7.575757575757576,187.8787878787879,202,4330.0,0.0,7703.030303030304,-3373.030303030304,OPTIMAL
7.575757575757576,189.89898989898992,202,4330.0,0.0,7785.858585858587,-3455.8585858585866,OPTIMAL
7.575757575757576,191.91919191919195,202,4330.0,0.0,7868.68686868687,-3538.68686868687,OPTIMAL
7.575757575757576,193.93939393939394,202,4330.0,0.0,7951.515151515151,-3621.515151515151,OPTIMAL
7.575757575757576,195.95959595959596,202,4330.0,0.0,8034.343434343435,-3704.3434343434346,OPTIMAL
7.575757575757576,197.97979797979798,202,4330.0,0.0,8117.171717171717,-3787.1717171717173,OPTIMAL
7.575757575757576,200.0,202,4330.0,0.0,8200.0,-3870.0,OPTIMAL
12.121212121212121,0.0,249,0.0,72.72727272727272,0.0,72.72727272727272,OPTIMAL
12.121212121212121,2.0202020202020203,249,0.0,72.72727272727272,0.0,72.72727272727272,OPTIMAL
12.121212121212121,4.040404040404041,249,0.0,72.72727272727272,0.0,72.72727272727272,OPTIMAL
12.121212121212121,6.0606060606060606,249,0.0,72.72727272727272,0.0,72.72727272727272,OPTIMAL
12.121212121212121,8.080808080808081,249,0.0,72.72727272727272,0.0,72.72727272727272,OPTIMAL
12.121212121212121,10.101010101010102,249,0.0,72.72727272727272,0.0,72.72727272727272,OPTIMAL
12.121212121212121,12.121212121212121,249,0.0,72.72727272727272,0.0,72.72727272727272,OPTIMAL
12.121212121212121,14.141414141414142,249,0.0,72.72727272727272,0.0,72.72727272727272,OPTIMAL
12.121212121212121,16.161616161616163,249,0.0,72.72727272727272,0.0,72.72727272727272,OPTIMAL
12.121212121212121,18.181818181818183,249,0.0,72.72727272727272,0.0,72.72727272727272,OPTIMAL
7.575757575757576,121.21212121212122,212,2530.0,0.0,3757.575757575758,-1227.575757575758,OPTIMAL
7.575757575757576,123.23232323232324,212,2530.0,0.0,3820.2020202020203,-1290.2020202020203,OPTIMAL
7.575757575757576,125.25252525252526,212,2530.0,0.0,3882.828282828283,-1352.8282828282831,OPTIMAL
7.575757575757576,127.27272727272728,212,2530.0,0.0,3945.4545454545455,-1415.4545454545455,OPTIMAL
7.575757575757576,129.2929292929293,212,2530.0,0.0,4008.0808080808083,-1478.0808080808083,OPTIMAL
7.575757575757576,131.31313131313132,212,2530.0,0.0,4070.707070707071,-1540.7070707070711,OPTIMAL
7.575757575757576,133.33333333333334,212,2530.0,0.0,4133.333333333334,-1603.333333333334,OPTIMAL
7.575757575757576,135.35353535353536,212,2530.0,0.0,4195.959595959596,-1665.9595959595963,OPTIMAL
7.575757575757576,137.37373737373738,212,2530.0,0.0,4258.585858585859,-1728.5858585858587,OPTIMAL
7.575757575757576,139.3939393939394,212,2530.0,0.0,4321.212121212122,-1791.212121212122,OPTIMAL
12.121212121212121,40.40404040404041,249,0.0,72.72727272727272,0.0,72.72727272727272,OPTIMAL
12.121212121212121,42.42424242424243,249,0.0,72.72727272727272,0.0,72.72727272727272,OPTIMAL
12.121212121212121,44.44444444444445,249,0.0,72.72727272727272,0.0,72.72727272727272,OPTIMAL
12.121212121212121,46.46464646464647,249,0.0,72.72727272727272,0.0,72.72727272727272,OPTIMAL
12.121212121212121,48.484848484848484,249,0.0,72.72727272727272,0.0,72.72727272727272,OPTIMAL
12.121212121212121,50.505050505050505,249,0.0,72.72727272727272,0.0,72.72727272727272,OPTIMAL
12.121212121212121,52.525252525252526,249,0.0,72.72727272727272,0.0,72.72727272727272,OPTIMAL
12.121212121212121,54.54545454545455,249,0.0,72.72727272727272,0.0,72.72727272727272,OPTIMAL
12.121212121212121,56.56565656565657,249,0.0,72.72727272727272,0.0,72.72727272727272,OPTIMAL
12.121212121212121,58.58585858585859,237,420.0,0.0,351.5151515151515,68.4848484848485,OPTIMAL
9.09090909090909,181.81818181818184,202,4330.0,0.0,7454.545454545456,-3124.545454545456,OPTIMAL
9.09090909090909,183.83838383838386,202,4330.0,0.0,7537.373737373739,-3207.3737373737385,OPTIMAL
9.09090909090909,185.85858585858588,202,4330.0,0.0,7620.202020202021,-3290.2020202020212,OPTIMAL
9.09090909090909,187.8787878787879,202,4330.0,0.0,7703.030303030304,-3373.030303030304,OPTIMAL
9.09090909090909,189.89898989898992,202,4330.0,0.0,7785.858585858587,-3455.8585858585866,OPTIMAL
9.09090909090909,191.91919191919195,202,4330.0,0.0,7868.68686868687,-3538.68686868687,OPTIMAL
9.09090909090909,193.93939393939394,202,4330.0,0.0,7951.515151515151,-3621.515151515151,OPTIMAL
9.09090909090909,195.95959595959596,202,4330.0,0.0,8034.343434343435,-3704.3434343434346,OPTIMAL
9.09090909090909,197.97979797979798,202,4330.0,0.0,8117.171717171717,-3787.1717171717173,OPTIMAL
9.09090909090909,200.0,202,4330.0,0.0,8200.0,-3870.0,OPTIMAL
10.606060606060606,80.80808080808082,222,1530.0,0.0,1696.9696969696972,-166.96969696969722,OPTIMAL
10.606060606060606,82.82828282828284,222,1530.0,0.0,1739.3939393939395,-209.3939393939395,OPTIMAL
10.606060606060606,84.84848484848486,222,1530.0,0.0,1781.818181818182,-251.81818181818198,OPTIMAL
10.606060606060606,86.86868686868688,222,1530.0,0.0,1824.2424242424245,-294.2424242424245,OPTIMAL
10.606060606060606,88.8888888888889,222,1530.0,0.0,1866.666666666667,-336.66666666666697,OPTIMAL
10.606060606060606,90.90909090909092,217,1980.0,0.0,2363.636363636364,-383.63636363636397,OPTIMAL
10.606060606060606,92.92929292929294,217,1980.0,0.0,2416.1616161616166,-436.1616161616166,OPTIMAL
10.606060606060606,94.94949494949496,217,1980.0,0.0,2468.686868686869,-488.6868686868688,OPTIMAL
10.606060606060606,96.96969696969697,217,1980.0,0.0,2521.212121212121,-541.212121212121,OPTIMAL
10.606060606060606,98.98989898989899,217,1980.0,0.0,2573.7373737373737,-593.7373737373737,OPTIMAL
9.09090909090909,141.41414141414143,212,2530.0,0.0,4383.838383838384,-1853.8383838383843,OPTIMAL
9.09090909090909,143.43434343434345,212,2530.0,0.0,4446.464646464647,-1916.4646464646466,OPTIMAL
9.09090909090909,145.45454545454547,212,2530.0,0.0,4509.09090909091,-1979.09090909091,OPTIMAL
9.09090909090909,147.4747474747475,212,2530.0,0.0,4571.717171717172,-2041.7171717171723,OPTIMAL
9.09090909090909,149.4949494949495,212,2530.0,0.0,4634.343434343435,-2104.3434343434346,OPTIMAL
9.09090909090909,151.51515151515153,212,2530.0,0.0,4696.969696969697,-2166.969696969697,OPTIMAL
9.09090909090909,153.53535353535355,212,2530.0,0.0,4759.59595959596,-2229.5959595959603,OPTIMAL
9.09090909090909,155.55555555555557,212,2530.0,0.0,4822.222222222223,-2292.2222222222226,OPTIMAL
9.09090909090909,157.5757575757576,212,2530.0,0.0,4884.848484848485,-2354.848484848485,OPTIMAL
9.09090909090909,159.5959595959596,212,2530.0,0.0,4947.474747474748,-2417.4747474747483,OPTIMAL
13.636363636363637,0.0,249,0.0,81.81818181818181,0.0,81.81818181818181,OPTIMAL
13.636363636363637,2.0202020202020203,249,0.0,81.81818181818181,0.0,81.81818181818181,OPTIMAL
13.636363636363637,4.040404040404041,249,0.0,81.81818181818181,0.0,81.81818181818181,OPTIMAL
13.636363636363637,6.0606060606060606,249,0.0,81.81818181818181,0.0,81.81818181818181,OPTIMAL
13.636363636363637,8.080808080808081,249,0.0,81.81818181818181,0.0,81.81818181818181,OPTIMAL
13.636363636363637,10.101010101010102,249,0.0,81.81818181818181,0.0,81.81818181818181,OPTIMAL
13.636363636363637,12.121212121212121,249,0.0,81.81818181818181,0.0,81.81818181818181,OPTIMAL
13.636363636363637,14.141414141414142,249,0.0,81.81818181818181,0.0,81.81818181818181,OPTIMAL
13.636363636363637,16.161616161616163,249,0.0,81.81818181818181,0.0,81.81818181818181,OPTIMAL
13.636363636363637,18.181818181818183,249,0.0,81.81818181818181,0.0,81.81818181818181,OPTIMAL
10.606060606060606,101.01010101010101,217,1980.0,0.0,2626.2626262626263,-646.2626262626263,OPTIMAL
10.606060606060606,103.03030303030303,217,1980.0,0.0,2678.787878787879,-698.787878787879,OPTIMAL
10.606060606060606,105.05050505050505,217,1980.0,0.0,2731.313131313131,-751.3131313131312,OPTIMAL
10.606060606060606,107.07070707070707,217,1980.0,0.0,2783.838383838384,-803.8383838383838,OPTIMAL
10.606060606060606,109.0909090909091,217,1980.0,0.0,2836.3636363636365,-856.3636363636365,OPTIMAL
10.606060606060606,111.11111111111111,212,2530.0,0.0,3444.4444444444443,-914.4444444444443,OPTIMAL
10.606060606060606,113.13131313131314,212,2530.0,0.0,3507.070707070707,-977.0707070707072,OPTIMAL
10.606060606060606,115.15151515151516,212,2530.0,0.0,3569.69696969697,-1039.69696969697,OPTIMAL
10.606060606060606,117.17171717171718,212,2530.0,0.0,3632.3232323232323,-1102.3232323232323,OPTIMAL
10.606060606060606,119.1919191919192,212,2530.0,0.0,3694.949494949495,-1164.9494949494951,OPTIMAL
9.09090909090909,161.61616161616163,212,2530.0,0.0,5010.101010101011,-2480.1010101010106,OPTIMAL
9.09090909090909,163.63636363636365,212,2530.0,0.0,5072.727272727273,-2542.727272727273,OPTIMAL
9.09090909090909,165.65656565656568,212,2530.0,0.0,5135.353535353536,-2605.3535353535362,OPTIMAL
9.09090909090909,167.6767676767677,212,2530.0,0.0,5197.979797979799,-2667.9797979797986,OPTIMAL
9.09090909090909,169.69696969696972,212,2530.0,0.0,5260.606060606061,-2730.606060606061,OPTIMAL
9.09090909090909,171.71717171717174,212,2530.0,0.0,5323.232323232324,-2793.2323232323242,OPTIMAL
9.09090909090909,173.73737373737376,212,2530.0,0.0,5385.858585858587,-2855.8585858585866,OPTIMAL
9.09090909090909,175.75757575757578,212,2530.0,0.0,5448.484848484849,-2918.484848484849,OPTIMAL
9.09090909090909,177.7777777777778,212,2530.0,0.0,5511.111111111112,-2981.111111111112,OPTIMAL
9.09090909090909,179.79797979797982,212,2530.0,0.0,5573.737373737375,-3043.7373737373746,OPTIMAL
13.636363636363637,20.202020202020204,249,0.0,81.81818181818181,0.0,81.81818181818181,OPTIMAL
13.636363636363637,22.222222222222225,249,0.0,81.81818181818181,0.0,81.81818181818181,OPTIMAL
13.636363636363637,24.242424242424242,249,0.0,81.81818181818181,0.0,81.81818181818181,OPTIMAL
13.636363636363637,26.262626262626263,249,0.0,81.81818181818181,0.0,81.81818181818181,OPTIMAL
13.636363636363637,28.282828282828284,249,0.0,81.81818181818181,0.0,81.81818181818181,OPTIMAL
13.636363636363637,30.303030303030305,249,0.0,81.81818181818181,0.0,81.81818181818181,OPTIMAL
13.636363636363637,32.323232323232325,249,0.0,81.81818181818181,0.0,81.81818181818181,OPTIMAL
13.636363636363637,34.343434343434346,249,0.0,81.81818181818181,0.0,81.81818181818181,OPTIMAL
13.636363636363637,36.36363636363637,249,0.0,81.81818181818181,0.0,81.81818181818181,OPTIMAL
13.636363636363637,38.38383838383839,249,0.0,81.81818181818181,0.0,81.81818181818181,OPTIMAL
12.121212121212121,60.60606060606061,234,600.0,0.0,545.4545454545455,54.545454545454504,OPTIMAL
12.121212121212121,62.62626262626263,234,600.0,0.0,563.6363636363636,36.363636363636374,OPTIMAL
12.121212121212121,64.64646464646465,234,600.0,0.0,581.8181818181819,18.18181818181813,OPTIMAL
12.121212121212121,66.66666666666667,234,600.0,0.0,600.0,0.0,OPTIMAL
12.121212121212121,68.68686868686869,234,600.0,0.0,618.1818181818182,-18.181818181818244,OPTIMAL
12.121212121212121,70.70707070707071,231,810.0,0.0,848.4848484848485,-38.4848484848485,OPTIMAL
12.121212121212121,72.72727272727273,231,810.0,0.0,872.7272727272727,-62.72727272727275,OPTIMAL
12.121212121212121,74.74747474747475,231,810.0,0.0,896.969696969697,-86.969696969697,OPTIMAL
12.121212121212121,76.76767676767678,231,810.0,0.0,921.2121212121212,-111.21212121212125,OPTIMAL
12.121212121212121,78.7878787878788,231,810.0,0.0,945.4545454545455,-135.4545454545455,OPTIMAL
10.606060606060606,141.41414141414143,212,2530.0,0.0,4383.838383838384,-1853.8383838383843,OPTIMAL
10.606060606060606,143.43434343434345,212,2530.0,0.0,4446.464646464647,-1916.4646464646466,OPTIMAL
10.606060606060606,145.45454545454547,212,2530.0,0.0,4509.09090909091,-1979.09090909091,OPTIMAL
10.606060606060606,147.4747474747475,212,2530.0,0.0,4571.717171717172,-2041.7171717171723,OPTIMAL
10.606060606060606,149.4949494949495,212,2530.0,0.0,4634.343434343435,-2104.3434343434346,OPTIMAL
10.606060606060606,151.51515151515153,212,2530.0,0.0,4696.969696969697,-2166.969696969697,OPTIMAL
10.606060606060606,153.53535353535355,212,2530.0,0.0,4759.59595959596,-2229.5959595959603,OPTIMAL
10.606060606060606,155.55555555555557,212,2530.0,0.0,4822.222222222223,-2292.2222222222226,OPTIMAL
10.606060606060606,157.5757575757576,212,2530.0,0.0,4884.848484848485,-2354.848484848485,OPTIMAL
10.606060606060606,159.5959595959596,212,2530.0,0.0,4947.474747474748,-2417.4747474747483,OPTIMAL
13.636363636363637,40.40404040404041,249,0.0,81.81818181818181,0.0,81.81818181818181,OPTIMAL
13.636363636363637,42.42424242424243,249,0.0,81.81818181818181,0.0,81.81818181818181,OPTIMAL
13.636363636363637,44.44444444444445,249,0.0,81.81818181818181,0.0,81.81818181818181,OPTIMAL
13.636363636363637,46.46464646464647,249,0.0,81.81818181818181,0.0,81.81818181818181,OPTIMAL
13.636363636363637,48.484848484848484,249,0.0,81.81818181818181,0.0,81.81818181818181,OPTIMAL
13.636363636363637,50.505050505050505,249,0.0,81.81818181818181,0.0,81.81818181818181,OPTIMAL
13.636363636363637,52.525252525252526,249,0.0,81.81818181818181,0.0,81.81818181818181,OPTIMAL
13.636363636363637,54.54545454545455,249,0.0,81.81818181818181,0.0,81.81818181818181,OPTIMAL
13.636363636363637,56.56565656565657,237,420.0,0.0,339.3939393939394,80.60606060606062,OPTIMAL
13.636363636363637,58.58585858585859,237,420.0,0.0,351.5151515151515,68.4848484848485,OPTIMAL
12.121212121212121,80.80808080808082,222,1530.0,0.0,1696.9696969696972,-166.96969696969722,OPTIMAL
12.121212121212121,82.82828282828284,222,1530.0,0.0,1739.3939393939395,-209.3939393939395,OPTIMAL
12.121212121212121,84.84848484848486,222,1530.0,0.0,1781.818181818182,-251.81818181818198,OPTIMAL
12.121212121212121,86.86868686868688,222,1530.0,0.0,1824.2424242424245,-294.2424242424245,OPTIMAL
12.121212121212121,88.8888888888889,222,1530.0,0.0,1866.666666666667,-336.66666666666697,OPTIMAL
12.121212121212121,90.90909090909092,217,1980.0,0.0,2363.636363636364,-383.63636363636397,OPTIMAL
12.121212121212121,92.92929292929294,217,1980.0,0.0,2416.1616161616166,-436.1616161616166,OPTIMAL
12.121212121212121,94.94949494949496,217,1980.0,0.0,2468.686868686869,-488.6868686868688,OPTIMAL
12.121212121212121,96.96969696969697,217,1980.0,0.0,2521.212121212121,-541.212121212121,OPTIMAL
12.121212121212121,98.98989898989899,217,1980.0,0.0,2573.7373737373737,-593.7373737373737,OPTIMAL
10.606060606060606,161.61616161616163,212,2530.0,0.0,5010.101010101011,-2480.1010101010106,OPTIMAL
10.606060606060606,163.63636363636365,212,2530.0,0.0,5072.727272727273,-2542.727272727273,OPTIMAL
10.606060606060606,165.65656565656568,212,2530.0,0.0,5135.353535353536,-2605.3535353535362,OPTIMAL
10.606060606060606,167.6767676767677,212,2530.0,0.0,5197.979797979799,-2667.9797979797986,OPTIMAL
10.606060606060606,169.69696969696972,212,2530.0,0.0,5260.606060606061,-2730.606060606061,OPTIMAL
10.606060606060606,171.71717171717174,212,2530.0,0.0,5323.232323232324,-2793.2323232323242,OPTIMAL
10.606060606060606,173.73737373737376,212,2530.0,0.0,5385.858585858587,-2855.8585858585866,OPTIMAL
10.606060606060606,175.75757575757578,212,2530.0,0.0,5448.484848484849,-2918.484848484849,OPTIMAL
10.606060606060606,177.7777777777778,212,2530.0,0.0,5511.111111111112,-2981.111111111112,OPTIMAL
10.606060606060606,179.79797979797982,212,2530.0,0.0,5573.737373737375,-3043.7373737373746,OPTIMAL
15.151515151515152,0.0,249,0.0,90.9090909090909,0.0,90.9090909090909,OPTIMAL
15.151515151515152,2.0202020202020203,249,0.0,90.9090909090909,0.0,90.9090909090909,OPTIMAL
15.151515151515152,4.040404040404041,249,0.0,90.9090909090909,0.0,90.9090909090909,OPTIMAL
15.151515151515152,6.0606060606060606,249,0.0,90.9090909090909,0.0,90.9090909090909,OPTIMAL
15.151515151515152,8.080808080808081,249,0.0,90.9090909090909,0.0,90.9090909090909,OPTIMAL
15.151515151515152,10.101010101010102,249,0.0,90.9090909090909,0.0,90.9090909090909,OPTIMAL
15.151515151515152,12.121212121212121,249,0.0,90.9090909090909,0.0,90.9090909090909,OPTIMAL
15.151515151515152,14.141414141414142,249,0.0,90.9090909090909,0.0,90.9090909090909,OPTIMAL
15.151515151515152,16.161616161616163,249,0.0,90.9090909090909,0.0,90.9090909090909,OPTIMAL
15.151515151515152,18.181818181818183,249,0.0,90.9090909090909,0.0,90.9090909090909,OPTIMAL
12.121212121212121,101.01010101010101,217,1980.0,0.0,2626.2626262626263,-646.2626262626263,OPTIMAL
12.121212121212121,103.03030303030303,217,1980.0,0.0,2678.787878787879,-698.787878787879,OPTIMAL
12.121212121212121,105.05050505050505,217,1980.0,0.0,2731.313131313131,-751.3131313131312,OPTIMAL
12.121212121212121,107.07070707070707,217,1980.0,0.0,2783.838383838384,-803.8383838383838,OPTIMAL
12.121212121212121,109.0909090909091,217,1980.0,0.0,2836.3636363636365,-856.3636363636365,OPTIMAL
12.121212121212121,111.11111111111111,212,2530.0,0.0,3444.4444444444443,-914.4444444444443,OPTIMAL
12.121212121212121,113.13131313131314,212,2530.0,0.0,3507.070707070707,-977.0707070707072,OPTIMAL
12.121212121212121,115.15151515151516,212,2530.0,0.0,3569.69696969697,-1039.69696969697,OPTIMAL
12.121212121212121,117.17171717171718,212,2530.0,0.0,3632.3232323232323,-1102.3232323232323,OPTIMAL
12.121212121212121,119.1919191919192,212,2530.0,0.0,3694.949494949495,-1164.9494949494951,OPTIMAL
13.636363636363637,60.60606060606061,234,600.0,0.0,545.4545454545455,54.545454545454504,OPTIMAL
13.636363636363637,62.62626262626263,234,600.0,0.0,563.6363636363636,36.363636363636374,OPTIMAL
13.636363636363637,64.64646464646465,234,600.0,0.0,581.8181818181819,18.18181818181813,OPTIMAL
13.636363636363637,66.66666666666667,234,600.0,0.0,600.0,0.0,OPTIMAL
13.636363636363637,68.68686868686869,234,600.0,0.0,618.1818181818182,-18.181818181818244,OPTIMAL
13.636363636363637,70.70707070707071,231,810.0,0.0,848.4848484848485,-38.4848484848485,OPTIMAL
13.636363636363637,72.72727272727273,231,810.0,0.0,872.7272727272727,-62.72727272727275,OPTIMAL
13.636363636363637,74.74747474747475,231,810.0,0.0,896.969696969697,-86.969696969697,OPTIMAL
13.636363636363637,76.76767676767678,231,810.0,0.0,921.2121212121212,-111.21212121212125,OPTIMAL
13.636363636363637,78.7878787878788,231,810.0,0.0,945.4545454545455,-135.4545454545455,OPTIMAL
10.606060606060606,121.21212121212122,212,2530.0,0.0,3757.575757575758,-1227.575757575758,OPTIMAL
10.606060606060606,123.23232323232324,212,2530.0,0.0,3820.2020202020203,-1290.2020202020203,OPTIMAL
10.606060606060606,125.25252525252526,212,2530.0,0.0,3882.828282828283,-1352.8282828282831,OPTIMAL
10.606060606060606,127.27272727272728,212,2530.0,0.0,3945.4545454545455,-1415.4545454545455,OPTIMAL
10.606060606060606,129.2929292929293,212,2530.0,0.0,4008.0808080808083,-1478.0808080808083,OPTIMAL
10.606060606060606,131.31313131313132,212,2530.0,0.0,4070.707070707071,-1540.7070707070711,OPTIMAL
10.606060606060606,133.33333333333334,212,2530.0,0.0,4133.333333333334,-1603.333333333334,OPTIMAL
10.606060606060606,135.35353535353536,212,2530.0,0.0,4195.959595959596,-1665.9595959595963,OPTIMAL
10.606060606060606,137.37373737373738,212,2530.0,0.0,4258.585858585859,-1728.5858585858587,OPTIMAL
10.606060606060606,139.3939393939394,212,2530.0,0.0,4321.212121212122,-1791.212121212122,OPTIMAL
15.151515151515152,20.202020202020204,249,0.0,90.9090909090909,0.0,90.9090909090909,OPTIMAL
15.151515151515152,22.222222222222225,249,0.0,90.9090909090909,0.0,90.9090909090909,OPTIMAL
15.151515151515152,24.242424242424242,249,0.0,90.9090909090909,0.0,90.9090909090909,OPTIMAL
15.151515151515152,26.262626262626263,249,0.0,90.9090909090909,0.0,90.9090909090909,OPTIMAL
15.151515151515152,28.282828282828284,249,0.0,90.9090909090909,0.0,90.9090909090909,OPTIMAL
15.151515151515152,30.303030303030305,249,0.0,90.9090909090909,0.0,90.9090909090909,OPTIMAL
15.151515151515152,32.323232323232325,249,0.0,90.9090909090909,0.0,90.9090909090909,OPTIMAL
15.151515151515152,34.343434343434346,249,0.0,90.9090909090909,0.0,90.9090909090909,OPTIMAL
15.151515151515152,36.36363636363637,249,0.0,90.9090909090909,0.0,90.9090909090909,OPTIMAL
15.151515151515152,38.38383838383839,249,0.0,90.9090909090909,0.0,90.9090909090909,OPTIMAL
10.606060606060606,181.81818181818184,202,4330.0,0.0,7454.545454545456,-3124.545454545456,OPTIMAL
10.606060606060606,183.83838383838386,202,4330.0,0.0,7537.373737373739,-3207.3737373737385,OPTIMAL
10.606060606060606,185.85858585858588,202,4330.0,0.0,7620.202020202021,-3290.2020202020212,OPTIMAL
10.606060606060606,187.8787878787879,202,4330.0,0.0,7703.030303030304,-3373.030303030304,OPTIMAL
10.606060606060606,189.89898989898992,202,4330.0,0.0,7785.858585858587,-3455.8585858585866,OPTIMAL
10.606060606060606,191.91919191919195,202,4330.0,0.0,7868.68686868687,-3538.68686868687,OPTIMAL
10.606060606060606,193.93939393939394,202,4330.0,0.0,7951.515151515151,-3621.515151515151,OPTIMAL
10.606060606060606,195.95959595959596,202,4330.0,0.0,8034.343434343435,-3704.3434343434346,OPTIMAL
10.606060606060606,197.97979797979798,202,4330.0,0.0,8117.171717171717,-3787.1717171717173,OPTIMAL
10.606060606060606,200.0,202,4330.0,0.0,8200.0,-3870.0,OPTIMAL
15.151515151515152,40.40404040404041,249,0.0,90.9090909090909,0.0,90.9090909090909,OPTIMAL
15.151515151515152,42.42424242424243,249,0.0,90.9090909090909,0.0,90.9090909090909,OPTIMAL
15.151515151515152,44.44444444444445,249,0.0,90.9090909090909,0.0,90.9090909090909,OPTIMAL
15.151515151515152,46.46464646464647,249,0.0,90.9090909090909,0.0,90.9090909090909,OPTIMAL
15.151515151515152,48.484848484848484,249,0.0,90.9090909090909,0.0,90.9090909090909,OPTIMAL
15.151515151515152,50.505050505050505,249,0.0,90.9090909090909,0.0,90.9090909090909,OPTIMAL
15.151515151515152,52.525252525252526,249,0.0,90.9090909090909,0.0,90.9090909090909,OPTIMAL
15.151515151515152,54.54545454545455,249,0.0,90.9090909090909,0.0,90.9090909090909,OPTIMAL
15.151515151515152,56.56565656565657,237,420.0,0.0,339.3939393939394,80.60606060606062,OPTIMAL
15.151515151515152,58.58585858585859,237,420.0,0.0,351.5151515151515,68.4848484848485,OPTIMAL
12.121212121212121,121.21212121212122,212,2530.0,0.0,3757.575757575758,-1227.575757575758,OPTIMAL
12.121212121212121,123.23232323232324,212,2530.0,0.0,3820.2020202020203,-1290.2020202020203,OPTIMAL
12.121212121212121,125.25252525252526,212,2530.0,0.0,3882.828282828283,-1352.8282828282831,OPTIMAL
12.121212121212121,127.27272727272728,212,2530.0,0.0,3945.4545454545455,-1415.4545454545455,OPTIMAL
12.121212121212121,129.2929292929293,212,2530.0,0.0,4008.0808080808083,-1478.0808080808083,OPTIMAL
12.121212121212121,131.31313131313132,212,2530.0,0.0,4070.707070707071,-1540.7070707070711,OPTIMAL
12.121212121212121,133.33333333333334,212,2530.0,0.0,4133.333333333334,-1603.333333333334,OPTIMAL
12.121212121212121,135.35353535353536,212,2530.0,0.0,4195.959595959596,-1665.9595959595963,OPTIMAL
12.121212121212121,137.37373737373738,212,2530.0,0.0,4258.585858585859,-1728.5858585858587,OPTIMAL
12.121212121212121,139.3939393939394,212,2530.0,0.0,4321.212121212122,-1791.212121212122,OPTIMAL
13.636363636363637,80.80808080808082,222,1530.0,0.0,1696.9696969696972,-166.96969696969722,OPTIMAL
13.636363636363637,82.82828282828284,222,1530.0,0.0,1739.3939393939395,-209.3939393939395,OPTIMAL
13.636363636363637,84.84848484848486,222,1530.0,0.0,1781.818181818182,-251.81818181818198,OPTIMAL
13.636363636363637,86.86868686868688,222,1530.0,0.0,1824.2424242424245,-294.2424242424245,OPTIMAL
13.636363636363637,88.8888888888889,222,1530.0,0.0,1866.666666666667,-336.66666666666697,OPTIMAL
13.636363636363637,90.90909090909092,217,1980.0,0.0,2363.636363636364,-383.63636363636397,OPTIMAL
13.636363636363637,92.92929292929294,217,1980.0,0.0,2416.1616161616166,-436.1616161616166,OPTIMAL
13.636363636363637,94.94949494949496,217,1980.0,0.0,2468.686868686869,-488.6868686868688,OPTIMAL
13.636363636363637,96.96969696969697,217,1980.0,0.0,2521.212121212121,-541.212121212121,OPTIMAL
13.636363636363637,98.98989898989899,217,1980.0,0.0,2573.7373737373737,-593.7373737373737,OPTIMAL
12.121212121212121,161.61616161616163,212,2530.0,0.0,5010.101010101011,-2480.1010101010106,OPTIMAL
12.121212121212121,163.63636363636365,212,2530.0,0.0,5072.727272727273,-2542.727272727273,OPTIMAL
12.121212121212121,165.65656565656568,212,2530.0,0.0,5135.353535353536,-2605.3535353535362,OPTIMAL
12.121212121212121,167.6767676767677,212,2530.0,0.0,5197.979797979799,-2667.9797979797986,OPTIMAL
12.121212121212121,169.69696969696972,212,2530.0,0.0,5260.606060606061,-2730.606060606061,OPTIMAL
12.121212121212121,171.71717171717174,212,2530.0,0.0,5323.232323232324,-2793.2323232323242,OPTIMAL
12.121212121212121,173.73737373737376,212,2530.0,0.0,5385.858585858587,-2855.8585858585866,OPTIMAL
12.121212121212121,175.75757575757578,212,2530.0,0.0,5448.484848484849,-2918.484848484849,OPTIMAL
12.121212121212121,177.7777777777778,212,2530.0,0.0,5511.111111111112,-2981.111111111112,OPTIMAL
12.121212121212121,179.79797979797982,212,2530.0,0.0,5573.737373737375,-3043.7373737373746,OPTIMAL
15.151515151515152,60.60606060606061,234,600.0,0.0,545.4545454545455,54.545454545454504,OPTIMAL
15.151515151515152,62.62626262626263,234,600.0,0.0,563.6363636363636,36.363636363636374,OPTIMAL
15.151515151515152,64.64646464646465,234,600.0,0.0,581.8181818181819,18.18181818181813,OPTIMAL
15.151515151515152,66.66666666666667,234,600.0,0.0,600.0,0.0,OPTIMAL
15.151515151515152,68.68686868686869,234,600.0,0.0,618.1818181818182,-18.181818181818244,OPTIMAL
15.151515151515152,70.70707070707071,231,810.0,0.0,848.4848484848485,-38.4848484848485,OPTIMAL
15.151515151515152,72.72727272727273,231,810.0,0.0,872.7272727272727,-62.72727272727275,OPTIMAL
15.151515151515152,74.74747474747475,231,810.0,0.0,896.969696969697,-86.969696969697,OPTIMAL
15.151515151515152,76.76767676767678,231,810.0,0.0,921.2121212121212,-111.21212121212125,OPTIMAL
15.151515151515152,78.7878787878788,231,810.0,0.0,945.4545454545455,-135.4545454545455,OPTIMAL
16.666666666666668,0.0,249,0.0,100.0,0.0,100.0,OPTIMAL
16.666666666666668,2.0202020202020203,249,0.0,100.0,0.0,100.0,OPTIMAL
16.666666666666668,4.040404040404041,249,0.0,100.0,0.0,100.0,OPTIMAL
16.666666666666668,6.0606060606060606,249,0.0,100.0,0.0,100.0,OPTIMAL
16.666666666666668,8.080808080808081,249,0.0,100.0,0.0,100.0,OPTIMAL
16.666666666666668,10.101010101010102,249,0.0,100.0,0.0,100.0,OPTIMAL
16.666666666666668,12.121212121212121,249,0.0,100.0,0.0,100.0,OPTIMAL
16.666666666666668,14.141414141414142,249,0.0,100.0,0.0,100.0,OPTIMAL
16.666666666666668,16.161616161616163,249,0.0,100.0,0.0,100.0,OPTIMAL
16.666666666666668,18.181818181818183,249,0.0,100.0,0.0,100.0,OPTIMAL
13.636363636363637,101.01010101010101,217,1980.0,0.0,2626.2626262626263,-646.2626262626263,OPTIMAL
13.636363636363637,103.03030303030303,217,1980.0,0.0,2678.787878787879,-698.787878787879,OPTIMAL
13.636363636363637,105.05050505050505,217,1980.0,0.0,2731.313131313131,-751.3131313131312,OPTIMAL
13.636363636363637,107.07070707070707,217,1980.0,0.0,2783.838383838384,-803.8383838383838,OPTIMAL
13.636363636363637,109.0909090909091,217,1980.0,0.0,2836.3636363636365,-856.3636363636365,OPTIMAL
13.636363636363637,111.11111111111111,212,2530.0,0.0,3444.4444444444443,-914.4444444444443,OPTIMAL
13.636363636363637,113.13131313131314,212,2530.0,0.0,3507.070707070707,-977.0707070707072,OPTIMAL
13.636363636363637,115.15151515151516,212,2530.0,0.0,3569.69696969697,-1039.69696969697,OPTIMAL
13.636363636363637,117.17171717171718,212,2530.0,0.0,3632.3232323232323,-1102.3232323232323,OPTIMAL
13.636363636363637,119.1919191919192,212,2530.0,0.0,3694.949494949495,-1164.9494949494951,OPTIMAL
16.666666666666668,20.202020202020204,249,0.0,100.0,0.0,100.0,OPTIMAL
16.666666666666668,22.222222222222225,249,0.0,100.0,0.0,100.0,OPTIMAL
16.666666666666668,24.242424242424242,249,0.0,100.0,0.0,100.0,OPTIMAL
16.666666666666668,26.262626262626263,249,0.0,100.0,0.0,100.0,OPTIMAL
16.666666666666668,28.282828282828284,249,0.0,100.0,0.0,100.0,OPTIMAL
16.666666666666668,30.303030303030305,249,0.0,100.0,0.0,100.0,OPTIMAL
16.666666666666668,32.323232323232325,249,0.0,100.0,0.0,100.0,OPTIMAL
16.666666666666668,34.343434343434346,249,0.0,100.0,0.0,100.0,OPTIMAL
16.666666666666668,36.36363636363637,249,0.0,100.0,0.0,100.0,OPTIMAL
16.666666666666668,38.38383838383839,249,0.0,100.0,0.0,100.0,OPTIMAL
12.121212121212121,141.41414141414143,212,2530.0,0.0,4383.838383838384,-1853.8383838383843,OPTIMAL
12.121212121212121,143.43434343434345,212,2530.0,0.0,4446.464646464647,-1916.4646464646466,OPTIMAL
12.121212121212121,145.45454545454547,212,2530.0,0.0,4509.09090909091,-1979.09090909091,OPTIMAL
12.121212121212121,147.4747474747475,212,2530.0,0.0,4571.717171717172,-2041.7171717171723,OPTIMAL
12.121212121212121,149.4949494949495,212,2530.0,0.0,4634.343434343435,-2104.3434343434346,OPTIMAL
12.121212121212121,151.51515151515153,212,2530.0,0.0,4696.969696969697,-2166.969696969697,OPTIMAL
12.121212121212121,153.53535353535355,212,2530.0,0.0,4759.59595959596,-2229.5959595959603,OPTIMAL
12.121212121212121,155.55555555555557,212,2530.0,0.0,4822.222222222223,-2292.2222222222226,OPTIMAL
12.121212121212121,157.5757575757576,212,2530.0,0.0,4884.848484848485,-2354.848484848485,OPTIMAL
12.121212121212121,159.5959595959596,212,2530.0,0.0,4947.474747474748,-2417.4747474747483,OPTIMAL
12.121212121212121,181.81818181818184,202,4330.0,0.0,7454.545454545456,-3124.545454545456,OPTIMAL
12.121212121212121,183.83838383838386,202,4330.0,0.0,7537.373737373739,-3207.3737373737385,OPTIMAL
12.121212121212121,185.85858585858588,202,4330.0,0.0,7620.202020202021,-3290.2020202020212,OPTIMAL
12.121212121212121,187.8787878787879,202,4330.0,0.0,7703.030303030304,-3373.030303030304,OPTIMAL
12.121212121212121,189.89898989898992,202,4330.0,0.0,7785.858585858587,-3455.8585858585866,OPTIMAL
12.121212121212121,191.91919191919195,202,4330.0,0.0,7868.68686868687,-3538.68686868687,OPTIMAL
12.121212121212121,193.93939393939394,202,4330.0,0.0,7951.515151515151,-3621.515151515151,OPTIMAL
12.121212121212121,195.95959595959596,202,4330.0,0.0,8034.343434343435,-3704.3434343434346,OPTIMAL
12.121212121212121,197.97979797979798,202,4330.0,0.0,8117.171717171717,-3787.1717171717173,OPTIMAL
12.121212121212121,200.0,202,4330.0,0.0,8200.0,-3870.0,OPTIMAL
13.636363636363637,121.21212121212122,212,2530.0,0.0,3757.575757575758,-1227.575757575758,OPTIMAL
13.636363636363637,123.23232323232324,212,2530.0,0.0,3820.2020202020203,-1290.2020202020203,OPTIMAL
13.636363636363637,125.25252525252526,212,2530.0,0.0,3882.828282828283,-1352.8282828282831,OPTIMAL
13.636363636363637,127.27272727272728,212,2530.0,0.0,3945.4545454545455,-1415.4545454545455,OPTIMAL
13.636363636363637,129.2929292929293,212,2530.0,0.0,4008.0808080808083,-1478.0808080808083,OPTIMAL
13.636363636363637,131.31313131313132,212,2530.0,0.0,4070.707070707071,-1540.7070707070711,OPTIMAL
13.636363636363637,133.33333333333334,212,2530.0,0.0,4133.333333333334,-1603.333333333334,OPTIMAL
13.636363636363637,135.35353535353536,212,2530.0,0.0,4195.959595959596,-1665.9595959595963,OPTIMAL
13.636363636363637,137.37373737373738,212,2530.0,0.0,4258.585858585859,-1728.5858585858587,OPTIMAL
13.636363636363637,139.3939393939394,212,2530.0,0.0,4321.212121212122,-1791.212121212122,OPTIMAL
13.636363636363637,161.61616161616163,212,2530.0,0.0,5010.101010101011,-2480.1010101010106,OPTIMAL
13.636363636363637,163.63636363636365,212,2530.0,0.0,5072.727272727273,-2542.727272727273,OPTIMAL
13.636363636363637,165.65656565656568,212,2530.0,0.0,5135.353535353536,-2605.3535353535362,OPTIMAL
13.636363636363637,167.6767676767677,212,2530.0,0.0,5197.979797979799,-2667.9797979797986,OPTIMAL
13.636363636363637,169.69696969696972,212,2530.0,0.0,5260.606060606061,-2730.606060606061,OPTIMAL
13.636363636363637,171.71717171717174,212,2530.0,0.0,5323.232323232324,-2793.2323232323242,OPTIMAL
13.636363636363637,173.73737373737376,212,2530.0,0.0,5385.858585858587,-2855.8585858585866,OPTIMAL
13.636363636363637,175.75757575757578,212,2530.0,0.0,5448.484848484849,-2918.484848484849,OPTIMAL
13.636363636363637,177.7777777777778,212,2530.0,0.0,5511.111111111112,-2981.111111111112,OPTIMAL
13.636363636363637,179.79797979797982,212,2530.0,0.0,5573.737373737375,-3043.7373737373746,OPTIMAL
16.666666666666668,40.40404040404041,249,0.0,100.0,0.0,100.0,OPTIMAL
16.666666666666668,42.42424242424243,249,0.0,100.0,0.0,100.0,OPTIMAL
16.666666666666668,44.44444444444445,249,0.0,100.0,0.0,100.0,OPTIMAL
16.666666666666668,46.46464646464647,249,0.0,100.0,0.0,100.0,OPTIMAL
16.666666666666668,48.484848484848484,249,0.0,100.0,0.0,100.0,OPTIMAL
16.666666666666668,50.505050505050505,249,0.0,100.0,0.0,100.0,OPTIMAL
16.666666666666668,52.525252525252526,249,0.0,100.0,0.0,100.0,OPTIMAL
16.666666666666668,54.54545454545455,237,420.0,0.0,327.27272727272725,92.72727272727275,OPTIMAL
16.666666666666668,56.56565656565657,237,420.0,0.0,339.3939393939394,80.60606060606062,OPTIMAL
16.666666666666668,58.58585858585859,237,420.0,0.0,351.5151515151515,68.4848484848485,OPTIMAL
15.151515151515152,80.80808080808082,222,1530.0,0.0,1696.9696969696972,-166.96969696969722,OPTIMAL
15.151515151515152,82.82828282828284,222,1530.0,0.0,1739.3939393939395,-209.3939393939395,OPTIMAL
15.151515151515152,84.84848484848486,222,1530.0,0.0,1781.818181818182,-251.81818181818198,OPTIMAL
15.151515151515152,86.86868686868688,222,1530.0,0.0,1824.2424242424245,-294.2424242424245,OPTIMAL
15.151515151515152,88.8888888888889,222,1530.0,0.0,1866.666666666667,-336.66666666666697,OPTIMAL
15.151515151515152,90.90909090909092,217,1980.0,0.0,2363.636363636364,-383.63636363636397,OPTIMAL
15.151515151515152,92.92929292929294,217,1980.0,0.0,2416.1616161616166,-436.1616161616166,OPTIMAL
15.151515151515152,94.94949494949496,217,1980.0,0.0,2468.686868686869,-488.6868686868688,OPTIMAL
15.151515151515152,96.96969696969697,217,1980.0,0.0,2521.212121212121,-541.212121212121,OPTIMAL
15.151515151515152,98.98989898989899,217,1980.0,0.0,2573.7373737373737,-593.7373737373737,OPTIMAL
13.636363636363637,181.81818181818184,202,4330.0,0.0,7454.545454545456,-3124.545454545456,OPTIMAL
13.636363636363637,183.83838383838386,202,4330.0,0.0,7537.373737373739,-3207.3737373737385,OPTIMAL
13.636363636363637,185.85858585858588,202,4330.0,0.0,7620.202020202021,-3290.2020202020212,OPTIMAL
13.636363636363637,187.8787878787879,202,4330.0,0.0,7703.030303030304,-3373.030303030304,OPTIMAL
13.636363636363637,189.89898989898992,202,4330.0,0.0,7785.858585858587,-3455.8585858585866,OPTIMAL
13.636363636363637,191.91919191919195,202,4330.0,0.0,7868.68686868687,-3538.68686868687,OPTIMAL
13.636363636363637,193.93939393939394,202,4330.0,0.0,7951.515151515151,-3621.515151515151,OPTIMAL
13.636363636363637,195.95959595959596,202,4330.0,0.0,8034.343434343435,-3704.3434343434346,OPTIMAL
13.636363636363637,197.97979797979798,202,4330.0,0.0,8117.171717171717,-3787.1717171717173,OPTIMAL
13.636363636363637,200.0,202,4330.0,0.0,8200.0,-3870.0,OPTIMAL
18.18181818181818,0.0,249,0.0,109.09090909090908,0.0,109.09090909090908,OPTIMAL
18.18181818181818,2.0202020202020203,249,0.0,109.09090909090908,0.0,109.09090909090908,OPTIMAL
18.18181818181818,4.040404040404041,249,0.0,109.09090909090908,0.0,109.09090909090908,OPTIMAL
18.18181818181818,6.0606060606060606,249,0.0,109.09090909090908,0.0,109.09090909090908,OPTIMAL
18.18181818181818,8.080808080808081,249,0.0,109.09090909090908,0.0,109.09090909090908,OPTIMAL
18.18181818181818,10.101010101010102,249,0.0,109.09090909090908,0.0,109.09090909090908,OPTIMAL
18.18181818181818,12.121212121212121,249,0.0,109.09090909090908,0.0,109.09090909090908,OPTIMAL
18.18181818181818,14.141414141414142,249,0.0,109.09090909090908,0.0,109.09090909090908,OPTIMAL
18.18181818181818,16.161616161616163,249,0.0,109.09090909090908,0.0,109.09090909090908,OPTIMAL
18.18181818181818,18.181818181818183,249,0.0,109.09090909090908,0.0,109.09090909090908,OPTIMAL
13.636363636363637,141.41414141414143,212,2530.0,0.0,4383.838383838384,-1853.8383838383843,OPTIMAL
13.636363636363637,143.43434343434345,212,2530.0,0.0,4446.464646464647,-1916.4646464646466,OPTIMAL
13.636363636363637,145.45454545454547,212,2530.0,0.0,4509.09090909091,-1979.09090909091,OPTIMAL
13.636363636363637,147.4747474747475,212,2530.0,0.0,4571.717171717172,-2041.7171717171723,OPTIMAL
13.636363636363637,149.4949494949495,212,2530.0,0.0,4634.343434343435,-2104.3434343434346,OPTIMAL
13.636363636363637,151.51515151515153,212,2530.0,0.0,4696.969696969697,-2166.969696969697,OPTIMAL
13.636363636363637,153.53535353535355,212,2530.0,0.0,4759.59595959596,-2229.5959595959603,OPTIMAL
13.636363636363637,155.55555555555557,212,2530.0,0.0,4822.222222222223,-2292.2222222222226,OPTIMAL
13.636363636363637,157.5757575757576,212,2530.0,0.0,4884.848484848485,-2354.848484848485,OPTIMAL
13.636363636363637,159.5959595959596,212,2530.0,0.0,4947.474747474748,-2417.4747474747483,OPTIMAL
15.151515151515152,101.01010101010101,217,1980.0,0.0,2626.2626262626263,-646.2626262626263,OPTIMAL
15.151515151515152,103.03030303030303,217,1980.0,0.0,2678.787878787879,-698.787878787879,OPTIMAL
15.151515151515152,105.05050505050505,217,1980.0,0.0,2731.313131313131,-751.3131313131312,OPTIMAL
15.151515151515152,107.07070707070707,217,1980.0,0.0,2783.838383838384,-803.8383838383838,OPTIMAL
15.151515151515152,109.0909090909091,217,1980.0,0.0,2836.3636363636365,-856.3636363636365,OPTIMAL
15.151515151515152,111.11111111111111,212,2530.0,0.0,3444.4444444444443,-914.4444444444443,OPTIMAL
15.151515151515152,113.13131313131314,212,2530.0,0.0,3507.070707070707,-977.0707070707072,OPTIMAL
15.151515151515152,115.15151515151516,212,2530.0,0.0,3569.69696969697,-1039.69696969697,OPTIMAL
15.151515151515152,117.17171717171718,212,2530.0,0.0,3632.3232323232323,-1102.3232323232323,OPTIMAL
15.151515151515152,119.1919191919192,212,2530.0,0.0,3694.949494949495,-1164.9494949494951,OPTIMAL
16.666666666666668,60.60606060606061,234,600.0,0.0,545.4545454545455,54.545454545454504,OPTIMAL
16.666666666666668,62.62626262626263,234,600.0,0.0,563.6363636363636,36.363636363636374,OPTIMAL
16.666666666666668,64.64646464646465,234,600.0,0.0,581.8181818181819,18.18181818181813,OPTIMAL
16.666666666666668,66.66666666666667,234,600.0,0.0,600.0,0.0,OPTIMAL
16.666666666666668,68.68686868686869,234,600.0,0.0,618.1818181818182,-18.181818181818244,OPTIMAL
16.666666666666668,70.70707070707071,231,810.0,0.0,848.4848484848485,-38.4848484848485,OPTIMAL
16.666666666666668,72.72727272727273,231,810.0,0.0,872.7272727272727,-62.72727272727275,OPTIMAL
16.666666666666668,74.74747474747475,231,810.0,0.0,896.969696969697,-86.969696969697,OPTIMAL
16.666666666666668,76.76767676767678,231,810.0,0.0,921.2121212121212,-111.21212121212125,OPTIMAL
16.666666666666668,78.7878787878788,231,810.0,0.0,945.4545454545455,-135.4545454545455,OPTIMAL
18.18181818181818,20.202020202020204,249,0.0,109.09090909090908,0.0,109.09090909090908,OPTIMAL
18.18181818181818,22.222222222222225,249,0.0,109.09090909090908,0.0,109.09090909090908,OPTIMAL
18.18181818181818,24.242424242424242,249,0.0,109.09090909090908,0.0,109.09090909090908,OPTIMAL
18.18181818181818,26.262626262626263,249,0.0,109.09090909090908,0.0,109.09090909090908,OPTIMAL
18.18181818181818,28.282828282828284,249,0.0,109.09090909090908,0.0,109.09090909090908,OPTIMAL
18.18181818181818,30.303030303030305,249,0.0,109.09090909090908,0.0,109.09090909090908,OPTIMAL
18.18181818181818,32.323232323232325,249,0.0,109.09090909090908,0.0,109.09090909090908,OPTIMAL
18.18181818181818,34.343434343434346,249,0.0,109.09090909090908,0.0,109.09090909090908,OPTIMAL
18.18181818181818,36.36363636363637,249,0.0,109.09090909090908,0.0,109.09090909090908,OPTIMAL
18.18181818181818,38.38383838383839,249,0.0,109.09090909090908,0.0,109.09090909090908,OPTIMAL
15.151515151515152,181.81818181818184,202,4330.0,0.0,7454.545454545456,-3124.545454545456,OPTIMAL
15.151515151515152,183.83838383838386,202,4330.0,0.0,7537.373737373739,-3207.3737373737385,OPTIMAL
15.151515151515152,185.85858585858588,202,4330.0,0.0,7620.202020202021,-3290.2020202020212,OPTIMAL
15.151515151515152,187.8787878787879,202,4330.0,0.0,7703.030303030304,-3373.030303030304,OPTIMAL
15.151515151515152,189.89898989898992,202,4330.0,0.0,7785.858585858587,-3455.8585858585866,OPTIMAL
15.151515151515152,191.91919191919195,202,4330.0,0.0,7868.68686868687,-3538.68686868687,OPTIMAL
15.151515151515152,193.93939393939394,202,4330.0,0.0,7951.515151515151,-3621.515151515151,OPTIMAL
15.151515151515152,195.95959595959596,202,4330.0,0.0,8034.343434343435,-3704.3434343434346,OPTIMAL
15.151515151515152,197.97979797979798,202,4330.0,0.0,8117.171717171717,-3787.1717171717173,OPTIMAL
15.151515151515152,200.0,202,4330.0,0.0,8200.0,-3870.0,OPTIMAL
15.151515151515152,121.21212121212122,212,2530.0,0.0,3757.575757575758,-1227.575757575758,OPTIMAL
15.151515151515152,123.23232323232324,212,2530.0,0.0,3820.2020202020203,-1290.2020202020203,OPTIMAL
15.151515151515152,125.25252525252526,212,2530.0,0.0,3882.828282828283,-1352.8282828282831,OPTIMAL
15.151515151515152,127.27272727272728,212,2530.0,0.0,3945.4545454545455,-1415.4545454545455,OPTIMAL
15.151515151515152,129.2929292929293,212,2530.0,0.0,4008.0808080808083,-1478.0808080808083,OPTIMAL
15.151515151515152,131.31313131313132,212,2530.0,0.0,4070.707070707071,-1540.7070707070711,OPTIMAL
15.151515151515152,133.33333333333334,212,2530.0,0.0,4133.333333333334,-1603.333333333334,OPTIMAL
15.151515151515152,135.35353535353536,212,2530.0,0.0,4195.959595959596,-1665.9595959595963,OPTIMAL
15.151515151515152,137.37373737373738,212,2530.0,0.0,4258.585858585859,-1728.5858585858587,OPTIMAL
15.151515151515152,139.3939393939394,212,2530.0,0.0,4321.212121212122,-1791.212121212122,OPTIMAL
16.666666666666668,80.80808080808082,222,1530.0,0.0,1696.9696969696972,-166.96969696969722,OPTIMAL
16.666666666666668,82.82828282828284,222,1530.0,0.0,1739.3939393939395,-209.3939393939395,OPTIMAL
16.666666666666668,84.84848484848486,222,1530.0,0.0,1781.818181818182,-251.81818181818198,OPTIMAL
16.666666666666668,86.86868686868688,222,1530.0,0.0,1824.2424242424245,-294.2424242424245,OPTIMAL
16.666666666666668,88.8888888888889,222,1530.0,0.0,1866.666666666667,-336.66666666666697,OPTIMAL
16.666666666666668,90.90909090909092,217,1980.0,0.0,2363.636363636364,-383.63636363636397,OPTIMAL
16.666666666666668,92.92929292929294,217,1980.0,0.0,2416.1616161616166,-436.1616161616166,OPTIMAL
16.666666666666668,94.94949494949496,217,1980.0,0.0,2468.686868686869,-488.6868686868688,OPTIMAL
16.666666666666668,96.96969696969697,217,1980.0,0.0,2521.212121212121,-541.212121212121,OPTIMAL
16.666666666666668,98.98989898989899,217,1980.0,0.0,2573.7373737373737,-593.7373737373737,OPTIMAL
18.18181818181818,40.40404040404041,249,0.0,109.09090909090908,0.0,109.09090909090908,OPTIMAL
18.18181818181818,42.42424242424243,249,0.0,109.09090909090908,0.0,109.09090909090908,OPTIMAL
18.18181818181818,44.44444444444445,249,0.0,109.09090909090908,0.0,109.09090909090908,OPTIMAL
18.18181818181818,46.46464646464647,249,0.0,109.09090909090908,0.0,109.09090909090908,OPTIMAL
18.18181818181818,48.484848484848484,249,0.0,109.09090909090908,0.0,109.09090909090908,OPTIMAL
18.18181818181818,50.505050505050505,249,0.0,109.09090909090908,0.0,109.09090909090908,OPTIMAL
18.18181818181818,52.525252525252526,237,420.0,0.0,315.1515151515151,104.84848484848487,OPTIMAL
18.18181818181818,54.54545454545455,237,420.0,0.0,327.27272727272725,92.72727272727275,OPTIMAL
18.18181818181818,56.56565656565657,237,420.0,0.0,339.3939393939394,80.60606060606062,OPTIMAL
18.18181818181818,58.58585858585859,237,420.0,0.0,351.5151515151515,68.4848484848485,OPTIMAL
15.151515151515152,141.41414141414143,212,2530.0,0.0,4383.838383838384,-1853.8383838383843,OPTIMAL
15.151515151515152,143.43434343434345,212,2530.0,0.0,4446.464646464647,-1916.4646464646466,OPTIMAL
15.151515151515152,145.45454545454547,212,2530.0,0.0,4509.09090909091,-1979.09090909091,OPTIMAL
15.151515151515152,147.4747474747475,212,2530.0,0.0,4571.717171717172,-2041.7171717171723,OPTIMAL
15.151515151515152,149.4949494949495,212,2530.0,0.0,4634.343434343435,-2104.3434343434346,OPTIMAL
15.151515151515152,151.51515151515153,212,2530.0,0.0,4696.969696969697,-2166.969696969697,OPTIMAL
15.151515151515152,153.53535353535355,212,2530.0,0.0,4759.59595959596,-2229.5959595959603,OPTIMAL
15.151515151515152,155.55555555555557,212,2530.0,0.0,4822.222222222223,-2292.2222222222226,OPTIMAL
15.151515151515152,157.5757575757576,212,2530.0,0.0,4884.848484848485,-2354.848484848485,OPTIMAL
15.151515151515152,159.5959595959596,212,2530.0,0.0,4947.474747474748,-2417.4747474747483,OPTIMAL
16.666666666666668,101.01010101010101,217,1980.0,0.0,2626.2626262626263,-646.2626262626263,OPTIMAL
16.666666666666668,103.03030303030303,217,1980.0,0.0,2678.787878787879,-698.787878787879,OPTIMAL
16.666666666666668,105.05050505050505,217,1980.0,0.0,2731.313131313131,-751.3131313131312,OPTIMAL
16.666666666666668,107.07070707070707,217,1980.0,0.0,2783.838383838384,-803.8383838383838,OPTIMAL
16.666666666666668,109.0909090909091,217,1980.0,0.0,2836.3636363636365,-856.3636363636365,OPTIMAL
16.666666666666668,111.11111111111111,212,2530.0,0.0,3444.4444444444443,-914.4444444444443,OPTIMAL
16.666666666666668,113.13131313131314,212,2530.0,0.0,3507.070707070707,-977.0707070707072,OPTIMAL
16.666666666666668,115.15151515151516,212,2530.0,0.0,3569.69696969697,-1039.69696969697,OPTIMAL
16.666666666666668,117.17171717171718,212,2530.0,0.0,3632.3232323232323,-1102.3232323232323,OPTIMAL
16.666666666666668,119.1919191919192,212,2530.0,0.0,3694.949494949495,-1164.9494949494951,OPTIMAL
18.18181818181818,60.60606060606061,234,600.0,0.0,545.4545454545455,54.545454545454504,OPTIMAL
18.18181818181818,62.62626262626263,234,600.0,0.0,563.6363636363636,36.363636363636374,OPTIMAL
18.18181818181818,64.64646464646465,234,600.0,0.0,581.8181818181819,18.18181818181813,OPTIMAL
18.18181818181818,66.66666666666667,234,600.0,0.0,600.0,0.0,OPTIMAL
18.18181818181818,68.68686868686869,234,600.0,0.0,618.1818181818182,-18.181818181818244,OPTIMAL
18.18181818181818,70.70707070707071,231,810.0,0.0,848.4848484848485,-38.4848484848485,OPTIMAL
18.18181818181818,72.72727272727273,231,810.0,0.0,872.7272727272727,-62.72727272727275,OPTIMAL
18.18181818181818,74.74747474747475,231,810.0,0.0,896.969696969697,-86.969696969697,OPTIMAL
18.18181818181818,76.76767676767678,231,810.0,0.0,921.2121212121212,-111.21212121212125,OPTIMAL
18.18181818181818,78.7878787878788,231,810.0,0.0,945.4545454545455,-135.4545454545455,OPTIMAL
19.696969696969695,0.0,249,0.0,118.18181818181817,0.0,118.18181818181817,OPTIMAL
19.696969696969695,2.0202020202020203,249,0.0,118.18181818181817,0.0,118.18181818181817,OPTIMAL
19.696969696969695,4.040404040404041,249,0.0,118.18181818181817,0.0,118.18181818181817,OPTIMAL
19.696969696969695,6.0606060606060606,249,0.0,118.18181818181817,0.0,118.18181818181817,OPTIMAL
19.696969696969695,8.080808080808081,249,0.0,118.18181818181817,0.0,118.18181818181817,OPTIMAL
19.696969696969695,10.101010101010102,249,0.0,118.18181818181817,0.0,118.18181818181817,OPTIMAL
19.696969696969695,12.121212121212121,249,0.0,118.18181818181817,0.0,118.18181818181817,OPTIMAL
19.696969696969695,14.141414141414142,249,0.0,118.18181818181817,0.0,118.18181818181817,OPTIMAL
19.696969696969695,16.161616161616163,249,0.0,118.18181818181817,0.0,118.18181818181817,OPTIMAL
19.696969696969695,18.181818181818183,249,0.0,118.18181818181817,0.0,118.18181818181817,OPTIMAL
19.696969696969695,20.202020202020204,249,0.0,118.18181818181817,0.0,118.18181818181817,OPTIMAL
19.696969696969695,22.222222222222225,249,0.0,118.18181818181817,0.0,118.18181818181817,OPTIMAL
19.696969696969695,24.242424242424242,249,0.0,118.18181818181817,0.0,118.18181818181817,OPTIMAL
19.696969696969695,26.262626262626263,249,0.0,118.18181818181817,0.0,118.18181818181817,OPTIMAL
19.696969696969695,28.282828282828284,249,0.0,118.18181818181817,0.0,118.18181818181817,OPTIMAL
19.696969696969695,30.303030303030305,249,0.0,118.18181818181817,0.0,118.18181818181817,OPTIMAL
19.696969696969695,32.323232323232325,249,0.0,118.18181818181817,0.0,118.18181818181817,OPTIMAL
19.696969696969695,34.343434343434346,249,0.0,118.18181818181817,0.0,118.18181818181817,OPTIMAL
19.696969696969695,36.36363636363637,249,0.0,118.18181818181817,0.0,118.18181818181817,OPTIMAL
19.696969696969695,38.38383838383839,249,0.0,118.18181818181817,0.0,118.18181818181817,OPTIMAL
15.151515151515152,161.61616161616163,212,2530.0,0.0,5010.101010101011,-2480.1010101010106,OPTIMAL
15.151515151515152,163.63636363636365,212,2530.0,0.0,5072.727272727273,-2542.727272727273,OPTIMAL
15.151515151515152,165.65656565656568,212,2530.0,0.0,5135.353535353536,-2605.3535353535362,OPTIMAL
15.151515151515152,167.6767676767677,212,2530.0,0.0,5197.979797979799,-2667.9797979797986,OPTIMAL
15.151515151515152,169.69696969696972,212,2530.0,0.0,5260.606060606061,-2730.606060606061,OPTIMAL
15.151515151515152,171.71717171717174,212,2530.0,0.0,5323.232323232324,-2793.2323232323242,OPTIMAL
15.151515151515152,173.73737373737376,212,2530.0,0.0,5385.858585858587,-2855.8585858585866,OPTIMAL
15.151515151515152,175.75757575757578,212,2530.0,0.0,5448.484848484849,-2918.484848484849,OPTIMAL
15.151515151515152,177.7777777777778,212,2530.0,0.0,5511.111111111112,-2981.111111111112,OPTIMAL
15.151515151515152,179.79797979797982,212,2530.0,0.0,5573.737373737375,-3043.7373737373746,OPTIMAL
19.696969696969695,60.60606060606061,234,600.0,0.0,545.4545454545455,54.545454545454504,OPTIMAL
19.696969696969695,62.62626262626263,234,600.0,0.0,563.6363636363636,36.363636363636374,OPTIMAL
19.696969696969695,64.64646464646465,234,600.0,0.0,581.8181818181819,18.18181818181813,OPTIMAL
19.696969696969695,66.66666666666667,234,600.0,0.0,600.0,0.0,OPTIMAL
19.696969696969695,68.68686868686869,234,600.0,0.0,618.1818181818182,-18.181818181818244,OPTIMAL
19.696969696969695,70.70707070707071,231,810.0,0.0,848.4848484848485,-38.4848484848485,OPTIMAL
19.696969696969695,72.72727272727273,231,810.0,0.0,872.7272727272727,-62.72727272727275,OPTIMAL
19.696969696969695,74.74747474747475,231,810.0,0.0,896.969696969697,-86.969696969697,OPTIMAL
19.696969696969695,76.76767676767678,231,810.0,0.0,921.2121212121212,-111.21212121212125,OPTIMAL
19.696969696969695,78.7878787878788,231,810.0,0.0,945.4545454545455,-135.4545454545455,OPTIMAL
19.696969696969695,40.40404040404041,249,0.0,118.18181818181817,0.0,118.18181818181817,OPTIMAL
19.696969696969695,42.42424242424243,249,0.0,118.18181818181817,0.0,118.18181818181817,OPTIMAL
19.696969696969695,44.44444444444445,249,0.0,118.18181818181817,0.0,118.18181818181817,OPTIMAL
19.696969696969695,46.46464646464647,249,0.0,118.18181818181817,0.0,118.18181818181817,OPTIMAL
19.696969696969695,48.484848484848484,249,0.0,118.18181818181817,0.0,118.18181818181817,OPTIMAL
19.696969696969695,50.505050505050505,237,420.0,0.0,303.030303030303,116.969696969697,OPTIMAL
19.696969696969695,52.525252525252526,237,420.0,0.0,315.1515151515151,104.84848484848487,OPTIMAL
19.696969696969695,54.54545454545455,237,420.0,0.0,327.27272727272725,92.72727272727275,OPTIMAL
19.696969696969695,56.56565656565657,237,420.0,0.0,339.3939393939394,80.60606060606062,OPTIMAL
19.696969696969695,58.58585858585859,237,420.0,0.0,351.5151515151515,68.4848484848485,OPTIMAL
16.666666666666668,161.61616161616163,212,2530.0,0.0,5010.101010101011,-2480.1010101010106,OPTIMAL
16.666666666666668,163.63636363636365,212,2530.0,0.0,5072.727272727273,-2542.727272727273,OPTIMAL
16.666666666666668,165.65656565656568,212,2530.0,0.0,5135.353535353536,-2605.3535353535362,OPTIMAL
16.666666666666668,167.6767676767677,212,2530.0,0.0,5197.979797979799,-2667.9797979797986,OPTIMAL
16.666666666666668,169.69696969696972,212,2530.0,0.0,5260.606060606061,-2730.606060606061,OPTIMAL
16.666666666666668,171.71717171717174,212,2530.0,0.0,5323.232323232324,-2793.2323232323242,OPTIMAL
16.666666666666668,173.73737373737376,212,2530.0,0.0,5385.858585858587,-2855.8585858585866,OPTIMAL
16.666666666666668,175.75757575757578,212,2530.0,0.0,5448.484848484849,-2918.484848484849,OPTIMAL
16.666666666666668,177.7777777777778,212,2530.0,0.0,5511.111111111112,-2981.111111111112,OPTIMAL
16.666666666666668,179.79797979797982,212,2530.0,0.0,5573.737373737375,-3043.7373737373746,OPTIMAL
16.666666666666668,141.41414141414143,212,2530.0,0.0,4383.838383838384,-1853.8383838383843,OPTIMAL
16.666666666666668,143.43434343434345,212,2530.0,0.0,4446.464646464647,-1916.4646464646466,OPTIMAL
16.666666666666668,145.45454545454547,212,2530.0,0.0,4509.09090909091,-1979.09090909091,OPTIMAL
16.666666666666668,147.4747474747475,212,2530.0,0.0,4571.717171717172,-2041.7171717171723,OPTIMAL
16.666666666666668,149.4949494949495,212,2530.0,0.0,4634.343434343435,-2104.3434343434346,OPTIMAL
16.666666666666668,151.51515151515153,212,2530.0,0.0,4696.969696969697,-2166.969696969697,OPTIMAL
16.666666666666668,153.53535353535355,212,2530.0,0.0,4759.59595959596,-2229.5959595959603,OPTIMAL
16.666666666666668,155.55555555555557,212,2530.0,0.0,4822.222222222223,-2292.2222222222226,OPTIMAL
16.666666666666668,157.5757575757576,212,2530.0,0.0,4884.848484848485,-2354.848484848485,OPTIMAL
16.666666666666668,159.5959595959596,212,2530.0,0.0,4947.474747474748,-2417.4747474747483,OPTIMAL
16.666666666666668,181.81818181818184,202,4330.0,0.0,7454.545454545456,-3124.545454545456,OPTIMAL
16.666666666666668,183.83838383838386,202,4330.0,0.0,7537.373737373739,-3207.3737373737385,OPTIMAL
16.666666666666668,185.85858585858588,202,4330.0,0.0,7620.202020202021,-3290.2020202020212,OPTIMAL
16.666666666666668,187.8787878787879,202,4330.0,0.0,7703.030303030304,-3373.030303030304,OPTIMAL
16.666666666666668,189.89898989898992,202,4330.0,0.0,7785.858585858587,-3455.8585858585866,OPTIMAL
16.666666666666668,191.91919191919195,202,4330.0,0.0,7868.68686868687,-3538.68686868687,OPTIMAL
16.666666666666668,193.93939393939394,202,4330.0,0.0,7951.515151515151,-3621.515151515151,OPTIMAL
16.666666666666668,195.95959595959596,202,4330.0,0.0,8034.343434343435,-3704.3434343434346,OPTIMAL
16.666666666666668,197.97979797979798,202,4330.0,0.0,8117.171717171717,-3787.1717171717173,OPTIMAL
16.666666666666668,200.0,202,4330.0,0.0,8200.0,-3870.0,OPTIMAL
18.18181818181818,101.01010101010101,217,1980.0,0.0,2626.2626262626263,-646.2626262626263,OPTIMAL
18.18181818181818,103.03030303030303,217,1980.0,0.0,2678.787878787879,-698.787878787879,OPTIMAL
18.18181818181818,105.05050505050505,217,1980.0,0.0,2731.313131313131,-751.3131313131312,OPTIMAL
18.18181818181818,107.07070707070707,217,1980.0,0.0,2783.838383838384,-803.8383838383838,OPTIMAL
18.18181818181818,109.0909090909091,217,1980.0,0.0,2836.3636363636365,-856.3636363636365,OPTIMAL
18.18181818181818,111.11111111111111,212,2530.0,0.0,3444.4444444444443,-914.4444444444443,OPTIMAL
18.18181818181818,113.13131313131314,212,2530.0,0.0,3507.070707070707,-977.0707070707072,OPTIMAL
18.18181818181818,115.15151515151516,212,2530.0,0.0,3569.69696969697,-1039.69696969697,OPTIMAL
18.18181818181818,117.17171717171718,212,2530.0,0.0,3632.3232323232323,-1102.3232323232323,OPTIMAL
18.18181818181818,119.1919191919192,212,2530.0,0.0,3694.949494949495,-1164.9494949494951,OPTIMAL
18.18181818181818,80.80808080808082,222,1530.0,0.0,1696.9696969696972,-166.96969696969722,OPTIMAL
18.18181818181818,82.82828282828284,222,1530.0,0.0,1739.3939393939395,-209.3939393939395,OPTIMAL
18.18181818181818,84.84848484848486,222,1530.0,0.0,1781.818181818182,-251.81818181818198,OPTIMAL
18.18181818181818,86.86868686868688,222,1530.0,0.0,1824.2424242424245,-294.2424242424245,OPTIMAL
18.18181818181818,88.8888888888889,222,1530.0,0.0,1866.666666666667,-336.66666666666697,OPTIMAL
18.18181818181818,90.90909090909092,217,1980.0,0.0,2363.636363636364,-383.63636363636397,OPTIMAL
18.18181818181818,92.92929292929294,217,1980.0,0.0,2416.1616161616166,-436.1616161616166,OPTIMAL
18.18181818181818,94.94949494949496,217,1980.0,0.0,2468.686868686869,-488.6868686868688,OPTIMAL
18.18181818181818,96.96969696969697,217,1980.0,0.0,2521.212121212121,-541.212121212121,OPTIMAL
18.18181818181818,98.98989898989899,217,1980.0,0.0,2573.7373737373737,-593.7373737373737,OPTIMAL
16.666666666666668,121.21212121212122,212,2530.0,0.0,3757.575757575758,-1227.575757575758,OPTIMAL
16.666666666666668,123.23232323232324,212,2530.0,0.0,3820.2020202020203,-1290.2020202020203,OPTIMAL
16.666666666666668,125.25252525252526,212,2530.0,0.0,3882.828282828283,-1352.8282828282831,OPTIMAL
16.666666666666668,127.27272727272728,212,2530.0,0.0,3945.4545454545455,-1415.4545454545455,OPTIMAL
16.666666666666668,129.2929292929293,212,2530.0,0.0,4008.0808080808083,-1478.0808080808083,OPTIMAL
16.666666666666668,131.31313131313132,212,2530.0,0.0,4070.707070707071,-1540.7070707070711,OPTIMAL
16.666666666666668,133.33333333333334,212,2530.0,0.0,4133.333333333334,-1603.333333333334,OPTIMAL
16.666666666666668,135.35353535353536,212,2530.0,0.0,4195.959595959596,-1665.9595959595963,OPTIMAL
16.666666666666668,137.37373737373738,212,2530.0,0.0,4258.585858585859,-1728.5858585858587,OPTIMAL
16.666666666666668,139.3939393939394,212,2530.0,0.0,4321.212121212122,-1791.212121212122,OPTIMAL
21.21212121212121,20.202020202020204,249,0.0,127.27272727272727,0.0,127.27272727272727,OPTIMAL
21.21212121212121,22.222222222222225,249,0.0,127.27272727272727,0.0,127.27272727272727,OPTIMAL
21.21212121212121,24.242424242424242,249,0.0,127.27272727272727,0.0,127.27272727272727,OPTIMAL
21.21212121212121,26.262626262626263,249,0.0,127.27272727272727,0.0,127.27272727272727,OPTIMAL
21.21212121212121,28.282828282828284,249,0.0,127.27272727272727,0.0,127.27272727272727,OPTIMAL
21.21212121212121,30.303030303030305,249,0.0,127.27272727272727,0.0,127.27272727272727,OPTIMAL
21.21212121212121,32.323232323232325,249,0.0,127.27272727272727,0.0,127.27272727272727,OPTIMAL
21.21212121212121,34.343434343434346,249,0.0,127.27272727272727,0.0,127.27272727272727,OPTIMAL
21.21212121212121,36.36363636363637,249,0.0,127.27272727272727,0.0,127.27272727272727,OPTIMAL
21.21212121212121,38.38383838383839,249,0.0,127.27272727272727,0.0,127.27272727272727,OPTIMAL
21.21212121212121,0.0,249,0.0,127.27272727272727,0.0,127.27272727272727,OPTIMAL
21.21212121212121,2.0202020202020203,249,0.0,127.27272727272727,0.0,127.27272727272727,OPTIMAL
21.21212121212121,4.040404040404041,249,0.0,127.27272727272727,0.0,127.27272727272727,OPTIMAL
21.21212121212121,6.0606060606060606,249,0.0,127.27272727272727,0.0,127.27272727272727,OPTIMAL
21.21212121212121,8.080808080808081,249,0.0,127.27272727272727,0.0,127.27272727272727,OPTIMAL
21.21212121212121,10.101010101010102,249,0.0,127.27272727272727,0.0,127.27272727272727,OPTIMAL
21.21212121212121,12.121212121212121,249,0.0,127.27272727272727,0.0,127.27272727272727,OPTIMAL
21.21212121212121,14.141414141414142,249,0.0,127.27272727272727,0.0,127.27272727272727,OPTIMAL
21.21212121212121,16.161616161616163,249,0.0,127.27272727272727,0.0,127.27272727272727,OPTIMAL
21.21212121212121,18.181818181818183,249,0.0,127.27272727272727,0.0,127.27272727272727,OPTIMAL
19.696969696969695,80.80808080808082,222,1530.0,0.0,1696.9696969696972,-166.96969696969722,OPTIMAL
19.696969696969695,82.82828282828284,222,1530.0,0.0,1739.3939393939395,-209.3939393939395,OPTIMAL
19.696969696969695,84.84848484848486,222,1530.0,0.0,1781.818181818182,-251.81818181818198,OPTIMAL
19.696969696969695,86.86868686868688,222,1530.0,0.0,1824.2424242424245,-294.2424242424245,OPTIMAL
19.696969696969695,88.8888888888889,222,1530.0,0.0,1866.666666666667,-336.66666666666697,OPTIMAL
19.696969696969695,90.90909090909092,217,1980.0,0.0,2363.636363636364,-383.63636363636397,OPTIMAL
19.696969696969695,92.92929292929294,217,1980.0,0.0,2416.1616161616166,-436.1616161616166,OPTIMAL
19.696969696969695,94.94949494949496,217,1980.0,0.0,2468.686868686869,-488.6868686868688,OPTIMAL
19.696969696969695,96.96969696969697,217,1980.0,0.0,2521.212121212121,-541.212121212121,OPTIMAL
19.696969696969695,98.98989898989899,217,1980.0,0.0,2573.7373737373737,-593.7373737373737,OPTIMAL
21.21212121212121,40.40404040404041,249,0.0,127.27272727272727,0.0,127.27272727272727,OPTIMAL
21.21212121212121,42.42424242424243,249,0.0,127.27272727272727,0.0,127.27272727272727,OPTIMAL
21.21212121212121,44.44444444444445,249,0.0,127.27272727272727,0.0,127.27272727272727,OPTIMAL
21.21212121212121,46.46464646464647,249,0.0,127.27272727272727,0.0,127.27272727272727,OPTIMAL
21.21212121212121,48.484848484848484,249,0.0,127.27272727272727,0.0,127.27272727272727,OPTIMAL
21.21212121212121,50.505050505050505,237,420.0,0.0,303.030303030303,116.969696969697,OPTIMAL
21.21212121212121,52.525252525252526,237,420.0,0.0,315.1515151515151,104.84848484848487,OPTIMAL
21.21212121212121,54.54545454545455,237,420.0,0.0,327.27272727272725,92.72727272727275,OPTIMAL
21.21212121212121,56.56565656565657,237,420.0,0.0,339.3939393939394,80.60606060606062,OPTIMAL
21.21212121212121,58.58585858585859,237,420.0,0.0,351.5151515151515,68.4848484848485,OPTIMAL
18.18181818181818,161.61616161616163,212,2530.0,0.0,5010.101010101011,-2480.1010101010106,OPTIMAL
18.18181818181818,163.63636363636365,212,2530.0,0.0,5072.727272727273,-2542.727272727273,OPTIMAL
18.18181818181818,165.65656565656568,212,2530.0,0.0,5135.353535353536,-2605.3535353535362,OPTIMAL
18.18181818181818,167.6767676767677,212,2530.0,0.0,5197.979797979799,-2667.9797979797986,OPTIMAL
18.18181818181818,169.69696969696972,212,2530.0,0.0,5260.606060606061,-2730.606060606061,OPTIMAL
18.18181818181818,171.71717171717174,212,2530.0,0.0,5323.232323232324,-2793.2323232323242,OPTIMAL
18.18181818181818,173.73737373737376,212,2530.0,0.0,5385.858585858587,-2855.8585858585866,OPTIMAL
18.18181818181818,175.75757575757578,212,2530.0,0.0,5448.484848484849,-2918.484848484849,OPTIMAL
18.18181818181818,177.7777777777778,212,2530.0,0.0,5511.111111111112,-2981.111111111112,OPTIMAL
18.18181818181818,179.79797979797982,212,2530.0,0.0,5573.737373737375,-3043.7373737373746,OPTIMAL
21.21212121212121,60.60606060606061,234,600.0,0.0,545.4545454545455,54.545454545454504,OPTIMAL
21.21212121212121,62.62626262626263,234,600.0,0.0,563.6363636363636,36.363636363636374,OPTIMAL
21.21212121212121,64.64646464646465,234,600.0,0.0,581.8181818181819,18.18181818181813,OPTIMAL
21.21212121212121,66.66666666666667,234,600.0,0.0,600.0,0.0,OPTIMAL
21.21212121212121,68.68686868686869,234,600.0,0.0,618.1818181818182,-18.181818181818244,OPTIMAL
21.21212121212121,70.70707070707071,231,810.0,0.0,848.4848484848485,-38.4848484848485,OPTIMAL
21.21212121212121,72.72727272727273,231,810.0,0.0,872.7272727272727,-62.72727272727275,OPTIMAL
21.21212121212121,74.74747474747475,231,810.0,0.0,896.969696969697,-86.969696969697,OPTIMAL
21.21212121212121,76.76767676767678,231,810.0,0.0,921.2121212121212,-111.21212121212125,OPTIMAL
21.21212121212121,78.7878787878788,231,810.0,0.0,945.4545454545455,-135.4545454545455,OPTIMAL
18.18181818181818,121.21212121212122,212,2530.0,0.0,3757.575757575758,-1227.575757575758,OPTIMAL
18.18181818181818,123.23232323232324,212,2530.0,0.0,3820.2020202020203,-1290.2020202020203,OPTIMAL
18.18181818181818,125.25252525252526,212,2530.0,0.0,3882.828282828283,-1352.8282828282831,OPTIMAL
18.18181818181818,127.27272727272728,212,2530.0,0.0,3945.4545454545455,-1415.4545454545455,OPTIMAL
18.18181818181818,129.2929292929293,212,2530.0,0.0,4008.0808080808083,-1478.0808080808083,OPTIMAL
18.18181818181818,131.31313131313132,212,2530.0,0.0,4070.707070707071,-1540.7070707070711,OPTIMAL
18.18181818181818,133.33333333333334,212,2530.0,0.0,4133.333333333334,-1603.333333333334,OPTIMAL
18.18181818181818,135.35353535353536,212,2530.0,0.0,4195.959595959596,-1665.9595959595963,OPTIMAL
18.18181818181818,137.37373737373738,212,2530.0,0.0,4258.585858585859,-1728.5858585858587,OPTIMAL
18.18181818181818,139.3939393939394,212,2530.0,0.0,4321.212121212122,-1791.212121212122,OPTIMAL
19.696969696969695,101.01010101010101,217,1980.0,0.0,2626.2626262626263,-646.2626262626263,OPTIMAL
19.696969696969695,103.03030303030303,217,1980.0,0.0,2678.787878787879,-698.787878787879,OPTIMAL
19.696969696969695,105.05050505050505,217,1980.0,0.0,2731.313131313131,-751.3131313131312,OPTIMAL
19.696969696969695,107.07070707070707,217,1980.0,0.0,2783.838383838384,-803.8383838383838,OPTIMAL
19.696969696969695,109.0909090909091,217,1980.0,0.0,2836.3636363636365,-856.3636363636365,OPTIMAL
19.696969696969695,111.11111111111111,212,2530.0,0.0,3444.4444444444443,-914.4444444444443,OPTIMAL
19.696969696969695,113.13131313131314,212,2530.0,0.0,3507.070707070707,-977.0707070707072,OPTIMAL
19.696969696969695,115.15151515151516,212,2530.0,0.0,3569.69696969697,-1039.69696969697,OPTIMAL
19.696969696969695,117.17171717171718,212,2530.0,0.0,3632.3232323232323,-1102.3232323232323,OPTIMAL
19.696969696969695,119.1919191919192,212,2530.0,0.0,3694.949494949495,-1164.9494949494951,OPTIMAL
18.18181818181818,141.41414141414143,212,2530.0,0.0,4383.838383838384,-1853.8383838383843,OPTIMAL
18.18181818181818,143.43434343434345,212,2530.0,0.0,4446.464646464647,-1916.4646464646466,OPTIMAL
18.18181818181818,145.45454545454547,212,2530.0,0.0,4509.09090909091,-1979.09090909091,OPTIMAL
18.18181818181818,147.4747474747475,212,2530.0,0.0,4571.717171717172,-2041.7171717171723,OPTIMAL
18.18181818181818,149.4949494949495,212,2530.0,0.0,4634.343434343435,-2104.3434343434346,OPTIMAL
18.18181818181818,151.51515151515153,212,2530.0,0.0,4696.969696969697,-2166.969696969697,OPTIMAL
18.18181818181818,153.53535353535355,212,2530.0,0.0,4759.59595959596,-2229.5959595959603,OPTIMAL
18.18181818181818,155.55555555555557,212,2530.0,0.0,4822.222222222223,-2292.2222222222226,OPTIMAL
18.18181818181818,157.5757575757576,212,2530.0,0.0,4884.848484848485,-2354.848484848485,OPTIMAL
18.18181818181818,159.5959595959596,212,2530.0,0.0,4947.474747474748,-2417.4747474747483,OPTIMAL
18.18181818181818,181.81818181818184,202,4330.0,0.0,7454.545454545456,-3124.545454545456,OPTIMAL
18.18181818181818,183.83838383838386,202,4330.0,0.0,7537.373737373739,-3207.3737373737385,OPTIMAL
18.18181818181818,185.85858585858588,202,4330.0,0.0,7620.202020202021,-3290.2020202020212,OPTIMAL
18.18181818181818,187.8787878787879,202,4330.0,0.0,7703.030303030304,-3373.030303030304,OPTIMAL
18.18181818181818,189.89898989898992,202,4330.0,0.0,7785.858585858587,-3455.8585858585866,OPTIMAL
18.18181818181818,191.91919191919195,202,4330.0,0.0,7868.68686868687,-3538.68686868687,OPTIMAL
18.18181818181818,193.93939393939394,202,4330.0,0.0,7951.515151515151,-3621.515151515151,OPTIMAL
18.18181818181818,195.95959595959596,202,4330.0,0.0,8034.343434343435,-3704.3434343434346,OPTIMAL
18.18181818181818,197.97979797979798,202,4330.0,0.0,8117.171717171717,-3787.1717171717173,OPTIMAL
18.18181818181818,200.0,202,4330.0,0.0,8200.0,-3870.0,OPTIMAL
22.727272727272727,0.0,249,0.0,136.36363636363637,0.0,136.36363636363637,OPTIMAL
22.727272727272727,2.0202020202020203,249,0.0,136.36363636363637,0.0,136.36363636363637,OPTIMAL
22.727272727272727,4.040404040404041,249,0.0,136.36363636363637,0.0,136.36363636363637,OPTIMAL
22.727272727272727,6.0606060606060606,249,0.0,136.36363636363637,0.0,136.36363636363637,OPTIMAL
22.727272727272727,8.080808080808081,249,0.0,136.36363636363637,0.0,136.36363636363637,OPTIMAL
22.727272727272727,10.101010101010102,249,0.0,136.36363636363637,0.0,136.36363636363637,OPTIMAL
22.727272727272727,12.121212121212121,249,0.0,136.36363636363637,0.0,136.36363636363637,OPTIMAL
22.727272727272727,14.141414141414142,249,0.0,136.36363636363637,0.0,136.36363636363637,OPTIMAL
22.727272727272727,16.161616161616163,249,0.0,136.36363636363637,0.0,136.36363636363637,OPTIMAL
22.727272727272727,18.181818181818183,249,0.0,136.36363636363637,0.0,136.36363636363637,OPTIMAL
22.727272727272727,20.202020202020204,249,0.0,136.36363636363637,0.0,136.36363636363637,OPTIMAL
22.727272727272727,22.222222222222225,249,0.0,136.36363636363637,0.0,136.36363636363637,OPTIMAL
22.727272727272727,24.242424242424242,249,0.0,136.36363636363637,0.0,136.36363636363637,OPTIMAL
22.727272727272727,26.262626262626263,249,0.0,136.36363636363637,0.0,136.36363636363637,OPTIMAL
22.727272727272727,28.282828282828284,249,0.0,136.36363636363637,0.0,136.36363636363637,OPTIMAL
22.727272727272727,30.303030303030305,249,0.0,136.36363636363637,0.0,136.36363636363637,OPTIMAL
22.727272727272727,32.323232323232325,249,0.0,136.36363636363637,0.0,136.36363636363637,OPTIMAL
22.727272727272727,34.343434343434346,249,0.0,136.36363636363637,0.0,136.36363636363637,OPTIMAL
22.727272727272727,36.36363636363637,249,0.0,136.36363636363637,0.0,136.36363636363637,OPTIMAL
22.727272727272727,38.38383838383839,249,0.0,136.36363636363637,0.0,136.36363636363637,OPTIMAL
21.21212121212121,80.80808080808082,222,1530.0,0.0,1696.9696969696972,-166.96969696969722,OPTIMAL
21.21212121212121,82.82828282828284,222,1530.0,0.0,1739.3939393939395,-209.3939393939395,OPTIMAL
21.21212121212121,84.84848484848486,222,1530.0,0.0,1781.818181818182,-251.81818181818198,OPTIMAL
21.21212121212121,86.86868686868688,222,1530.0,0.0,1824.2424242424245,-294.2424242424245,OPTIMAL
21.21212121212121,88.8888888888889,222,1530.0,0.0,1866.666666666667,-336.66666666666697,OPTIMAL
21.21212121212121,90.90909090909092,217,1980.0,0.0,2363.636363636364,-383.63636363636397,OPTIMAL
21.21212121212121,92.92929292929294,217,1980.0,0.0,2416.1616161616166,-436.1616161616166,OPTIMAL
21.21212121212121,94.94949494949496,217,1980.0,0.0,2468.686868686869,-488.6868686868688,OPTIMAL
21.21212121212121,96.96969696969697,217,1980.0,0.0,2521.212121212121,-541.212121212121,OPTIMAL
21.21212121212121,98.98989898989899,217,1980.0,0.0,2573.7373737373737,-593.7373737373737,OPTIMAL
22.727272727272727,40.40404040404041,249,0.0,136.36363636363637,0.0,136.36363636363637,OPTIMAL
22.727272727272727,42.42424242424243,249,0.0,136.36363636363637,0.0,136.36363636363637,OPTIMAL
22.727272727272727,44.44444444444445,249,0.0,136.36363636363637,0.0,136.36363636363637,OPTIMAL
22.727272727272727,46.46464646464647,249,0.0,136.36363636363637,0.0,136.36363636363637,OPTIMAL
22.727272727272727,48.484848484848484,237,420.0,0.0,290.9090909090909,129.09090909090912,OPTIMAL
22.727272727272727,50.505050505050505,237,420.0,0.0,303.030303030303,116.969696969697,OPTIMAL
22.727272727272727,52.525252525252526,237,420.0,0.0,315.1515151515151,104.84848484848487,OPTIMAL
22.727272727272727,54.54545454545455,237,420.0,0.0,327.27272727272725,92.72727272727275,OPTIMAL
22.727272727272727,56.56565656565657,237,420.0,0.0,339.3939393939394,80.60606060606062,OPTIMAL
22.727272727272727,58.58585858585859,237,420.0,0.0,351.5151515151515,68.4848484848485,OPTIMAL
19.696969696969695,121.21212121212122,212,2530.0,0.0,3757.575757575758,-1227.575757575758,OPTIMAL
19.696969696969695,123.23232323232324,212,2530.0,0.0,3820.2020202020203,-1290.2020202020203,OPTIMAL
19.696969696969695,125.25252525252526,212,2530.0,0.0,3882.828282828283,-1352.8282828282831,OPTIMAL
19.696969696969695,127.27272727272728,212,2530.0,0.0,3945.4545454545455,-1415.4545454545455,OPTIMAL
19.696969696969695,129.2929292929293,212,2530.0,0.0,4008.0808080808083,-1478.0808080808083,OPTIMAL
19.696969696969695,131.31313131313132,212,2530.0,0.0,4070.707070707071,-1540.7070707070711,OPTIMAL
19.696969696969695,133.33333333333334,212,2530.0,0.0,4133.333333333334,-1603.333333333334,OPTIMAL
19.696969696969695,135.35353535353536,212,2530.0,0.0,4195.959595959596,-1665.9595959595963,OPTIMAL
19.696969696969695,137.37373737373738,212,2530.0,0.0,4258.585858585859,-1728.5858585858587,OPTIMAL
19.696969696969695,139.3939393939394,212,2530.0,0.0,4321.212121212122,-1791.212121212122,OPTIMAL
22.727272727272727,60.60606060606061,234,600.0,0.0,545.4545454545455,54.545454545454504,OPTIMAL
22.727272727272727,62.62626262626263,234,600.0,0.0,563.6363636363636,36.363636363636374,OPTIMAL
22.727272727272727,64.64646464646465,234,600.0,0.0,581.8181818181819,18.18181818181813,OPTIMAL
22.727272727272727,66.66666666666667,234,600.0,0.0,600.0,0.0,OPTIMAL
22.727272727272727,68.68686868686869,234,600.0,0.0,618.1818181818182,-18.181818181818244,OPTIMAL
22.727272727272727,70.70707070707071,231,810.0,0.0,848.4848484848485,-38.4848484848485,OPTIMAL
22.727272727272727,72.72727272727273,231,810.0,0.0,872.7272727272727,-62.72727272727275,OPTIMAL
22.727272727272727,74.74747474747475,231,810.0,0.0,896.969696969697,-86.969696969697,OPTIMAL
22.727272727272727,76.76767676767678,231,810.0,0.0,921.2121212121212,-111.21212121212125,OPTIMAL
22.727272727272727,78.7878787878788,231,810.0,0.0,945.4545454545455,-135.4545454545455,OPTIMAL
19.696969696969695,181.81818181818184,202,4330.0,0.0,7454.545454545456,-3124.545454545456,OPTIMAL
19.696969696969695,183.83838383838386,202,4330.0,0.0,7537.373737373739,-3207.3737373737385,OPTIMAL
19.696969696969695,185.85858585858588,202,4330.0,0.0,7620.202020202021,-3290.2020202020212,OPTIMAL
19.696969696969695,187.8787878787879,202,4330.0,0.0,7703.030303030304,-3373.030303030304,OPTIMAL
19.696969696969695,189.89898989898992,202,4330.0,0.0,7785.858585858587,-3455.8585858585866,OPTIMAL
19.696969696969695,191.91919191919195,202,4330.0,0.0,7868.68686868687,-3538.68686868687,OPTIMAL
19.696969696969695,193.93939393939394,202,4330.0,0.0,7951.515151515151,-3621.515151515151,OPTIMAL
19.696969696969695,195.95959595959596,202,4330.0,0.0,8034.343434343435,-3704.3434343434346,OPTIMAL
19.696969696969695,197.97979797979798,202,4330.0,0.0,8117.171717171717,-3787.1717171717173,OPTIMAL
19.696969696969695,200.0,202,4330.0,0.0,8200.0,-3870.0,OPTIMAL
19.696969696969695,141.41414141414143,212,2530.0,0.0,4383.838383838384,-1853.8383838383843,OPTIMAL
19.696969696969695,143.43434343434345,212,2530.0,0.0,4446.464646464647,-1916.4646464646466,OPTIMAL
19.696969696969695,145.45454545454547,212,2530.0,0.0,4509.09090909091,-1979.09090909091,OPTIMAL
19.696969696969695,147.4747474747475,212,2530.0,0.0,4571.717171717172,-2041.7171717171723,OPTIMAL
19.696969696969695,149.4949494949495,212,2530.0,0.0,4634.343434343435,-2104.3434343434346,OPTIMAL
19.696969696969695,151.51515151515153,212,2530.0,0.0,4696.969696969697,-2166.969696969697,OPTIMAL
19.696969696969695,153.53535353535355,212,2530.0,0.0,4759.59595959596,-2229.5959595959603,OPTIMAL
19.696969696969695,155.55555555555557,212,2530.0,0.0,4822.222222222223,-2292.2222222222226,OPTIMAL
19.696969696969695,157.5757575757576,212,2530.0,0.0,4884.848484848485,-2354.848484848485,OPTIMAL
19.696969696969695,159.5959595959596,212,2530.0,0.0,4947.474747474748,-2417.4747474747483,OPTIMAL
24.242424242424242,0.0,249,0.0,145.45454545454544,0.0,145.45454545454544,OPTIMAL
24.242424242424242,2.0202020202020203,249,0.0,145.45454545454544,0.0,145.45454545454544,OPTIMAL
24.242424242424242,4.040404040404041,249,0.0,145.45454545454544,0.0,145.45454545454544,OPTIMAL
24.242424242424242,6.0606060606060606,249,0.0,145.45454545454544,0.0,145.45454545454544,OPTIMAL
24.242424242424242,8.080808080808081,249,0.0,145.45454545454544,0.0,145.45454545454544,OPTIMAL
24.242424242424242,10.101010101010102,249,0.0,145.45454545454544,0.0,145.45454545454544,OPTIMAL
24.242424242424242,12.121212121212121,249,0.0,145.45454545454544,0.0,145.45454545454544,OPTIMAL
24.242424242424242,14.141414141414142,249,0.0,145.45454545454544,0.0,145.45454545454544,OPTIMAL
24.242424242424242,16.161616161616163,249,0.0,145.45454545454544,0.0,145.45454545454544,OPTIMAL
24.242424242424242,18.181818181818183,249,0.0,145.45454545454544,0.0,145.45454545454544,OPTIMAL
19.696969696969695,161.61616161616163,212,2530.0,0.0,5010.101010101011,-2480.1010101010106,OPTIMAL
19.696969696969695,163.63636363636365,212,2530.0,0.0,5072.727272727273,-2542.727272727273,OPTIMAL
19.696969696969695,165.65656565656568,212,2530.0,0.0,5135.353535353536,-2605.3535353535362,OPTIMAL
19.696969696969695,167.6767676767677,212,2530.0,0.0,5197.979797979799,-2667.9797979797986,OPTIMAL
19.696969696969695,169.69696969696972,212,2530.0,0.0,5260.606060606061,-2730.606060606061,OPTIMAL
19.696969696969695,171.71717171717174,212,2530.0,0.0,5323.232323232324,-2793.2323232323242,OPTIMAL
19.696969696969695,173.73737373737376,212,2530.0,0.0,5385.858585858587,-2855.8585858585866,OPTIMAL
19.696969696969695,175.75757575757578,212,2530.0,0.0,5448.484848484849,-2918.484848484849,OPTIMAL
19.696969696969695,177.7777777777778,212,2530.0,0.0,5511.111111111112,-2981.111111111112,OPTIMAL
19.696969696969695,179.79797979797982,212,2530.0,0.0,5573.737373737375,-3043.7373737373746,OPTIMAL
21.21212121212121,141.41414141414143,212,2530.0,0.0,4383.838383838384,-1853.8383838383843,OPTIMAL
21.21212121212121,143.43434343434345,212,2530.0,0.0,4446.464646464647,-1916.4646464646466,OPTIMAL
21.21212121212121,145.45454545454547,212,2530.0,0.0,4509.09090909091,-1979.09090909091,OPTIMAL
21.21212121212121,147.4747474747475,212,2530.0,0.0,4571.717171717172,-2041.7171717171723,OPTIMAL
21.21212121212121,149.4949494949495,212,2530.0,0.0,4634.343434343435,-2104.3434343434346,OPTIMAL
21.21212121212121,151.51515151515153,212,2530.0,0.0,4696.969696969697,-2166.969696969697,OPTIMAL
21.21212121212121,153.53535353535355,212,2530.0,0.0,4759.59595959596,-2229.5959595959603,OPTIMAL
21.21212121212121,155.55555555555557,212,2530.0,0.0,4822.222222222223,-2292.2222222222226,OPTIMAL
21.21212121212121,157.5757575757576,212,2530.0,0.0,4884.848484848485,-2354.848484848485,OPTIMAL
21.21212121212121,159.5959595959596,212,2530.0,0.0,4947.474747474748,-2417.4747474747483,OPTIMAL
21.21212121212121,161.61616161616163,212,2530.0,0.0,5010.101010101011,-2480.1010101010106,OPTIMAL
21.21212121212121,163.63636363636365,212,2530.0,0.0,5072.727272727273,-2542.727272727273,OPTIMAL
21.21212121212121,165.65656565656568,212,2530.0,0.0,5135.353535353536,-2605.3535353535362,OPTIMAL
21.21212121212121,167.6767676767677,212,2530.0,0.0,5197.979797979799,-2667.9797979797986,OPTIMAL
21.21212121212121,169.69696969696972,212,2530.0,0.0,5260.606060606061,-2730.606060606061,OPTIMAL
21.21212121212121,171.71717171717174,212,2530.0,0.0,5323.232323232324,-2793.2323232323242,OPTIMAL
21.21212121212121,173.73737373737376,212,2530.0,0.0,5385.858585858587,-2855.8585858585866,OPTIMAL
21.21212121212121,175.75757575757578,212,2530.0,0.0,5448.484848484849,-2918.484848484849,OPTIMAL
21.21212121212121,177.7777777777778,212,2530.0,0.0,5511.111111111112,-2981.111111111112,OPTIMAL
21.21212121212121,179.79797979797982,212,2530.0,0.0,5573.737373737375,-3043.7373737373746,OPTIMAL
24.242424242424242,20.202020202020204,249,0.0,145.45454545454544,0.0,145.45454545454544,OPTIMAL
24.242424242424242,22.222222222222225,249,0.0,145.45454545454544,0.0,145.45454545454544,OPTIMAL
24.242424242424242,24.242424242424242,249,0.0,145.45454545454544,0.0,145.45454545454544,OPTIMAL
24.242424242424242,26.262626262626263,249,0.0,145.45454545454544,0.0,145.45454545454544,OPTIMAL
24.242424242424242,28.282828282828284,249,0.0,145.45454545454544,0.0,145.45454545454544,OPTIMAL
24.242424242424242,30.303030303030305,249,0.0,145.45454545454544,0.0,145.45454545454544,OPTIMAL
24.242424242424242,32.323232323232325,249,0.0,145.45454545454544,0.0,145.45454545454544,OPTIMAL
24.242424242424242,34.343434343434346,249,0.0,145.45454545454544,0.0,145.45454545454544,OPTIMAL
24.242424242424242,36.36363636363637,249,0.0,145.45454545454544,0.0,145.45454545454544,OPTIMAL
24.242424242424242,38.38383838383839,249,0.0,145.45454545454544,0.0,145.45454545454544,OPTIMAL
21.21212121212121,121.21212121212122,212,2530.0,0.0,3757.575757575758,-1227.575757575758,OPTIMAL
21.21212121212121,123.23232323232324,212,2530.0,0.0,3820.2020202020203,-1290.2020202020203,OPTIMAL
21.21212121212121,125.25252525252526,212,2530.0,0.0,3882.828282828283,-1352.8282828282831,OPTIMAL
21.21212121212121,127.27272727272728,212,2530.0,0.0,3945.4545454545455,-1415.4545454545455,OPTIMAL
21.21212121212121,129.2929292929293,212,2530.0,0.0,4008.0808080808083,-1478.0808080808083,OPTIMAL
21.21212121212121,131.31313131313132,212,2530.0,0.0,4070.707070707071,-1540.7070707070711,OPTIMAL
21.21212121212121,133.33333333333334,212,2530.0,0.0,4133.333333333334,-1603.333333333334,OPTIMAL
21.21212121212121,135.35353535353536,212,2530.0,0.0,4195.959595959596,-1665.9595959595963,OPTIMAL
21.21212121212121,137.37373737373738,212,2530.0,0.0,4258.585858585859,-1728.5858585858587,OPTIMAL
21.21212121212121,139.3939393939394,212,2530.0,0.0,4321.212121212122,-1791.212121212122,OPTIMAL
24.242424242424242,40.40404040404041,249,0.0,145.45454545454544,0.0,145.45454545454544,OPTIMAL
24.242424242424242,42.42424242424243,249,0.0,145.45454545454544,0.0,145.45454545454544,OPTIMAL
24.242424242424242,44.44444444444445,249,0.0,145.45454545454544,0.0,145.45454545454544,OPTIMAL
24.242424242424242,46.46464646464647,237,420.0,0.0,278.7878787878788,141.2121212121212,OPTIMAL
24.242424242424242,48.484848484848484,237,420.0,0.0,290.9090909090909,129.09090909090912,OPTIMAL
24.242424242424242,50.505050505050505,237,420.0,0.0,303.030303030303,116.969696969697,OPTIMAL
24.242424242424242,52.525252525252526,237,420.0,0.0,315.1515151515151,104.84848484848487,OPTIMAL
24.242424242424242,54.54545454545455,237,420.0,0.0,327.27272727272725,92.72727272727275,OPTIMAL
24.242424242424242,56.56565656565657,237,420.0,0.0,339.3939393939394,80.60606060606062,OPTIMAL
24.242424242424242,58.58585858585859,237,420.0,0.0,351.5151515151515,68.4848484848485,OPTIMAL
22.727272727272727,80.80808080808082,222,1530.0,0.0,1696.9696969696972,-166.96969696969722,OPTIMAL
22.727272727272727,82.82828282828284,222,1530.0,0.0,1739.3939393939395,-209.3939393939395,OPTIMAL
22.727272727272727,84.84848484848486,222,1530.0,0.0,1781.818181818182,-251.81818181818198,OPTIMAL
22.727272727272727,86.86868686868688,222,1530.0,0.0,1824.2424242424245,-294.2424242424245,OPTIMAL
22.727272727272727,88.8888888888889,222,1530.0,0.0,1866.666666666667,-336.66666666666697,OPTIMAL
22.727272727272727,90.90909090909092,217,1980.0,0.0,2363.636363636364,-383.63636363636397,OPTIMAL
22.727272727272727,92.92929292929294,217,1980.0,0.0,2416.1616161616166,-436.1616161616166,OPTIMAL
22.727272727272727,94.94949494949496,217,1980.0,0.0,2468.686868686869,-488.6868686868688,OPTIMAL
22.727272727272727,96.96969696969697,217,1980.0,0.0,2521.212121212121,-541.212121212121,OPTIMAL
22.727272727272727,98.98989898989899,217,1980.0,0.0,2573.7373737373737,-593.7373737373737,OPTIMAL
24.242424242424242,60.60606060606061,234,600.0,0.0,545.4545454545455,54.545454545454504,OPTIMAL
24.242424242424242,62.62626262626263,234,600.0,0.0,563.6363636363636,36.363636363636374,OPTIMAL
24.242424242424242,64.64646464646465,234,600.0,0.0,581.8181818181819,18.18181818181813,OPTIMAL
24.242424242424242,66.66666666666667,234,600.0,0.0,600.0,0.0,OPTIMAL
24.242424242424242,68.68686868686869,234,600.0,0.0,618.1818181818182,-18.181818181818244,OPTIMAL
24.242424242424242,70.70707070707071,231,810.0,0.0,848.4848484848485,-38.4848484848485,OPTIMAL
24.242424242424242,72.72727272727273,231,810.0,0.0,872.7272727272727,-62.72727272727275,OPTIMAL
24.242424242424242,74.74747474747475,231,810.0,0.0,896.969696969697,-86.969696969697,OPTIMAL
24.242424242424242,76.76767676767678,231,810.0,0.0,921.2121212121212,-111.21212121212125,OPTIMAL
24.242424242424242,78.7878787878788,231,810.0,0.0,945.4545454545455,-135.4545454545455,OPTIMAL
21.21212121212121,101.01010101010101,217,1980.0,0.0,2626.2626262626263,-646.2626262626263,OPTIMAL
21.21212121212121,103.03030303030303,217,1980.0,0.0,2678.787878787879,-698.787878787879,OPTIMAL
21.21212121212121,105.05050505050505,217,1980.0,0.0,2731.313131313131,-751.3131313131312,OPTIMAL
21.21212121212121,107.07070707070707,217,1980.0,0.0,2783.838383838384,-803.8383838383838,OPTIMAL
21.21212121212121,109.0909090909091,217,1980.0,0.0,2836.3636363636365,-856.3636363636365,OPTIMAL
21.21212121212121,111.11111111111111,212,2530.0,0.0,3444.4444444444443,-914.4444444444443,OPTIMAL
21.21212121212121,113.13131313131314,212,2530.0,0.0,3507.070707070707,-977.0707070707072,OPTIMAL
21.21212121212121,115.15151515151516,212,2530.0,0.0,3569.69696969697,-1039.69696969697,OPTIMAL
21.21212121212121,117.17171717171718,212,2530.0,0.0,3632.3232323232323,-1102.3232323232323,OPTIMAL
21.21212121212121,119.1919191919192,212,2530.0,0.0,3694.949494949495,-1164.9494949494951,OPTIMAL
22.727272727272727,101.01010101010101,217,1980.0,0.0,2626.2626262626263,-646.2626262626263,OPTIMAL
22.727272727272727,103.03030303030303,217,1980.0,0.0,2678.787878787879,-698.787878787879,OPTIMAL
22.727272727272727,105.05050505050505,217,1980.0,0.0,2731.313131313131,-751.3131313131312,OPTIMAL
22.727272727272727,107.07070707070707,217,1980.0,0.0,2783.838383838384,-803.8383838383838,OPTIMAL
22.727272727272727,109.0909090909091,217,1980.0,0.0,2836.3636363636365,-856.3636363636365,OPTIMAL
22.727272727272727,111.11111111111111,212,2530.0,0.0,3444.4444444444443,-914.4444444444443,OPTIMAL
22.727272727272727,113.13131313131314,212,2530.0,0.0,3507.070707070707,-977.0707070707072,OPTIMAL
22.727272727272727,115.15151515151516,212,2530.0,0.0,3569.69696969697,-1039.69696969697,OPTIMAL
22.727272727272727,117.17171717171718,212,2530.0,0.0,3632.3232323232323,-1102.3232323232323,OPTIMAL
22.727272727272727,119.1919191919192,212,2530.0,0.0,3694.949494949495,-1164.9494949494951,OPTIMAL
21.21212121212121,181.81818181818184,202,4330.0,0.0,7454.545454545456,-3124.545454545456,OPTIMAL
21.21212121212121,183.83838383838386,202,4330.0,0.0,7537.373737373739,-3207.3737373737385,OPTIMAL
21.21212121212121,185.85858585858588,202,4330.0,0.0,7620.202020202021,-3290.2020202020212,OPTIMAL
21.21212121212121,187.8787878787879,202,4330.0,0.0,7703.030303030304,-3373.030303030304,OPTIMAL
21.21212121212121,189.89898989898992,202,4330.0,0.0,7785.858585858587,-3455.8585858585866,OPTIMAL
21.21212121212121,191.91919191919195,202,4330.0,0.0,7868.68686868687,-3538.68686868687,OPTIMAL
21.21212121212121,193.93939393939394,202,4330.0,0.0,7951.515151515151,-3621.515151515151,OPTIMAL
21.21212121212121,195.95959595959596,202,4330.0,0.0,8034.343434343435,-3704.3434343434346,OPTIMAL
21.21212121212121,197.97979797979798,202,4330.0,0.0,8117.171717171717,-3787.1717171717173,OPTIMAL
21.21212121212121,200.0,202,4330.0,0.0,8200.0,-3870.0,OPTIMAL
25.757575757575758,0.0,249,0.0,154.54545454545456,0.0,154.54545454545456,OPTIMAL
25.757575757575758,2.0202020202020203,249,0.0,154.54545454545456,0.0,154.54545454545456,OPTIMAL
25.757575757575758,4.040404040404041,249,0.0,154.54545454545456,0.0,154.54545454545456,OPTIMAL
25.757575757575758,6.0606060606060606,249,0.0,154.54545454545456,0.0,154.54545454545456,OPTIMAL
25.757575757575758,8.080808080808081,249,0.0,154.54545454545456,0.0,154.54545454545456,OPTIMAL
25.757575757575758,10.101010101010102,249,0.0,154.54545454545456,0.0,154.54545454545456,OPTIMAL
25.757575757575758,12.121212121212121,249,0.0,154.54545454545456,0.0,154.54545454545456,OPTIMAL
25.757575757575758,14.141414141414142,249,0.0,154.54545454545456,0.0,154.54545454545456,OPTIMAL
25.757575757575758,16.161616161616163,249,0.0,154.54545454545456,0.0,154.54545454545456,OPTIMAL
25.757575757575758,18.181818181818183,249,0.0,154.54545454545456,0.0,154.54545454545456,OPTIMAL
25.757575757575758,20.202020202020204,249,0.0,154.54545454545456,0.0,154.54545454545456,OPTIMAL
25.757575757575758,22.222222222222225,249,0.0,154.54545454545456,0.0,154.54545454545456,OPTIMAL
25.757575757575758,24.242424242424242,249,0.0,154.54545454545456,0.0,154.54545454545456,OPTIMAL
25.757575757575758,26.262626262626263,249,0.0,154.54545454545456,0.0,154.54545454545456,OPTIMAL
25.757575757575758,28.282828282828284,249,0.0,154.54545454545456,0.0,154.54545454545456,OPTIMAL
25.757575757575758,30.303030303030305,249,0.0,154.54545454545456,0.0,154.54545454545456,OPTIMAL
25.757575757575758,32.323232323232325,249,0.0,154.54545454545456,0.0,154.54545454545456,OPTIMAL
25.757575757575758,34.343434343434346,249,0.0,154.54545454545456,0.0,154.54545454545456,OPTIMAL
25.757575757575758,36.36363636363637,249,0.0,154.54545454545456,0.0,154.54545454545456,OPTIMAL
25.757575757575758,38.38383838383839,249,0.0,154.54545454545456,0.0,154.54545454545456,OPTIMAL
22.727272727272727,161.61616161616163,212,2530.0,0.0,5010.101010101011,-2480.1010101010106,OPTIMAL
22.727272727272727,163.63636363636365,212,2530.0,0.0,5072.727272727273,-2542.727272727273,OPTIMAL
22.727272727272727,165.65656565656568,212,2530.0,0.0,5135.353535353536,-2605.3535353535362,OPTIMAL
22.727272727272727,167.6767676767677,212,2530.0,0.0,5197.979797979799,-2667.9797979797986,OPTIMAL
22.727272727272727,169.69696969696972,212,2530.0,0.0,5260.606060606061,-2730.606060606061,OPTIMAL
22.727272727272727,171.71717171717174,212,2530.0,0.0,5323.232323232324,-2793.2323232323242,OPTIMAL
22.727272727272727,173.73737373737376,212,2530.0,0.0,5385.858585858587,-2855.8585858585866,OPTIMAL
22.727272727272727,175.75757575757578,212,2530.0,0.0,5448.484848484849,-2918.484848484849,OPTIMAL
22.727272727272727,177.7777777777778,212,2530.0,0.0,5511.111111111112,-2981.111111111112,OPTIMAL
22.727272727272727,179.79797979797982,212,2530.0,0.0,5573.737373737375,-3043.7373737373746,OPTIMAL
22.727272727272727,141.41414141414143,212,2530.0,0.0,4383.838383838384,-1853.8383838383843,OPTIMAL
22.727272727272727,143.43434343434345,212,2530.0,0.0,4446.464646464647,-1916.4646464646466,OPTIMAL
22.727272727272727,145.45454545454547,212,2530.0,0.0,4509.09090909091,-1979.09090909091,OPTIMAL
22.727272727272727,147.4747474747475,212,2530.0,0.0,4571.717171717172,-2041.7171717171723,OPTIMAL
22.727272727272727,149.4949494949495,212,2530.0,0.0,4634.343434343435,-2104.3434343434346,OPTIMAL
22.727272727272727,151.51515151515153,212,2530.0,0.0,4696.969696969697,-2166.969696969697,OPTIMAL
22.727272727272727,153.53535353535355,212,2530.0,0.0,4759.59595959596,-2229.5959595959603,OPTIMAL
22.727272727272727,155.55555555555557,212,2530.0,0.0,4822.222222222223,-2292.2222222222226,OPTIMAL
22.727272727272727,157.5757575757576,212,2530.0,0.0,4884.848484848485,-2354.848484848485,OPTIMAL
22.727272727272727,159.5959595959596,212,2530.0,0.0,4947.474747474748,-2417.4747474747483,OPTIMAL
25.757575757575758,60.60606060606061,234,600.0,0.0,545.4545454545455,54.545454545454504,OPTIMAL
25.757575757575758,62.62626262626263,234,600.0,0.0,563.6363636363636,36.363636363636374,OPTIMAL
25.757575757575758,64.64646464646465,234,600.0,0.0,581.8181818181819,18.18181818181813,OPTIMAL
25.757575757575758,66.66666666666667,234,600.0,0.0,600.0,0.0,OPTIMAL
25.757575757575758,68.68686868686869,234,600.0,0.0,618.1818181818182,-18.181818181818244,OPTIMAL
25.757575757575758,70.70707070707071,231,810.0,0.0,848.4848484848485,-38.4848484848485,OPTIMAL
25.757575757575758,72.72727272727273,231,810.0,0.0,872.7272727272727,-62.72727272727275,OPTIMAL
25.757575757575758,74.74747474747475,231,810.0,0.0,896.969696969697,-86.969696969697,OPTIMAL
25.757575757575758,76.76767676767678,231,810.0,0.0,921.2121212121212,-111.21212121212125,OPTIMAL
25.757575757575758,78.7878787878788,231,810.0,0.0,945.4545454545455,-135.4545454545455,OPTIMAL
24.242424242424242,80.80808080808082,222,1530.0,0.0,1696.9696969696972,-166.96969696969722,OPTIMAL
24.242424242424242,82.82828282828284,222,1530.0,0.0,1739.3939393939395,-209.3939393939395,OPTIMAL
24.242424242424242,84.84848484848486,222,1530.0,0.0,1781.818181818182,-251.81818181818198,OPTIMAL
24.242424242424242,86.86868686868688,222,1530.0,0.0,1824.2424242424245,-294.2424242424245,OPTIMAL
24.242424242424242,88.8888888888889,222,1530.0,0.0,1866.666666666667,-336.66666666666697,OPTIMAL
24.242424242424242,90.90909090909092,217,1980.0,0.0,2363.636363636364,-383.63636363636397,OPTIMAL
24.242424242424242,92.92929292929294,217,1980.0,0.0,2416.1616161616166,-436.1616161616166,OPTIMAL
24.242424242424242,94.94949494949496,217,1980.0,0.0,2468.686868686869,-488.6868686868688,OPTIMAL
24.242424242424242,96.96969696969697,217,1980.0,0.0,2521.212121212121,-541.212121212121,OPTIMAL
24.242424242424242,98.98989898989899,217,1980.0,0.0,2573.7373737373737,-593.7373737373737,OPTIMAL
22.727272727272727,181.81818181818184,202,4330.0,0.0,7454.545454545456,-3124.545454545456,OPTIMAL
22.727272727272727,183.83838383838386,202,4330.0,0.0,7537.373737373739,-3207.3737373737385,OPTIMAL
22.727272727272727,185.85858585858588,202,4330.0,0.0,7620.202020202021,-3290.2020202020212,OPTIMAL
22.727272727272727,187.8787878787879,202,4330.0,0.0,7703.030303030304,-3373.030303030304,OPTIMAL
22.727272727272727,189.89898989898992,202,4330.0,0.0,7785.858585858587,-3455.8585858585866,OPTIMAL
22.727272727272727,191.91919191919195,202,4330.0,0.0,7868.68686868687,-3538.68686868687,OPTIMAL
22.727272727272727,193.93939393939394,202,4330.0,0.0,7951.515151515151,-3621.515151515151,OPTIMAL
22.727272727272727,195.95959595959596,202,4330.0,0.0,8034.343434343435,-3704.3434343434346,OPTIMAL
22.727272727272727,197.97979797979798,202,4330.0,0.0,8117.171717171717,-3787.1717171717173,OPTIMAL
22.727272727272727,200.0,202,4330.0,0.0,8200.0,-3870.0,OPTIMAL
22.727272727272727,121.21212121212122,212,2530.0,0.0,3757.575757575758,-1227.575757575758,OPTIMAL
22.727272727272727,123.23232323232324,212,2530.0,0.0,3820.2020202020203,-1290.2020202020203,OPTIMAL
22.727272727272727,125.25252525252526,212,2530.0,0.0,3882.828282828283,-1352.8282828282831,OPTIMAL
22.727272727272727,127.27272727272728,212,2530.0,0.0,3945.4545454545455,-1415.4545454545455,OPTIMAL
22.727272727272727,129.2929292929293,212,2530.0,0.0,4008.0808080808083,-1478.0808080808083,OPTIMAL
22.727272727272727,131.31313131313132,212,2530.0,0.0,4070.707070707071,-1540.7070707070711,OPTIMAL
22.727272727272727,133.33333333333334,212,2530.0,0.0,4133.333333333334,-1603.333333333334,OPTIMAL
22.727272727272727,135.35353535353536,212,2530.0,0.0,4195.959595959596,-1665.9595959595963,OPTIMAL
22.727272727272727,137.37373737373738,212,2530.0,0.0,4258.585858585859,-1728.5858585858587,OPTIMAL
22.727272727272727,139.3939393939394,212,2530.0,0.0,4321.212121212122,-1791.212121212122,OPTIMAL
25.757575757575758,40.40404040404041,249,0.0,154.54545454545456,0.0,154.54545454545456,OPTIMAL
25.757575757575758,42.42424242424243,249,0.0,154.54545454545456,0.0,154.54545454545456,OPTIMAL
25.757575757575758,44.44444444444445,237,420.0,0.0,266.6666666666667,153.33333333333331,OPTIMAL
25.757575757575758,46.46464646464647,237,420.0,0.0,278.7878787878788,141.2121212121212,OPTIMAL
25.757575757575758,48.484848484848484,237,420.0,0.0,290.9090909090909,129.09090909090912,OPTIMAL
25.757575757575758,50.505050505050505,237,420.0,0.0,303.030303030303,116.969696969697,OPTIMAL
25.757575757575758,52.525252525252526,237,420.0,0.0,315.1515151515151,104.84848484848487,OPTIMAL
25.757575757575758,54.54545454545455,237,420.0,0.0,327.27272727272725,92.72727272727275,OPTIMAL
25.757575757575758,56.56565656565657,237,420.0,0.0,339.3939393939394,80.60606060606062,OPTIMAL
25.757575757575758,58.58585858585859,237,420.0,0.0,351.5151515151515,68.4848484848485,OPTIMAL
24.242424242424242,101.01010101010101,217,1980.0,0.0,2626.2626262626263,-646.2626262626263,OPTIMAL
24.242424242424242,103.03030303030303,217,1980.0,0.0,2678.787878787879,-698.787878787879,OPTIMAL
24.242424242424242,105.05050505050505,217,1980.0,0.0,2731.313131313131,-751.3131313131312,OPTIMAL
24.242424242424242,107.07070707070707,217,1980.0,0.0,2783.838383838384,-803.8383838383838,OPTIMAL
24.242424242424242,109.0909090909091,217,1980.0,0.0,2836.3636363636365,-856.3636363636365,OPTIMAL
24.242424242424242,111.11111111111111,212,2530.0,0.0,3444.4444444444443,-914.4444444444443,OPTIMAL
24.242424242424242,113.13131313131314,212,2530.0,0.0,3507.070707070707,-977.0707070707072,OPTIMAL
24.242424242424242,115.15151515151516,212,2530.0,0.0,3569.69696969697,-1039.69696969697,OPTIMAL
24.242424242424242,117.17171717171718,212,2530.0,0.0,3632.3232323232323,-1102.3232323232323,OPTIMAL
24.242424242424242,119.1919191919192,212,2530.0,0.0,3694.949494949495,-1164.9494949494951,OPTIMAL
27.272727272727273,0.0,249,0.0,163.63636363636363,0.0,163.63636363636363,OPTIMAL
27.272727272727273,2.0202020202020203,249,0.0,163.63636363636363,0.0,163.63636363636363,OPTIMAL
27.272727272727273,4.040404040404041,249,0.0,163.63636363636363,0.0,163.63636363636363,OPTIMAL
27.272727272727273,6.0606060606060606,249,0.0,163.63636363636363,0.0,163.63636363636363,OPTIMAL
27.272727272727273,8.080808080808081,249,0.0,163.63636363636363,0.0,163.63636363636363,OPTIMAL
27.272727272727273,10.101010101010102,249,0.0,163.63636363636363,0.0,163.63636363636363,OPTIMAL
27.272727272727273,12.121212121212121,249,0.0,163.63636363636363,0.0,163.63636363636363,OPTIMAL
27.272727272727273,14.141414141414142,249,0.0,163.63636363636363,0.0,163.63636363636363,OPTIMAL
27.272727272727273,16.161616161616163,249,0.0,163.63636363636363,0.0,163.63636363636363,OPTIMAL
27.272727272727273,18.181818181818183,249,0.0,163.63636363636363,0.0,163.63636363636363,OPTIMAL
27.272727272727273,20.202020202020204,249,0.0,163.63636363636363,0.0,163.63636363636363,OPTIMAL
27.272727272727273,22.222222222222225,249,0.0,163.63636363636363,0.0,163.63636363636363,OPTIMAL
27.272727272727273,24.242424242424242,249,0.0,163.63636363636363,0.0,163.63636363636363,OPTIMAL
27.272727272727273,26.262626262626263,249,0.0,163.63636363636363,0.0,163.63636363636363,OPTIMAL
27.272727272727273,28.282828282828284,249,0.0,163.63636363636363,0.0,163.63636363636363,OPTIMAL
27.272727272727273,30.303030303030305,249,0.0,163.63636363636363,0.0,163.63636363636363,OPTIMAL
27.272727272727273,32.323232323232325,249,0.0,163.63636363636363,0.0,163.63636363636363,OPTIMAL
27.272727272727273,34.343434343434346,249,0.0,163.63636363636363,0.0,163.63636363636363,OPTIMAL
27.272727272727273,36.36363636363637,249,0.0,163.63636363636363,0.0,163.63636363636363,OPTIMAL
27.272727272727273,38.38383838383839,249,0.0,163.63636363636363,0.0,163.63636363636363,OPTIMAL
27.272727272727273,40.40404040404041,249,0.0,163.63636363636363,0.0,163.63636363636363,OPTIMAL
27.272727272727273,42.42424242424243,249,0.0,163.63636363636363,0.0,163.63636363636363,OPTIMAL
27.272727272727273,44.44444444444445,237,420.0,0.0,266.6666666666667,153.33333333333331,OPTIMAL
27.272727272727273,46.46464646464647,237,420.0,0.0,278.7878787878788,141.2121212121212,OPTIMAL
27.272727272727273,48.484848484848484,237,420.0,0.0,290.9090909090909,129.09090909090912,OPTIMAL
27.272727272727273,50.505050505050505,237,420.0,0.0,303.030303030303,116.969696969697,OPTIMAL
27.272727272727273,52.525252525252526,237,420.0,0.0,315.1515151515151,104.84848484848487,OPTIMAL
27.272727272727273,54.54545454545455,237,420.0,0.0,327.27272727272725,92.72727272727275,OPTIMAL
27.272727272727273,56.56565656565657,237,420.0,0.0,339.3939393939394,80.60606060606062,OPTIMAL
27.272727272727273,58.58585858585859,237,420.0,0.0,351.5151515151515,68.4848484848485,OPTIMAL
25.757575757575758,80.80808080808082,222,1530.0,0.0,1696.9696969696972,-166.96969696969722,OPTIMAL
25.757575757575758,82.82828282828284,222,1530.0,0.0,1739.3939393939395,-209.3939393939395,OPTIMAL
25.757575757575758,84.84848484848486,222,1530.0,0.0,1781.818181818182,-251.81818181818198,OPTIMAL
25.757575757575758,86.86868686868688,222,1530.0,0.0,1824.2424242424245,-294.2424242424245,OPTIMAL
25.757575757575758,88.8888888888889,222,1530.0,0.0,1866.666666666667,-336.66666666666697,OPTIMAL
25.757575757575758,90.90909090909092,217,1980.0,0.0,2363.636363636364,-383.63636363636397,OPTIMAL
25.757575757575758,92.92929292929294,217,1980.0,0.0,2416.1616161616166,-436.1616161616166,OPTIMAL
25.757575757575758,94.94949494949496,217,1980.0,0.0,2468.686868686869,-488.6868686868688,OPTIMAL
25.757575757575758,96.96969696969697,217,1980.0,0.0,2521.212121212121,-541.212121212121,OPTIMAL
25.757575757575758,98.98989898989899,217,1980.0,0.0,2573.7373737373737,-593.7373737373737,OPTIMAL
27.272727272727273,60.60606060606061,234,600.0,0.0,545.4545454545455,54.545454545454504,OPTIMAL
27.272727272727273,62.62626262626263,234,600.0,0.0,563.6363636363636,36.363636363636374,OPTIMAL
27.272727272727273,64.64646464646465,234,600.0,0.0,581.8181818181819,18.18181818181813,OPTIMAL
27.272727272727273,66.66666666666667,234,600.0,0.0,600.0,0.0,OPTIMAL
27.272727272727273,68.68686868686869,234,600.0,0.0,618.1818181818182,-18.181818181818244,OPTIMAL
27.272727272727273,70.70707070707071,231,810.0,0.0,848.4848484848485,-38.4848484848485,OPTIMAL
27.272727272727273,72.72727272727273,231,810.0,0.0,872.7272727272727,-62.72727272727275,OPTIMAL
27.272727272727273,74.74747474747475,231,810.0,0.0,896.969696969697,-86.969696969697,OPTIMAL
27.272727272727273,76.76767676767678,231,810.0,0.0,921.2121212121212,-111.21212121212125,OPTIMAL
27.272727272727273,78.7878787878788,231,810.0,0.0,945.4545454545455,-135.4545454545455,OPTIMAL
24.242424242424242,141.41414141414143,212,2530.0,0.0,4383.838383838384,-1853.8383838383843,OPTIMAL
24.242424242424242,143.43434343434345,212,2530.0,0.0,4446.464646464647,-1916.4646464646466,OPTIMAL
24.242424242424242,145.45454545454547,212,2530.0,0.0,4509.09090909091,-1979.09090909091,OPTIMAL
24.242424242424242,147.4747474747475,212,2530.0,0.0,4571.717171717172,-2041.7171717171723,OPTIMAL
24.242424242424242,149.4949494949495,212,2530.0,0.0,4634.343434343435,-2104.3434343434346,OPTIMAL
24.242424242424242,151.51515151515153,212,2530.0,0.0,4696.969696969697,-2166.969696969697,OPTIMAL
24.242424242424242,153.53535353535355,212,2530.0,0.0,4759.59595959596,-2229.5959595959603,OPTIMAL
24.242424242424242,155.55555555555557,212,2530.0,0.0,4822.222222222223,-2292.2222222222226,OPTIMAL
24.242424242424242,157.5757575757576,212,2530.0,0.0,4884.848484848485,-2354.848484848485,OPTIMAL
24.242424242424242,159.5959595959596,212,2530.0,0.0,4947.474747474748,-2417.4747474747483,OPTIMAL
25.757575757575758,101.01010101010101,217,1980.0,0.0,2626.2626262626263,-646.2626262626263,OPTIMAL
25.757575757575758,103.03030303030303,217,1980.0,0.0,2678.787878787879,-698.787878787879,OPTIMAL
25.757575757575758,105.05050505050505,217,1980.0,0.0,2731.313131313131,-751.3131313131312,OPTIMAL
25.757575757575758,107.07070707070707,217,1980.0,0.0,2783.838383838384,-803.8383838383838,OPTIMAL
25.757575757575758,109.0909090909091,217,1980.0,0.0,2836.3636363636365,-856.3636363636365,OPTIMAL
25.757575757575758,111.11111111111111,212,2530.0,0.0,3444.4444444444443,-914.4444444444443,OPTIMAL
25.757575757575758,113.13131313131314,212,2530.0,0.0,3507.070707070707,-977.0707070707072,OPTIMAL
25.757575757575758,115.15151515151516,212,2530.0,0.0,3569.69696969697,-1039.69696969697,OPTIMAL
25.757575757575758,117.17171717171718,212,2530.0,0.0,3632.3232323232323,-1102.3232323232323,OPTIMAL
25.757575757575758,119.1919191919192,212,2530.0,0.0,3694.949494949495,-1164.9494949494951,OPTIMAL
24.242424242424242,161.61616161616163,212,2530.0,0.0,5010.101010101011,-2480.1010101010106,OPTIMAL
24.242424242424242,163.63636363636365,212,2530.0,0.0,5072.727272727273,-2542.727272727273,OPTIMAL
24.242424242424242,165.65656565656568,212,2530.0,0.0,5135.353535353536,-2605.3535353535362,OPTIMAL
24.242424242424242,167.6767676767677,212,2530.0,0.0,5197.979797979799,-2667.9797979797986,OPTIMAL
24.242424242424242,169.69696969696972,212,2530.0,0.0,5260.606060606061,-2730.606060606061,OPTIMAL
24.242424242424242,171.71717171717174,212,2530.0,0.0,5323.232323232324,-2793.2323232323242,OPTIMAL
24.242424242424242,173.73737373737376,212,2530.0,0.0,5385.858585858587,-2855.8585858585866,OPTIMAL
24.242424242424242,175.75757575757578,212,2530.0,0.0,5448.484848484849,-2918.484848484849,OPTIMAL
24.242424242424242,177.7777777777778,212,2530.0,0.0,5511.111111111112,-2981.111111111112,OPTIMAL
24.242424242424242,179.79797979797982,212,2530.0,0.0,5573.737373737375,-3043.7373737373746,OPTIMAL
24.242424242424242,121.21212121212122,212,2530.0,0.0,3757.575757575758,-1227.575757575758,OPTIMAL
24.242424242424242,123.23232323232324,212,2530.0,0.0,3820.2020202020203,-1290.2020202020203,OPTIMAL
24.242424242424242,125.25252525252526,212,2530.0,0.0,3882.828282828283,-1352.8282828282831,OPTIMAL
24.242424242424242,127.27272727272728,212,2530.0,0.0,3945.4545454545455,-1415.4545454545455,OPTIMAL
24.242424242424242,129.2929292929293,212,2530.0,0.0,4008.0808080808083,-1478.0808080808083,OPTIMAL
24.242424242424242,131.31313131313132,212,2530.0,0.0,4070.707070707071,-1540.7070707070711,OPTIMAL
24.242424242424242,133.33333333333334,212,2530.0,0.0,4133.333333333334,-1603.333333333334,OPTIMAL
24.242424242424242,135.35353535353536,212,2530.0,0.0,4195.959595959596,-1665.9595959595963,OPTIMAL
24.242424242424242,137.37373737373738,212,2530.0,0.0,4258.585858585859,-1728.5858585858587,OPTIMAL
24.242424242424242,139.3939393939394,212,2530.0,0.0,4321.212121212122,-1791.212121212122,OPTIMAL
24.242424242424242,181.81818181818184,202,4330.0,0.0,7454.545454545456,-3124.545454545456,OPTIMAL
24.242424242424242,183.83838383838386,202,4330.0,0.0,7537.373737373739,-3207.3737373737385,OPTIMAL
24.242424242424242,185.85858585858588,202,4330.0,0.0,7620.202020202021,-3290.2020202020212,OPTIMAL
24.242424242424242,187.8787878787879,202,4330.0,0.0,7703.030303030304,-3373.030303030304,OPTIMAL
24.242424242424242,189.89898989898992,202,4330.0,0.0,7785.858585858587,-3455.8585858585866,OPTIMAL
24.242424242424242,191.91919191919195,202,4330.0,0.0,7868.68686868687,-3538.68686868687,OPTIMAL
24.242424242424242,193.93939393939394,202,4330.0,0.0,7951.515151515151,-3621.515151515151,OPTIMAL
24.242424242424242,195.95959595959596,202,4330.0,0.0,8034.343434343435,-3704.3434343434346,OPTIMAL
24.242424242424242,197.97979797979798,202,4330.0,0.0,8117.171717171717,-3787.1717171717173,OPTIMAL
24.242424242424242,200.0,202,4330.0,0.0,8200.0,-3870.0,OPTIMAL
28.78787878787879,0.0,249,0.0,172.72727272727275,0.0,172.72727272727275,OPTIMAL
28.78787878787879,2.0202020202020203,249,0.0,172.72727272727275,0.0,172.72727272727275,OPTIMAL
28.78787878787879,4.040404040404041,249,0.0,172.72727272727275,0.0,172.72727272727275,OPTIMAL
28.78787878787879,6.0606060606060606,249,0.0,172.72727272727275,0.0,172.72727272727275,OPTIMAL
28.78787878787879,8.080808080808081,249,0.0,172.72727272727275,0.0,172.72727272727275,OPTIMAL
28.78787878787879,10.101010101010102,249,0.0,172.72727272727275,0.0,172.72727272727275,OPTIMAL
28.78787878787879,12.121212121212121,249,0.0,172.72727272727275,0.0,172.72727272727275,OPTIMAL
28.78787878787879,14.141414141414142,249,0.0,172.72727272727275,0.0,172.72727272727275,OPTIMAL
28.78787878787879,16.161616161616163,249,0.0,172.72727272727275,0.0,172.72727272727275,OPTIMAL
28.78787878787879,18.181818181818183,249,0.0,172.72727272727275,0.0,172.72727272727275,OPTIMAL
28.78787878787879,20.202020202020204,249,0.0,172.72727272727275,0.0,172.72727272727275,OPTIMAL
28.78787878787879,22.222222222222225,249,0.0,172.72727272727275,0.0,172.72727272727275,OPTIMAL
28.78787878787879,24.242424242424242,249,0.0,172.72727272727275,0.0,172.72727272727275,OPTIMAL
28.78787878787879,26.262626262626263,249,0.0,172.72727272727275,0.0,172.72727272727275,OPTIMAL
28.78787878787879,28.282828282828284,249,0.0,172.72727272727275,0.0,172.72727272727275,OPTIMAL
28.78787878787879,30.303030303030305,249,0.0,172.72727272727275,0.0,172.72727272727275,OPTIMAL
28.78787878787879,32.323232323232325,249,0.0,172.72727272727275,0.0,172.72727272727275,OPTIMAL
28.78787878787879,34.343434343434346,249,0.0,172.72727272727275,0.0,172.72727272727275,OPTIMAL
28.78787878787879,36.36363636363637,249,0.0,172.72727272727275,0.0,172.72727272727275,OPTIMAL
28.78787878787879,38.38383838383839,249,0.0,172.72727272727275,0.0,172.72727272727275,OPTIMAL
27.272727272727273,80.80808080808082,222,1530.0,0.0,1696.9696969696972,-166.96969696969722,OPTIMAL
27.272727272727273,82.82828282828284,222,1530.0,0.0,1739.3939393939395,-209.3939393939395,OPTIMAL
27.272727272727273,84.84848484848486,222,1530.0,0.0,1781.818181818182,-251.81818181818198,OPTIMAL
27.272727272727273,86.86868686868688,222,1530.0,0.0,1824.2424242424245,-294.2424242424245,OPTIMAL
27.272727272727273,88.8888888888889,222,1530.0,0.0,1866.666666666667,-336.66666666666697,OPTIMAL
27.272727272727273,90.90909090909092,217,1980.0,0.0,2363.636363636364,-383.63636363636397,OPTIMAL
27.272727272727273,92.92929292929294,217,1980.0,0.0,2416.1616161616166,-436.1616161616166,OPTIMAL
27.272727272727273,94.94949494949496,217,1980.0,0.0,2468.686868686869,-488.6868686868688,OPTIMAL
27.272727272727273,96.96969696969697,217,1980.0,0.0,2521.212121212121,-541.212121212121,OPTIMAL
27.272727272727273,98.98989898989899,217,1980.0,0.0,2573.7373737373737,-593.7373737373737,OPTIMAL
28.78787878787879,40.40404040404041,249,0.0,172.72727272727275,0.0,172.72727272727275,OPTIMAL
28.78787878787879,42.42424242424243,237,420.0,0.0,254.54545454545456,165.45454545454544,OPTIMAL
28.78787878787879,44.44444444444445,237,420.0,0.0,266.6666666666667,153.33333333333331,OPTIMAL
28.78787878787879,46.46464646464647,237,420.0,0.0,278.7878787878788,141.2121212121212,OPTIMAL
28.78787878787879,48.484848484848484,237,420.0,0.0,290.9090909090909,129.09090909090912,OPTIMAL
28.78787878787879,50.505050505050505,237,420.0,0.0,303.030303030303,116.969696969697,OPTIMAL
28.78787878787879,52.525252525252526,237,420.0,0.0,315.1515151515151,104.84848484848487,OPTIMAL
28.78787878787879,54.54545454545455,237,420.0,0.0,327.27272727272725,92.72727272727275,OPTIMAL
28.78787878787879,56.56565656565657,237,420.0,0.0,339.3939393939394,80.60606060606062,OPTIMAL
28.78787878787879,58.58585858585859,237,420.0,0.0,351.5151515151515,68.4848484848485,OPTIMAL
25.757575757575758,161.61616161616163,212,2530.0,0.0,5010.101010101011,-2480.1010101010106,OPTIMAL
25.757575757575758,163.63636363636365,212,2530.0,0.0,5072.727272727273,-2542.727272727273,OPTIMAL
25.757575757575758,165.65656565656568,212,2530.0,0.0,5135.353535353536,-2605.3535353535362,OPTIMAL
25.757575757575758,167.6767676767677,212,2530.0,0.0,5197.979797979799,-2667.9797979797986,OPTIMAL
25.757575757575758,169.69696969696972,212,2530.0,0.0,5260.606060606061,-2730.606060606061,OPTIMAL
25.757575757575758,171.71717171717174,212,2530.0,0.0,5323.232323232324,-2793.2323232323242,OPTIMAL
25.757575757575758,173.73737373737376,212,2530.0,0.0,5385.858585858587,-2855.8585858585866,OPTIMAL
25.757575757575758,175.75757575757578,212,2530.0,0.0,5448.484848484849,-2918.484848484849,OPTIMAL
25.757575757575758,177.7777777777778,212,2530.0,0.0,5511.111111111112,-2981.111111111112,OPTIMAL
25.757575757575758,179.79797979797982,212,2530.0,0.0,5573.737373737375,-3043.7373737373746,OPTIMAL
28.78787878787879,60.60606060606061,234,600.0,0.0,545.4545454545455,54.545454545454504,OPTIMAL
28.78787878787879,62.62626262626263,234,600.0,0.0,563.6363636363636,36.363636363636374,OPTIMAL
28.78787878787879,64.64646464646465,234,600.0,0.0,581.8181818181819,18.18181818181813,OPTIMAL
28.78787878787879,66.66666666666667,234,600.0,0.0,600.0,0.0,OPTIMAL
28.78787878787879,68.68686868686869,234,600.0,0.0,618.1818181818182,-18.181818181818244,OPTIMAL
28.78787878787879,70.70707070707071,231,810.0,0.0,848.4848484848485,-38.4848484848485,OPTIMAL
28.78787878787879,72.72727272727273,231,810.0,0.0,872.7272727272727,-62.72727272727275,OPTIMAL
28.78787878787879,74.74747474747475,231,810.0,0.0,896.969696969697,-86.969696969697,OPTIMAL
28.78787878787879,76.76767676767678,231,810.0,0.0,921.2121212121212,-111.21212121212125,OPTIMAL
28.78787878787879,78.7878787878788,231,810.0,0.0,945.4545454545455,-135.4545454545455,OPTIMAL
25.757575757575758,121.21212121212122,212,2530.0,0.0,3757.575757575758,-1227.575757575758,OPTIMAL
25.757575757575758,123.23232323232324,212,2530.0,0.0,3820.2020202020203,-1290.2020202020203,OPTIMAL
25.757575757575758,125.25252525252526,212,2530.0,0.0,3882.828282828283,-1352.8282828282831,OPTIMAL
25.757575757575758,127.27272727272728,212,2530.0,0.0,3945.4545454545455,-1415.4545454545455,OPTIMAL
25.757575757575758,129.2929292929293,212,2530.0,0.0,4008.0808080808083,-1478.0808080808083,OPTIMAL
25.757575757575758,131.31313131313132,212,2530.0,0.0,4070.707070707071,-1540.7070707070711,OPTIMAL
25.757575757575758,133.33333333333334,212,2530.0,0.0,4133.333333333334,-1603.333333333334,OPTIMAL
25.757575757575758,135.35353535353536,212,2530.0,0.0,4195.959595959596,-1665.9595959595963,OPTIMAL
25.757575757575758,137.37373737373738,212,2530.0,0.0,4258.585858585859,-1728.5858585858587,OPTIMAL
25.757575757575758,139.3939393939394,212,2530.0,0.0,4321.212121212122,-1791.212121212122,OPTIMAL
25.757575757575758,141.41414141414143,212,2530.0,0.0,4383.838383838384,-1853.8383838383843,OPTIMAL
25.757575757575758,143.43434343434345,212,2530.0,0.0,4446.464646464647,-1916.4646464646466,OPTIMAL
25.757575757575758,145.45454545454547,212,2530.0,0.0,4509.09090909091,-1979.09090909091,OPTIMAL
25.757575757575758,147.4747474747475,212,2530.0,0.0,4571.717171717172,-2041.7171717171723,OPTIMAL
25.757575757575758,149.4949494949495,212,2530.0,0.0,4634.343434343435,-2104.3434343434346,OPTIMAL
25.757575757575758,151.51515151515153,212,2530.0,0.0,4696.969696969697,-2166.969696969697,OPTIMAL
25.757575757575758,153.53535353535355,212,2530.0,0.0,4759.59595959596,-2229.5959595959603,OPTIMAL
25.757575757575758,155.55555555555557,212,2530.0,0.0,4822.222222222223,-2292.2222222222226,OPTIMAL
25.757575757575758,157.5757575757576,212,2530.0,0.0,4884.848484848485,-2354.848484848485,OPTIMAL
25.757575757575758,159.5959595959596,212,2530.0,0.0,4947.474747474748,-2417.4747474747483,OPTIMAL
30.303030303030305,0.0,243,180.0,0.0,0.0,180.0,OPTIMAL
30.303030303030305,2.0202020202020203,243,180.0,0.0,0.0,180.0,OPTIMAL
30.303030303030305,4.040404040404041,243,180.0,0.0,0.0,180.0,OPTIMAL
30.303030303030305,6.0606060606060606,243,180.0,0.0,0.0,180.0,OPTIMAL
30.303030303030305,8.080808080808081,243,180.0,0.0,0.0,180.0,OPTIMAL
30.303030303030305,10.101010101010102,243,180.0,0.0,0.0,180.0,OPTIMAL
30.303030303030305,12.121212121212121,243,180.0,0.0,0.0,180.0,OPTIMAL
30.303030303030305,14.141414141414142,243,180.0,0.0,0.0,180.0,OPTIMAL
30.303030303030305,16.161616161616163,243,180.0,0.0,0.0,180.0,OPTIMAL
30.303030303030305,18.181818181818183,243,180.0,0.0,0.0,180.0,OPTIMAL
30.303030303030305,20.202020202020204,243,180.0,0.0,0.0,180.0,OPTIMAL
30.303030303030305,22.222222222222225,243,180.0,0.0,0.0,180.0,OPTIMAL
30.303030303030305,24.242424242424242,243,180.0,0.0,0.0,180.0,OPTIMAL
30.303030303030305,26.262626262626263,243,180.0,0.0,0.0,180.0,OPTIMAL
30.303030303030305,28.282828282828284,243,180.0,0.0,0.0,180.0,OPTIMAL
30.303030303030305,30.303030303030305,243,180.0,0.0,0.0,180.0,OPTIMAL
30.303030303030305,32.323232323232325,243,180.0,0.0,0.0,180.0,OPTIMAL
30.303030303030305,34.343434343434346,243,180.0,0.0,0.0,180.0,OPTIMAL
30.303030303030305,36.36363636363637,243,180.0,0.0,0.0,180.0,OPTIMAL
30.303030303030305,38.38383838383839,243,180.0,0.0,0.0,180.0,OPTIMAL
27.272727272727273,101.01010101010101,217,1980.0,0.0,2626.2626262626263,-646.2626262626263,OPTIMAL
27.272727272727273,103.03030303030303,217,1980.0,0.0,2678.787878787879,-698.787878787879,OPTIMAL
27.272727272727273,105.05050505050505,217,1980.0,0.0,2731.313131313131,-751.3131313131312,OPTIMAL
27.272727272727273,107.07070707070707,217,1980.0,0.0,2783.838383838384,-803.8383838383838,OPTIMAL
27.272727272727273,109.0909090909091,217,1980.0,0.0,2836.3636363636365,-856.3636363636365,OPTIMAL
27.272727272727273,111.11111111111111,212,2530.0,0.0,3444.4444444444443,-914.4444444444443,OPTIMAL
27.272727272727273,113.13131313131314,212,2530.0,0.0,3507.070707070707,-977.0707070707072,OPTIMAL
27.272727272727273,115.15151515151516,212,2530.0,0.0,3569.69696969697,-1039.69696969697,OPTIMAL
27.272727272727273,117.17171717171718,212,2530.0,0.0,3632.3232323232323,-1102.3232323232323,OPTIMAL
27.272727272727273,119.1919191919192,212,2530.0,0.0,3694.949494949495,-1164.9494949494951,OPTIMAL
30.303030303030305,40.40404040404041,237,420.0,0.0,242.42424242424244,177.57575757575756,OPTIMAL
30.303030303030305,42.42424242424243,237,420.0,0.0,254.54545454545456,165.45454545454544,OPTIMAL
30.303030303030305,44.44444444444445,237,420.0,0.0,266.6666666666667,153.33333333333331,OPTIMAL
30.303030303030305,46.46464646464647,237,420.0,0.0,278.7878787878788,141.2121212121212,OPTIMAL
30.303030303030305,48.484848484848484,237,420.0,0.0,290.9090909090909,129.09090909090912,OPTIMAL
30.303030303030305,50.505050505050505,237,420.0,0.0,303.030303030303,116.969696969697,OPTIMAL
30.303030303030305,52.525252525252526,237,420.0,0.0,315.1515151515151,104.84848484848487,OPTIMAL
30.303030303030305,54.54545454545455,237,420.0,0.0,327.27272727272725,92.72727272727275,OPTIMAL
30.303030303030305,56.56565656565657,237,420.0,0.0,339.3939393939394,80.60606060606062,OPTIMAL
30.303030303030305,58.58585858585859,237,420.0,0.0,351.5151515151515,68.4848484848485,OPTIMAL
25.757575757575758,181.81818181818184,202,4330.0,0.0,7454.545454545456,-3124.545454545456,OPTIMAL
25.757575757575758,183.83838383838386,202,4330.0,0.0,7537.373737373739,-3207.3737373737385,OPTIMAL
25.757575757575758,185.85858585858588,202,4330.0,0.0,7620.202020202021,-3290.2020202020212,OPTIMAL
25.757575757575758,187.8787878787879,202,4330.0,0.0,7703.030303030304,-3373.030303030304,OPTIMAL
25.757575757575758,189.89898989898992,202,4330.0,0.0,7785.858585858587,-3455.8585858585866,OPTIMAL
25.757575757575758,191.91919191919195,202,4330.0,0.0,7868.68686868687,-3538.68686868687,OPTIMAL
25.757575757575758,193.93939393939394,202,4330.0,0.0,7951.515151515151,-3621.515151515151,OPTIMAL
25.757575757575758,195.95959595959596,202,4330.0,0.0,8034.343434343435,-3704.3434343434346,OPTIMAL
25.757575757575758,197.97979797979798,202,4330.0,0.0,8117.171717171717,-3787.1717171717173,OPTIMAL
25.757575757575758,200.0,202,4330.0,0.0,8200.0,-3870.0,OPTIMAL
27.272727272727273,181.81818181818184,202,4330.0,0.0,7454.545454545456,-3124.545454545456,OPTIMAL
27.272727272727273,183.83838383838386,202,4330.0,0.0,7537.373737373739,-3207.3737373737385,OPTIMAL
27.272727272727273,185.85858585858588,202,4330.0,0.0,7620.202020202021,-3290.2020202020212,OPTIMAL
27.272727272727273,187.8787878787879,202,4330.0,0.0,7703.030303030304,-3373.030303030304,OPTIMAL
27.272727272727273,189.89898989898992,202,4330.0,0.0,7785.858585858587,-3455.8585858585866,OPTIMAL
27.272727272727273,191.91919191919195,202,4330.0,0.0,7868.68686868687,-3538.68686868687,OPTIMAL
27.272727272727273,193.93939393939394,202,4330.0,0.0,7951.515151515151,-3621.515151515151,OPTIMAL
27.272727272727273,195.95959595959596,202,4330.0,0.0,8034.343434343435,-3704.3434343434346,OPTIMAL
27.272727272727273,197.97979797979798,202,4330.0,0.0,8117.171717171717,-3787.1717171717173,OPTIMAL
27.272727272727273,200.0,202,4330.0,0.0,8200.0,-3870.0,OPTIMAL
28.78787878787879,80.80808080808082,222,1530.0,0.0,1696.9696969696972,-166.96969696969722,OPTIMAL
28.78787878787879,82.82828282828284,222,1530.0,0.0,1739.3939393939395,-209.3939393939395,OPTIMAL
28.78787878787879,84.84848484848486,222,1530.0,0.0,1781.818181818182,-251.81818181818198,OPTIMAL
28.78787878787879,86.86868686868688,222,1530.0,0.0,1824.2424242424245,-294.2424242424245,OPTIMAL
28.78787878787879,88.8888888888889,222,1530.0,0.0,1866.666666666667,-336.66666666666697,OPTIMAL
28.78787878787879,90.90909090909092,217,1980.0,0.0,2363.636363636364,-383.63636363636397,OPTIMAL
28.78787878787879,92.92929292929294,217,1980.0,0.0,2416.1616161616166,-436.1616161616166,OPTIMAL
28.78787878787879,94.94949494949496,217,1980.0,0.0,2468.686868686869,-488.6868686868688,OPTIMAL
28.78787878787879,96.96969696969697,217,1980.0,0.0,2521.212121212121,-541.212121212121,OPTIMAL
28.78787878787879,98.98989898989899,217,1980.0,0.0,2573.7373737373737,-593.7373737373737,OPTIMAL
27.272727272727273,161.61616161616163,212,2530.0,0.0,5010.101010101011,-2480.1010101010106,OPTIMAL
27.272727272727273,163.63636363636365,212,2530.0,0.0,5072.727272727273,-2542.727272727273,OPTIMAL
27.272727272727273,165.65656565656568,212,2530.0,0.0,5135.353535353536,-2605.3535353535362,OPTIMAL
27.272727272727273,167.6767676767677,212,2530.0,0.0,5197.979797979799,-2667.9797979797986,OPTIMAL
27.272727272727273,169.69696969696972,212,2530.0,0.0,5260.606060606061,-2730.606060606061,OPTIMAL
27.272727272727273,171.71717171717174,212,2530.0,0.0,5323.232323232324,-2793.2323232323242,OPTIMAL
27.272727272727273,173.73737373737376,212,2530.0,0.0,5385.858585858587,-2855.8585858585866,OPTIMAL
27.272727272727273,175.75757575757578,212,2530.0,0.0,5448.484848484849,-2918.484848484849,OPTIMAL
27.272727272727273,177.7777777777778,212,2530.0,0.0,5511.111111111112,-2981.111111111112,OPTIMAL
27.272727272727273,179.79797979797982,212,2530.0,0.0,5573.737373737375,-3043.7373737373746,OPTIMAL
30.303030303030305,60.60606060606061,234,600.0,0.0,545.4545454545455,54.545454545454504,OPTIMAL
30.303030303030305,62.62626262626263,234,600.0,0.0,563.6363636363636,36.363636363636374,OPTIMAL
30.303030303030305,64.64646464646465,234,600.0,0.0,581.8181818181819,18.18181818181813,OPTIMAL
30.303030303030305,66.66666666666667,234,600.0,0.0,600.0,0.0,OPTIMAL
30.303030303030305,68.68686868686869,234,600.0,0.0,618.1818181818182,-18.181818181818244,OPTIMAL
30.303030303030305,70.70707070707071,231,810.0,0.0,848.4848484848485,-38.4848484848485,OPTIMAL
30.303030303030305,72.72727272727273,231,810.0,0.0,872.7272727272727,-62.72727272727275,OPTIMAL
30.303030303030305,74.74747474747475,231,810.0,0.0,896.969696969697,-86.969696969697,OPTIMAL
30.303030303030305,76.76767676767678,231,810.0,0.0,921.2121212121212,-111.21212121212125,OPTIMAL
30.303030303030305,78.7878787878788,231,810.0,0.0,945.4545454545455,-135.4545454545455,OPTIMAL
31.818181818181817,0.0,243,180.0,0.0,0.0,180.0,OPTIMAL
31.818181818181817,2.0202020202020203,243,180.0,0.0,0.0,180.0,OPTIMAL
31.818181818181817,4.040404040404041,243,180.0,0.0,0.0,180.0,OPTIMAL
31.818181818181817,6.0606060606060606,243,180.0,0.0,0.0,180.0,OPTIMAL
31.818181818181817,8.080808080808081,243,180.0,0.0,0.0,180.0,OPTIMAL
31.818181818181817,10.101010101010102,243,180.0,0.0,0.0,180.0,OPTIMAL
31.818181818181817,12.121212121212121,243,180.0,0.0,0.0,180.0,OPTIMAL
31.818181818181817,14.141414141414142,243,180.0,0.0,0.0,180.0,OPTIMAL
31.818181818181817,16.161616161616163,243,180.0,0.0,0.0,180.0,OPTIMAL
31.818181818181817,18.181818181818183,243,180.0,0.0,0.0,180.0,OPTIMAL
27.272727272727273,141.41414141414143,212,2530.0,0.0,4383.838383838384,-1853.8383838383843,OPTIMAL
27.272727272727273,143.43434343434345,212,2530.0,0.0,4446.464646464647,-1916.4646464646466,OPTIMAL
27.272727272727273,145.45454545454547,212,2530.0,0.0,4509.09090909091,-1979.09090909091,OPTIMAL
27.272727272727273,147.4747474747475,212,2530.0,0.0,4571.717171717172,-2041.7171717171723,OPTIMAL
27.272727272727273,149.4949494949495,212,2530.0,0.0,4634.343434343435,-2104.3434343434346,OPTIMAL
27.272727272727273,151.51515151515153,212,2530.0,0.0,4696.969696969697,-2166.969696969697,OPTIMAL
27.272727272727273,153.53535353535355,212,2530.0,0.0,4759.59595959596,-2229.5959595959603,OPTIMAL
27.272727272727273,155.55555555555557,212,2530.0,0.0,4822.222222222223,-2292.2222222222226,OPTIMAL
27.272727272727273,157.5757575757576,212,2530.0,0.0,4884.848484848485,-2354.848484848485,OPTIMAL
27.272727272727273,159.5959595959596,212,2530.0,0.0,4947.474747474748,-2417.4747474747483,OPTIMAL
27.272727272727273,121.21212121212122,212,2530.0,0.0,3757.575757575758,-1227.575757575758,OPTIMAL
27.272727272727273,123.23232323232324,212,2530.0,0.0,3820.2020202020203,-1290.2020202020203,OPTIMAL
27.272727272727273,125.25252525252526,212,2530.0,0.0,3882.828282828283,-1352.8282828282831,OPTIMAL
27.272727272727273,127.27272727272728,212,2530.0,0.0,3945.4545454545455,-1415.4545454545455,OPTIMAL
27.272727272727273,129.2929292929293,212,2530.0,0.0,4008.0808080808083,-1478.0808080808083,OPTIMAL
27.272727272727273,131.31313131313132,212,2530.0,0.0,4070.707070707071,-1540.7070707070711,OPTIMAL
27.272727272727273,133.33333333333334,212,2530.0,0.0,4133.333333333334,-1603.333333333334,OPTIMAL
27.272727272727273,135.35353535353536,212,2530.0,0.0,4195.959595959596,-1665.9595959595963,OPTIMAL
27.272727272727273,137.37373737373738,212,2530.0,0.0,4258.585858585859,-1728.5858585858587,OPTIMAL
27.272727272727273,139.3939393939394,212,2530.0,0.0,4321.212121212122,-1791.212121212122,OPTIMAL
28.78787878787879,161.61616161616163,212,2530.0,0.0,5010.101010101011,-2480.1010101010106,OPTIMAL
28.78787878787879,163.63636363636365,212,2530.0,0.0,5072.727272727273,-2542.727272727273,OPTIMAL
28.78787878787879,165.65656565656568,212,2530.0,0.0,5135.353535353536,-2605.3535353535362,OPTIMAL
28.78787878787879,167.6767676767677,212,2530.0,0.0,5197.979797979799,-2667.9797979797986,OPTIMAL
28.78787878787879,169.69696969696972,212,2530.0,0.0,5260.606060606061,-2730.606060606061,OPTIMAL
28.78787878787879,171.71717171717174,212,2530.0,0.0,5323.232323232324,-2793.2323232323242,OPTIMAL
28.78787878787879,173.73737373737376,212,2530.0,0.0,5385.858585858587,-2855.8585858585866,OPTIMAL
28.78787878787879,175.75757575757578,212,2530.0,0.0,5448.484848484849,-2918.484848484849,OPTIMAL
28.78787878787879,177.7777777777778,212,2530.0,0.0,5511.111111111112,-2981.111111111112,OPTIMAL
28.78787878787879,179.79797979797982,212,2530.0,0.0,5573.737373737375,-3043.7373737373746,OPTIMAL
28.78787878787879,121.21212121212122,212,2530.0,0.0,3757.575757575758,-1227.575757575758,OPTIMAL
28.78787878787879,123.23232323232324,212,2530.0,0.0,3820.2020202020203,-1290.2020202020203,OPTIMAL
28.78787878787879,125.25252525252526,212,2530.0,0.0,3882.828282828283,-1352.8282828282831,OPTIMAL
28.78787878787879,127.27272727272728,212,2530.0,0.0,3945.4545454545455,-1415.4545454545455,OPTIMAL
28.78787878787879,129.2929292929293,212,2530.0,0.0,4008.0808080808083,-1478.0808080808083,OPTIMAL
28.78787878787879,131.31313131313132,212,2530.0,0.0,4070.707070707071,-1540.7070707070711,OPTIMAL
28.78787878787879,133.33333333333334,212,2530.0,0.0,4133.333333333334,-1603.333333333334,OPTIMAL
28.78787878787879,135.35353535353536,212,2530.0,0.0,4195.959595959596,-1665.9595959595963,OPTIMAL
28.78787878787879,137.37373737373738,212,2530.0,0.0,4258.585858585859,-1728.5858585858587,OPTIMAL
28.78787878787879,139.3939393939394,212,2530.0,0.0,4321.212121212122,-1791.212121212122,OPTIMAL
31.818181818181817,20.202020202020204,243,180.0,0.0,0.0,180.0,OPTIMAL
31.818181818181817,22.222222222222225,243,180.0,0.0,0.0,180.0,OPTIMAL
31.818181818181817,24.242424242424242,243,180.0,0.0,0.0,180.0,OPTIMAL
31.818181818181817,26.262626262626263,243,180.0,0.0,0.0,180.0,OPTIMAL
31.818181818181817,28.282828282828284,243,180.0,0.0,0.0,180.0,OPTIMAL
31.818181818181817,30.303030303030305,243,180.0,0.0,0.0,180.0,OPTIMAL
31.818181818181817,32.323232323232325,243,180.0,0.0,0.0,180.0,OPTIMAL
31.818181818181817,34.343434343434346,243,180.0,0.0,0.0,180.0,OPTIMAL
31.818181818181817,36.36363636363637,243,180.0,0.0,0.0,180.0,OPTIMAL
31.818181818181817,38.38383838383839,243,180.0,0.0,0.0,180.0,OPTIMAL
28.78787878787879,101.01010101010101,217,1980.0,0.0,2626.2626262626263,-646.2626262626263,OPTIMAL
28.78787878787879,103.03030303030303,217,1980.0,0.0,2678.787878787879,-698.787878787879,OPTIMAL
28.78787878787879,105.05050505050505,217,1980.0,0.0,2731.313131313131,-751.3131313131312,OPTIMAL
28.78787878787879,107.07070707070707,217,1980.0,0.0,2783.838383838384,-803.8383838383838,OPTIMAL
28.78787878787879,109.0909090909091,217,1980.0,0.0,2836.3636363636365,-856.3636363636365,OPTIMAL
28.78787878787879,111.11111111111111,212,2530.0,0.0,3444.4444444444443,-914.4444444444443,OPTIMAL
28.78787878787879,113.13131313131314,212,2530.0,0.0,3507.070707070707,-977.0707070707072,OPTIMAL
28.78787878787879,115.15151515151516,212,2530.0,0.0,3569.69696969697,-1039.69696969697,OPTIMAL
28.78787878787879,117.17171717171718,212,2530.0,0.0,3632.3232323232323,-1102.3232323232323,OPTIMAL
28.78787878787879,119.1919191919192,212,2530.0,0.0,3694.949494949495,-1164.9494949494951,OPTIMAL
31.818181818181817,60.60606060606061,234,600.0,0.0,545.4545454545455,54.545454545454504,OPTIMAL
31.818181818181817,62.62626262626263,234,600.0,0.0,563.6363636363636,36.363636363636374,OPTIMAL
31.818181818181817,64.64646464646465,234,600.0,0.0,581.8181818181819,18.18181818181813,OPTIMAL
31.818181818181817,66.66666666666667,234,600.0,0.0,600.0,0.0,OPTIMAL
31.818181818181817,68.68686868686869,234,600.0,0.0,618.1818181818182,-18.181818181818244,OPTIMAL
31.818181818181817,70.70707070707071,231,810.0,0.0,848.4848484848485,-38.4848484848485,OPTIMAL
31.818181818181817,72.72727272727273,231,810.0,0.0,872.7272727272727,-62.72727272727275,OPTIMAL
31.818181818181817,74.74747474747475,231,810.0,0.0,896.969696969697,-86.969696969697,OPTIMAL
31.818181818181817,76.76767676767678,231,810.0,0.0,921.2121212121212,-111.21212121212125,OPTIMAL
31.818181818181817,78.7878787878788,231,810.0,0.0,945.4545454545455,-135.4545454545455,OPTIMAL
31.818181818181817,40.40404040404041,237,420.0,0.0,242.42424242424244,177.57575757575756,OPTIMAL
31.818181818181817,42.42424242424243,237,420.0,0.0,254.54545454545456,165.45454545454544,OPTIMAL
31.818181818181817,44.44444444444445,237,420.0,0.0,266.6666666666667,153.33333333333331,OPTIMAL
31.818181818181817,46.46464646464647,237,420.0,0.0,278.7878787878788,141.2121212121212,OPTIMAL
31.818181818181817,48.484848484848484,237,420.0,0.0,290.9090909090909,129.09090909090912,OPTIMAL
31.818181818181817,50.505050505050505,237,420.0,0.0,303.030303030303,116.969696969697,OPTIMAL
31.818181818181817,52.525252525252526,237,420.0,0.0,315.1515151515151,104.84848484848487,OPTIMAL
31.818181818181817,54.54545454545455,237,420.0,0.0,327.27272727272725,92.72727272727275,OPTIMAL
31.818181818181817,56.56565656565657,237,420.0,0.0,339.3939393939394,80.60606060606062,OPTIMAL
31.818181818181817,58.58585858585859,237,420.0,0.0,351.5151515151515,68.4848484848485,OPTIMAL
28.78787878787879,181.81818181818184,202,4330.0,0.0,7454.545454545456,-3124.545454545456,OPTIMAL
28.78787878787879,183.83838383838386,202,4330.0,0.0,7537.373737373739,-3207.3737373737385,OPTIMAL
28.78787878787879,185.85858585858588,202,4330.0,0.0,7620.202020202021,-3290.2020202020212,OPTIMAL
28.78787878787879,187.8787878787879,202,4330.0,0.0,7703.030303030304,-3373.030303030304,OPTIMAL
28.78787878787879,189.89898989898992,202,4330.0,0.0,7785.858585858587,-3455.8585858585866,OPTIMAL
28.78787878787879,191.91919191919195,202,4330.0,0.0,7868.68686868687,-3538.68686868687,OPTIMAL
28.78787878787879,193.93939393939394,202,4330.0,0.0,7951.515151515151,-3621.515151515151,OPTIMAL
28.78787878787879,195.95959595959596,202,4330.0,0.0,8034.343434343435,-3704.3434343434346,OPTIMAL
28.78787878787879,197.97979797979798,202,4330.0,0.0,8117.171717171717,-3787.1717171717173,OPTIMAL
28.78787878787879,200.0,202,4330.0,0.0,8200.0,-3870.0,OPTIMAL
28.78787878787879,141.41414141414143,212,2530.0,0.0,4383.838383838384,-1853.8383838383843,OPTIMAL
28.78787878787879,143.43434343434345,212,2530.0,0.0,4446.464646464647,-1916.4646464646466,OPTIMAL
28.78787878787879,145.45454545454547,212,2530.0,0.0,4509.09090909091,-1979.09090909091,OPTIMAL
28.78787878787879,147.4747474747475,212,2530.0,0.0,4571.717171717172,-2041.7171717171723,OPTIMAL
28.78787878787879,149.4949494949495,212,2530.0,0.0,4634.343434343435,-2104.3434343434346,OPTIMAL
28.78787878787879,151.51515151515153,212,2530.0,0.0,4696.969696969697,-2166.969696969697,OPTIMAL
28.78787878787879,153.53535353535355,212,2530.0,0.0,4759.59595959596,-2229.5959595959603,OPTIMAL
28.78787878787879,155.55555555555557,212,2530.0,0.0,4822.222222222223,-2292.2222222222226,OPTIMAL
28.78787878787879,157.5757575757576,212,2530.0,0.0,4884.848484848485,-2354.848484848485,OPTIMAL
28.78787878787879,159.5959595959596,212,2530.0,0.0,4947.474747474748,-2417.4747474747483,OPTIMAL
30.303030303030305,80.80808080808082,222,1530.0,0.0,1696.9696969696972,-166.96969696969722,OPTIMAL
30.303030303030305,82.82828282828284,222,1530.0,0.0,1739.3939393939395,-209.3939393939395,OPTIMAL
30.303030303030305,84.84848484848486,222,1530.0,0.0,1781.818181818182,-251.81818181818198,OPTIMAL
30.303030303030305,86.86868686868688,222,1530.0,0.0,1824.2424242424245,-294.2424242424245,OPTIMAL
30.303030303030305,88.8888888888889,222,1530.0,0.0,1866.666666666667,-336.66666666666697,OPTIMAL
30.303030303030305,90.90909090909092,217,1980.0,0.0,2363.636363636364,-383.63636363636397,OPTIMAL
30.303030303030305,92.92929292929294,217,1980.0,0.0,2416.1616161616166,-436.1616161616166,OPTIMAL
30.303030303030305,94.94949494949496,217,1980.0,0.0,2468.686868686869,-488.6868686868688,OPTIMAL
30.303030303030305,96.96969696969697,217,1980.0,0.0,2521.212121212121,-541.212121212121,OPTIMAL
30.303030303030305,98.98989898989899,217,1980.0,0.0,2573.7373737373737,-593.7373737373737,OPTIMAL
33.333333333333336,0.0,243,180.0,0.0,0.0,180.0,OPTIMAL
33.333333333333336,2.0202020202020203,243,180.0,0.0,0.0,180.0,OPTIMAL
33.333333333333336,4.040404040404041,243,180.0,0.0,0.0,180.0,OPTIMAL
33.333333333333336,6.0606060606060606,243,180.0,0.0,0.0,180.0,OPTIMAL
33.333333333333336,8.080808080808081,243,180.0,0.0,0.0,180.0,OPTIMAL
33.333333333333336,10.101010101010102,243,180.0,0.0,0.0,180.0,OPTIMAL
33.333333333333336,12.121212121212121,243,180.0,0.0,0.0,180.0,OPTIMAL
33.333333333333336,14.141414141414142,243,180.0,0.0,0.0,180.0,OPTIMAL
33.333333333333336,16.161616161616163,243,180.0,0.0,0.0,180.0,OPTIMAL
33.333333333333336,18.181818181818183,243,180.0,0.0,0.0,180.0,OPTIMAL
30.303030303030305,101.01010101010101,217,1980.0,0.0,2626.2626262626263,-646.2626262626263,OPTIMAL
30.303030303030305,103.03030303030303,217,1980.0,0.0,2678.787878787879,-698.787878787879,OPTIMAL
30.303030303030305,105.05050505050505,217,1980.0,0.0,2731.313131313131,-751.3131313131312,OPTIMAL
30.303030303030305,107.07070707070707,217,1980.0,0.0,2783.838383838384,-803.8383838383838,OPTIMAL
30.303030303030305,109.0909090909091,217,1980.0,0.0,2836.3636363636365,-856.3636363636365,OPTIMAL
30.303030303030305,111.11111111111111,212,2530.0,0.0,3444.4444444444443,-914.4444444444443,OPTIMAL
30.303030303030305,113.13131313131314,212,2530.0,0.0,3507.070707070707,-977.0707070707072,OPTIMAL
30.303030303030305,115.15151515151516,212,2530.0,0.0,3569.69696969697,-1039.69696969697,OPTIMAL
30.303030303030305,117.17171717171718,212,2530.0,0.0,3632.3232323232323,-1102.3232323232323,OPTIMAL
30.303030303030305,119.1919191919192,212,2530.0,0.0,3694.949494949495,-1164.9494949494951,OPTIMAL
33.333333333333336,20.202020202020204,243,180.0,0.0,0.0,180.0,OPTIMAL
33.333333333333336,22.222222222222225,243,180.0,0.0,0.0,180.0,OPTIMAL
33.333333333333336,24.242424242424242,243,180.0,0.0,0.0,180.0,OPTIMAL
33.333333333333336,26.262626262626263,243,180.0,0.0,0.0,180.0,OPTIMAL
33.333333333333336,28.282828282828284,243,180.0,0.0,0.0,180.0,OPTIMAL
33.333333333333336,30.303030303030305,243,180.0,0.0,0.0,180.0,OPTIMAL
33.333333333333336,32.323232323232325,243,180.0,0.0,0.0,180.0,OPTIMAL
33.333333333333336,34.343434343434346,243,180.0,0.0,0.0,180.0,OPTIMAL
33.333333333333336,36.36363636363637,243,180.0,0.0,0.0,180.0,OPTIMAL
33.333333333333336,38.38383838383839,243,180.0,0.0,0.0,180.0,OPTIMAL
31.818181818181817,80.80808080808082,222,1530.0,0.0,1696.9696969696972,-166.96969696969722,OPTIMAL
31.818181818181817,82.82828282828284,222,1530.0,0.0,1739.3939393939395,-209.3939393939395,OPTIMAL
31.818181818181817,84.84848484848486,222,1530.0,0.0,1781.818181818182,-251.81818181818198,OPTIMAL
31.818181818181817,86.86868686868688,222,1530.0,0.0,1824.2424242424245,-294.2424242424245,OPTIMAL
31.818181818181817,88.8888888888889,222,1530.0,0.0,1866.666666666667,-336.66666666666697,OPTIMAL
31.818181818181817,90.90909090909092,217,1980.0,0.0,2363.636363636364,-383.63636363636397,OPTIMAL
31.818181818181817,92.92929292929294,217,1980.0,0.0,2416.1616161616166,-436.1616161616166,OPTIMAL
31.818181818181817,94.94949494949496,217,1980.0,0.0,2468.686868686869,-488.6868686868688,OPTIMAL
31.818181818181817,96.96969696969697,217,1980.0,0.0,2521.212121212121,-541.212121212121,OPTIMAL
31.818181818181817,98.98989898989899,217,1980.0,0.0,2573.7373737373737,-593.7373737373737,OPTIMAL
33.333333333333336,40.40404040404041,237,420.0,0.0,242.42424242424244,177.57575757575756,OPTIMAL
33.333333333333336,42.42424242424243,237,420.0,0.0,254.54545454545456,165.45454545454544,OPTIMAL
33.333333333333336,44.44444444444445,237,420.0,0.0,266.6666666666667,153.33333333333331,OPTIMAL
33.333333333333336,46.46464646464647,237,420.0,0.0,278.7878787878788,141.2121212121212,OPTIMAL
33.333333333333336,48.484848484848484,237,420.0,0.0,290.9090909090909,129.09090909090912,OPTIMAL
33.333333333333336,50.505050505050505,237,420.0,0.0,303.030303030303,116.969696969697,OPTIMAL
33.333333333333336,52.525252525252526,237,420.0,0.0,315.1515151515151,104.84848484848487,OPTIMAL
33.333333333333336,54.54545454545455,237,420.0,0.0,327.27272727272725,92.72727272727275,OPTIMAL
33.333333333333336,56.56565656565657,237,420.0,0.0,339.3939393939394,80.60606060606062,OPTIMAL
33.333333333333336,58.58585858585859,237,420.0,0.0,351.5151515151515,68.4848484848485,OPTIMAL
30.303030303030305,121.21212121212122,212,2530.0,0.0,3757.575757575758,-1227.575757575758,OPTIMAL
30.303030303030305,123.23232323232324,212,2530.0,0.0,3820.2020202020203,-1290.2020202020203,OPTIMAL
30.303030303030305,125.25252525252526,212,2530.0,0.0,3882.828282828283,-1352.8282828282831,OPTIMAL
30.303030303030305,127.27272727272728,212,2530.0,0.0,3945.4545454545455,-1415.4545454545455,OPTIMAL
30.303030303030305,129.2929292929293,212,2530.0,0.0,4008.0808080808083,-1478.0808080808083,OPTIMAL
30.303030303030305,131.31313131313132,212,2530.0,0.0,4070.707070707071,-1540.7070707070711,OPTIMAL
30.303030303030305,133.33333333333334,212,2530.0,0.0,4133.333333333334,-1603.333333333334,OPTIMAL
30.303030303030305,135.35353535353536,212,2530.0,0.0,4195.959595959596,-1665.9595959595963,OPTIMAL
30.303030303030305,137.37373737373738,212,2530.0,0.0,4258.585858585859,-1728.5858585858587,OPTIMAL
30.303030303030305,139.3939393939394,212,2530.0,0.0,4321.212121212122,-1791.212121212122,OPTIMAL
30.303030303030305,181.81818181818184,202,4330.0,0.0,7454.545454545456,-3124.545454545456,OPTIMAL
30.303030303030305,183.83838383838386,202,4330.0,0.0,7537.373737373739,-3207.3737373737385,OPTIMAL
30.303030303030305,185.85858585858588,202,4330.0,0.0,7620.202020202021,-3290.2020202020212,OPTIMAL
30.303030303030305,187.8787878787879,202,4330.0,0.0,7703.030303030304,-3373.030303030304,OPTIMAL
30.303030303030305,189.89898989898992,202,4330.0,0.0,7785.858585858587,-3455.8585858585866,OPTIMAL
30.303030303030305,191.91919191919195,202,4330.0,0.0,7868.68686868687,-3538.68686868687,OPTIMAL
30.303030303030305,193.93939393939394,202,4330.0,0.0,7951.515151515151,-3621.515151515151,OPTIMAL
30.303030303030305,195.95959595959596,202,4330.0,0.0,8034.343434343435,-3704.3434343434346,OPTIMAL
30.303030303030305,197.97979797979798,202,4330.0,0.0,8117.171717171717,-3787.1717171717173,OPTIMAL
30.303030303030305,200.0,202,4330.0,0.0,8200.0,-3870.0,OPTIMAL
31.818181818181817,101.01010101010101,217,1980.0,0.0,2626.2626262626263,-646.2626262626263,OPTIMAL
31.818181818181817,103.03030303030303,217,1980.0,0.0,2678.787878787879,-698.787878787879,OPTIMAL
31.818181818181817,105.05050505050505,217,1980.0,0.0,2731.313131313131,-751.3131313131312,OPTIMAL
31.818181818181817,107.07070707070707,217,1980.0,0.0,2783.838383838384,-803.8383838383838,OPTIMAL
31.818181818181817,109.0909090909091,217,1980.0,0.0,2836.3636363636365,-856.3636363636365,OPTIMAL
31.818181818181817,111.11111111111111,212,2530.0,0.0,3444.4444444444443,-914.4444444444443,OPTIMAL
31.818181818181817,113.13131313131314,212,2530.0,0.0,3507.070707070707,-977.0707070707072,OPTIMAL
31.818181818181817,115.15151515151516,212,2530.0,0.0,3569.69696969697,-1039.69696969697,OPTIMAL
31.818181818181817,117.17171717171718,212,2530.0,0.0,3632.3232323232323,-1102.3232323232323,OPTIMAL
31.818181818181817,119.1919191919192,212,2530.0,0.0,3694.949494949495,-1164.9494949494951,OPTIMAL
30.303030303030305,161.61616161616163,212,2530.0,0.0,5010.101010101011,-2480.1010101010106,OPTIMAL
30.303030303030305,163.63636363636365,212,2530.0,0.0,5072.727272727273,-2542.727272727273,OPTIMAL
30.303030303030305,165.65656565656568,212,2530.0,0.0,5135.353535353536,-2605.3535353535362,OPTIMAL
30.303030303030305,167.6767676767677,212,2530.0,0.0,5197.979797979799,-2667.9797979797986,OPTIMAL
30.303030303030305,169.69696969696972,212,2530.0,0.0,5260.606060606061,-2730.606060606061,OPTIMAL
30.303030303030305,171.71717171717174,212,2530.0,0.0,5323.232323232324,-2793.2323232323242,OPTIMAL
30.303030303030305,173.73737373737376,212,2530.0,0.0,5385.858585858587,-2855.8585858585866,OPTIMAL
30.303030303030305,175.75757575757578,212,2530.0,0.0,5448.484848484849,-2918.484848484849,OPTIMAL
30.303030303030305,177.7777777777778,212,2530.0,0.0,5511.111111111112,-2981.111111111112,OPTIMAL
30.303030303030305,179.79797979797982,212,2530.0,0.0,5573.737373737375,-3043.7373737373746,OPTIMAL
30.303030303030305,141.41414141414143,212,2530.0,0.0,4383.838383838384,-1853.8383838383843,OPTIMAL
30.303030303030305,143.43434343434345,212,2530.0,0.0,4446.464646464647,-1916.4646464646466,OPTIMAL
30.303030303030305,145.45454545454547,212,2530.0,0.0,4509.09090909091,-1979.09090909091,OPTIMAL
30.303030303030305,147.4747474747475,212,2530.0,0.0,4571.717171717172,-2041.7171717171723,OPTIMAL
30.303030303030305,149.4949494949495,212,2530.0,0.0,4634.343434343435,-2104.3434343434346,OPTIMAL
30.303030303030305,151.51515151515153,212,2530.0,0.0,4696.969696969697,-2166.969696969697,OPTIMAL
30.303030303030305,153.53535353535355,212,2530.0,0.0,4759.59595959596,-2229.5959595959603,OPTIMAL
30.303030303030305,155.55555555555557,212,2530.0,0.0,4822.222222222223,-2292.2222222222226,OPTIMAL
30.303030303030305,157.5757575757576,212,2530.0,0.0,4884.848484848485,-2354.848484848485,OPTIMAL
30.303030303030305,159.5959595959596,212,2530.0,0.0,4947.474747474748,-2417.4747474747483,OPTIMAL
33.333333333333336,60.60606060606061,234,600.0,0.0,545.4545454545455,54.545454545454504,OPTIMAL
33.333333333333336,62.62626262626263,234,600.0,0.0,563.6363636363636,36.363636363636374,OPTIMAL
33.333333333333336,64.64646464646465,234,600.0,0.0,581.8181818181819,18.18181818181813,OPTIMAL
33.333333333333336,66.66666666666667,234,600.0,0.0,600.0,0.0,OPTIMAL
33.333333333333336,68.68686868686869,234,600.0,0.0,618.1818181818182,-18.181818181818244,OPTIMAL
33.333333333333336,70.70707070707071,231,810.0,0.0,848.4848484848485,-38.4848484848485,OPTIMAL
33.333333333333336,72.72727272727273,231,810.0,0.0,872.7272727272727,-62.72727272727275,OPTIMAL
33.333333333333336,74.74747474747475,231,810.0,0.0,896.969696969697,-86.969696969697,OPTIMAL
33.333333333333336,76.76767676767678,231,810.0,0.0,921.2121212121212,-111.21212121212125,OPTIMAL
33.333333333333336,78.7878787878788,231,810.0,0.0,945.4545454545455,-135.4545454545455,OPTIMAL
34.84848484848485,0.0,243,180.0,0.0,0.0,180.0,OPTIMAL
34.84848484848485,2.0202020202020203,243,180.0,0.0,0.0,180.0,OPTIMAL
34.84848484848485,4.040404040404041,243,180.0,0.0,0.0,180.0,OPTIMAL
34.84848484848485,6.0606060606060606,243,180.0,0.0,0.0,180.0,OPTIMAL
34.84848484848485,8.080808080808081,243,180.0,0.0,0.0,180.0,OPTIMAL
34.84848484848485,10.101010101010102,243,180.0,0.0,0.0,180.0,OPTIMAL
34.84848484848485,12.121212121212121,243,180.0,0.0,0.0,180.0,OPTIMAL
34.84848484848485,14.141414141414142,243,180.0,0.0,0.0,180.0,OPTIMAL
34.84848484848485,16.161616161616163,243,180.0,0.0,0.0,180.0,OPTIMAL
34.84848484848485,18.181818181818183,243,180.0,0.0,0.0,180.0,OPTIMAL
31.818181818181817,141.41414141414143,212,2530.0,0.0,4383.838383838384,-1853.8383838383843,OPTIMAL
31.818181818181817,143.43434343434345,212,2530.0,0.0,4446.464646464647,-1916.4646464646466,OPTIMAL
31.818181818181817,145.45454545454547,212,2530.0,0.0,4509.09090909091,-1979.09090909091,OPTIMAL
31.818181818181817,147.4747474747475,212,2530.0,0.0,4571.717171717172,-2041.7171717171723,OPTIMAL
31.818181818181817,149.4949494949495,212,2530.0,0.0,4634.343434343435,-2104.3434343434346,OPTIMAL
31.818181818181817,151.51515151515153,212,2530.0,0.0,4696.969696969697,-2166.969696969697,OPTIMAL
31.818181818181817,153.53535353535355,212,2530.0,0.0,4759.59595959596,-2229.5959595959603,OPTIMAL
31.818181818181817,155.55555555555557,212,2530.0,0.0,4822.222222222223,-2292.2222222222226,OPTIMAL
31.818181818181817,157.5757575757576,212,2530.0,0.0,4884.848484848485,-2354.848484848485,OPTIMAL
31.818181818181817,159.5959595959596,212,2530.0,0.0,4947.474747474748,-2417.4747474747483,OPTIMAL
34.84848484848485,20.202020202020204,243,180.0,0.0,0.0,180.0,OPTIMAL
34.84848484848485,22.222222222222225,243,180.0,0.0,0.0,180.0,OPTIMAL
34.84848484848485,24.242424242424242,243,180.0,0.0,0.0,180.0,OPTIMAL
34.84848484848485,26.262626262626263,243,180.0,0.0,0.0,180.0,OPTIMAL
34.84848484848485,28.282828282828284,243,180.0,0.0,0.0,180.0,OPTIMAL
34.84848484848485,30.303030303030305,243,180.0,0.0,0.0,180.0,OPTIMAL
34.84848484848485,32.323232323232325,243,180.0,0.0,0.0,180.0,OPTIMAL
34.84848484848485,34.343434343434346,243,180.0,0.0,0.0,180.0,OPTIMAL
34.84848484848485,36.36363636363637,243,180.0,0.0,0.0,180.0,OPTIMAL
34.84848484848485,38.38383838383839,243,180.0,0.0,0.0,180.0,OPTIMAL
31.818181818181817,181.81818181818184,202,4330.0,0.0,7454.545454545456,-3124.545454545456,OPTIMAL
31.818181818181817,183.83838383838386,202,4330.0,0.0,7537.373737373739,-3207.3737373737385,OPTIMAL
31.818181818181817,185.85858585858588,202,4330.0,0.0,7620.202020202021,-3290.2020202020212,OPTIMAL
31.818181818181817,187.8787878787879,202,4330.0,0.0,7703.030303030304,-3373.030303030304,OPTIMAL
31.818181818181817,189.89898989898992,202,4330.0,0.0,7785.858585858587,-3455.8585858585866,OPTIMAL
31.818181818181817,191.91919191919195,202,4330.0,0.0,7868.68686868687,-3538.68686868687,OPTIMAL
31.818181818181817,193.93939393939394,202,4330.0,0.0,7951.515151515151,-3621.515151515151,OPTIMAL
31.818181818181817,195.95959595959596,202,4330.0,0.0,8034.343434343435,-3704.3434343434346,OPTIMAL
31.818181818181817,197.97979797979798,202,4330.0,0.0,8117.171717171717,-3787.1717171717173,OPTIMAL
31.818181818181817,200.0,202,4330.0,0.0,8200.0,-3870.0,OPTIMAL
34.84848484848485,60.60606060606061,234,600.0,0.0,545.4545454545455,54.545454545454504,OPTIMAL
34.84848484848485,62.62626262626263,234,600.0,0.0,563.6363636363636,36.363636363636374,OPTIMAL
34.84848484848485,64.64646464646465,234,600.0,0.0,581.8181818181819,18.18181818181813,OPTIMAL
34.84848484848485,66.66666666666667,234,600.0,0.0,600.0,0.0,OPTIMAL
34.84848484848485,68.68686868686869,234,600.0,0.0,618.1818181818182,-18.181818181818244,OPTIMAL
34.84848484848485,70.70707070707071,231,810.0,0.0,848.4848484848485,-38.4848484848485,OPTIMAL
34.84848484848485,72.72727272727273,231,810.0,0.0,872.7272727272727,-62.72727272727275,OPTIMAL
34.84848484848485,74.74747474747475,231,810.0,0.0,896.969696969697,-86.969696969697,OPTIMAL
34.84848484848485,76.76767676767678,231,810.0,0.0,921.2121212121212,-111.21212121212125,OPTIMAL
34.84848484848485,78.7878787878788,231,810.0,0.0,945.4545454545455,-135.4545454545455,OPTIMAL
33.333333333333336,80.80808080808082,222,1530.0,0.0,1696.9696969696972,-166.96969696969722,OPTIMAL
33.333333333333336,82.82828282828284,222,1530.0,0.0,1739.3939393939395,-209.3939393939395,OPTIMAL
33.333333333333336,84.84848484848486,222,1530.0,0.0,1781.818181818182,-251.81818181818198,OPTIMAL
33.333333333333336,86.86868686868688,222,1530.0,0.0,1824.2424242424245,-294.2424242424245,OPTIMAL
33.333333333333336,88.8888888888889,222,1530.0,0.0,1866.666666666667,-336.66666666666697,OPTIMAL
33.333333333333336,90.90909090909092,217,1980.0,0.0,2363.636363636364,-383.63636363636397,OPTIMAL
33.333333333333336,92.92929292929294,217,1980.0,0.0,2416.1616161616166,-436.1616161616166,OPTIMAL
33.333333333333336,94.94949494949496,217,1980.0,0.0,2468.686868686869,-488.6868686868688,OPTIMAL
33.333333333333336,96.96969696969697,217,1980.0,0.0,2521.212121212121,-541.212121212121,OPTIMAL
33.333333333333336,98.98989898989899,217,1980.0,0.0,2573.7373737373737,-593.7373737373737,OPTIMAL
31.818181818181817,121.21212121212122,212,2530.0,0.0,3757.575757575758,-1227.575757575758,OPTIMAL
31.818181818181817,123.23232323232324,212,2530.0,0.0,3820.2020202020203,-1290.2020202020203,OPTIMAL
31.818181818181817,125.25252525252526,212,2530.0,0.0,3882.828282828283,-1352.8282828282831,OPTIMAL
31.818181818181817,127.27272727272728,212,2530.0,0.0,3945.4545454545455,-1415.4545454545455,OPTIMAL
31.818181818181817,129.2929292929293,212,2530.0,0.0,4008.0808080808083,-1478.0808080808083,OPTIMAL
31.818181818181817,131.31313131313132,212,2530.0,0.0,4070.707070707071,-1540.7070707070711,OPTIMAL
31.818181818181817,133.33333333333334,212,2530.0,0.0,4133.333333333334,-1603.333333333334,OPTIMAL
31.818181818181817,135.35353535353536,212,2530.0,0.0,4195.959595959596,-1665.9595959595963,OPTIMAL
31.818181818181817,137.37373737373738,212,2530.0,0.0,4258.585858585859,-1728.5858585858587,OPTIMAL
31.818181818181817,139.3939393939394,212,2530.0,0.0,4321.212121212122,-1791.212121212122,OPTIMAL
34.84848484848485,40.40404040404041,237,420.0,0.0,242.42424242424244,177.57575757575756,OPTIMAL
34.84848484848485,42.42424242424243,237,420.0,0.0,254.54545454545456,165.45454545454544,OPTIMAL
34.84848484848485,44.44444444444445,237,420.0,0.0,266.6666666666667,153.33333333333331,OPTIMAL
34.84848484848485,46.46464646464647,237,420.0,0.0,278.7878787878788,141.2121212121212,OPTIMAL
34.84848484848485,48.484848484848484,237,420.0,0.0,290.9090909090909,129.09090909090912,OPTIMAL
34.84848484848485,50.505050505050505,237,420.0,0.0,303.030303030303,116.969696969697,OPTIMAL
34.84848484848485,52.525252525252526,237,420.0,0.0,315.1515151515151,104.84848484848487,OPTIMAL
34.84848484848485,54.54545454545455,237,420.0,0.0,327.27272727272725,92.72727272727275,OPTIMAL
34.84848484848485,56.56565656565657,237,420.0,0.0,339.3939393939394,80.60606060606062,OPTIMAL
34.84848484848485,58.58585858585859,237,420.0,0.0,351.5151515151515,68.4848484848485,OPTIMAL
33.333333333333336,101.01010101010101,217,1980.0,0.0,2626.2626262626263,-646.2626262626263,OPTIMAL
33.333333333333336,103.03030303030303,217,1980.0,0.0,2678.787878787879,-698.787878787879,OPTIMAL
33.333333333333336,105.05050505050505,217,1980.0,0.0,2731.313131313131,-751.3131313131312,OPTIMAL
33.333333333333336,107.07070707070707,217,1980.0,0.0,2783.838383838384,-803.8383838383838,OPTIMAL
33.333333333333336,109.0909090909091,217,1980.0,0.0,2836.3636363636365,-856.3636363636365,OPTIMAL
33.333333333333336,111.11111111111111,212,2530.0,0.0,3444.4444444444443,-914.4444444444443,OPTIMAL
33.333333333333336,113.13131313131314,212,2530.0,0.0,3507.070707070707,-977.0707070707072,OPTIMAL
33.333333333333336,115.15151515151516,212,2530.0,0.0,3569.69696969697,-1039.69696969697,OPTIMAL
33.333333333333336,117.17171717171718,212,2530.0,0.0,3632.3232323232323,-1102.3232323232323,OPTIMAL
33.333333333333336,119.1919191919192,212,2530.0,0.0,3694.949494949495,-1164.9494949494951,OPTIMAL
31.818181818181817,161.61616161616163,212,2530.0,0.0,5010.101010101011,-2480.1010101010106,OPTIMAL
31.818181818181817,163.63636363636365,212,2530.0,0.0,5072.727272727273,-2542.727272727273,OPTIMAL
31.818181818181817,165.65656565656568,212,2530.0,0.0,5135.353535353536,-2605.3535353535362,OPTIMAL
31.818181818181817,167.6767676767677,212,2530.0,0.0,5197.979797979799,-2667.9797979797986,OPTIMAL
31.818181818181817,169.69696969696972,212,2530.0,0.0,5260.606060606061,-2730.606060606061,OPTIMAL
31.818181818181817,171.71717171717174,212,2530.0,0.0,5323.232323232324,-2793.2323232323242,OPTIMAL
31.818181818181817,173.73737373737376,212,2530.0,0.0,5385.858585858587,-2855.8585858585866,OPTIMAL
31.818181818181817,175.75757575757578,212,2530.0,0.0,5448.484848484849,-2918.484848484849,OPTIMAL
31.818181818181817,177.7777777777778,212,2530.0,0.0,5511.111111111112,-2981.111111111112,OPTIMAL
31.818181818181817,179.79797979797982,212,2530.0,0.0,5573.737373737375,-3043.7373737373746,OPTIMAL
36.36363636363636,0.0,243,180.0,0.0,0.0,180.0,OPTIMAL
36.36363636363636,2.0202020202020203,243,180.0,0.0,0.0,180.0,OPTIMAL
36.36363636363636,4.040404040404041,243,180.0,0.0,0.0,180.0,OPTIMAL
36.36363636363636,6.0606060606060606,243,180.0,0.0,0.0,180.0,OPTIMAL
36.36363636363636,8.080808080808081,243,180.0,0.0,0.0,180.0,OPTIMAL
36.36363636363636,10.101010101010102,243,180.0,0.0,0.0,180.0,OPTIMAL
36.36363636363636,12.121212121212121,243,180.0,0.0,0.0,180.0,OPTIMAL
36.36363636363636,14.141414141414142,243,180.0,0.0,0.0,180.0,OPTIMAL
36.36363636363636,16.161616161616163,243,180.0,0.0,0.0,180.0,OPTIMAL
36.36363636363636,18.181818181818183,243,180.0,0.0,0.0,180.0,OPTIMAL
36.36363636363636,20.202020202020204,243,180.0,0.0,0.0,180.0,OPTIMAL
36.36363636363636,22.222222222222225,243,180.0,0.0,0.0,180.0,OPTIMAL
36.36363636363636,24.242424242424242,243,180.0,0.0,0.0,180.0,OPTIMAL
36.36363636363636,26.262626262626263,243,180.0,0.0,0.0,180.0,OPTIMAL
36.36363636363636,28.282828282828284,243,180.0,0.0,0.0,180.0,OPTIMAL
36.36363636363636,30.303030303030305,243,180.0,0.0,0.0,180.0,OPTIMAL
36.36363636363636,32.323232323232325,243,180.0,0.0,0.0,180.0,OPTIMAL
36.36363636363636,34.343434343434346,243,180.0,0.0,0.0,180.0,OPTIMAL
36.36363636363636,36.36363636363637,243,180.0,0.0,0.0,180.0,OPTIMAL
36.36363636363636,38.38383838383839,243,180.0,0.0,0.0,180.0,OPTIMAL
36.36363636363636,40.40404040404041,237,420.0,0.0,242.42424242424244,177.57575757575756,OPTIMAL
36.36363636363636,42.42424242424243,237,420.0,0.0,254.54545454545456,165.45454545454544,OPTIMAL
36.36363636363636,44.44444444444445,237,420.0,0.0,266.6666666666667,153.33333333333331,OPTIMAL
36.36363636363636,46.46464646464647,237,420.0,0.0,278.7878787878788,141.2121212121212,OPTIMAL
36.36363636363636,48.484848484848484,237,420.0,0.0,290.9090909090909,129.09090909090912,OPTIMAL
36.36363636363636,50.505050505050505,237,420.0,0.0,303.030303030303,116.969696969697,OPTIMAL
36.36363636363636,52.525252525252526,237,420.0,0.0,315.1515151515151,104.84848484848487,OPTIMAL
36.36363636363636,54.54545454545455,237,420.0,0.0,327.27272727272725,92.72727272727275,OPTIMAL
36.36363636363636,56.56565656565657,237,420.0,0.0,339.3939393939394,80.60606060606062,OPTIMAL
36.36363636363636,58.58585858585859,237,420.0,0.0,351.5151515151515,68.4848484848485,OPTIMAL
33.333333333333336,121.21212121212122,212,2530.0,0.0,3757.575757575758,-1227.575757575758,OPTIMAL
33.333333333333336,123.23232323232324,212,2530.0,0.0,3820.2020202020203,-1290.2020202020203,OPTIMAL
33.333333333333336,125.25252525252526,212,2530.0,0.0,3882.828282828283,-1352.8282828282831,OPTIMAL
33.333333333333336,127.27272727272728,212,2530.0,0.0,3945.4545454545455,-1415.4545454545455,OPTIMAL
33.333333333333336,129.2929292929293,212,2530.0,0.0,4008.0808080808083,-1478.0808080808083,OPTIMAL
33.333333333333336,131.31313131313132,212,2530.0,0.0,4070.707070707071,-1540.7070707070711,OPTIMAL
33.333333333333336,133.33333333333334,212,2530.0,0.0,4133.333333333334,-1603.333333333334,OPTIMAL
33.333333333333336,135.35353535353536,212,2530.0,0.0,4195.959595959596,-1665.9595959595963,OPTIMAL
33.333333333333336,137.37373737373738,212,2530.0,0.0,4258.585858585859,-1728.5858585858587,OPTIMAL
33.333333333333336,139.3939393939394,212,2530.0,0.0,4321.212121212122,-1791.212121212122,OPTIMAL
33.333333333333336,141.41414141414143,212,2530.0,0.0,4383.838383838384,-1853.8383838383843,OPTIMAL
33.333333333333336,143.43434343434345,212,2530.0,0.0,4446.464646464647,-1916.4646464646466,OPTIMAL
33.333333333333336,145.45454545454547,212,2530.0,0.0,4509.09090909091,-1979.09090909091,OPTIMAL
33.333333333333336,147.4747474747475,212,2530.0,0.0,4571.717171717172,-2041.7171717171723,OPTIMAL
33.333333333333336,149.4949494949495,212,2530.0,0.0,4634.343434343435,-2104.3434343434346,OPTIMAL
33.333333333333336,151.51515151515153,212,2530.0,0.0,4696.969696969697,-2166.969696969697,OPTIMAL
33.333333333333336,153.53535353535355,212,2530.0,0.0,4759.59595959596,-2229.5959595959603,OPTIMAL
33.333333333333336,155.55555555555557,212,2530.0,0.0,4822.222222222223,-2292.2222222222226,OPTIMAL
33.333333333333336,157.5757575757576,212,2530.0,0.0,4884.848484848485,-2354.848484848485,OPTIMAL
33.333333333333336,159.5959595959596,212,2530.0,0.0,4947.474747474748,-2417.4747474747483,OPTIMAL
34.84848484848485,80.80808080808082,222,1530.0,0.0,1696.9696969696972,-166.96969696969722,OPTIMAL
34.84848484848485,82.82828282828284,222,1530.0,0.0,1739.3939393939395,-209.3939393939395,OPTIMAL
34.84848484848485,84.84848484848486,222,1530.0,0.0,1781.818181818182,-251.81818181818198,OPTIMAL
34.84848484848485,86.86868686868688,222,1530.0,0.0,1824.2424242424245,-294.2424242424245,OPTIMAL
34.84848484848485,88.8888888888889,222,1530.0,0.0,1866.666666666667,-336.66666666666697,OPTIMAL
34.84848484848485,90.90909090909092,217,1980.0,0.0,2363.636363636364,-383.63636363636397,OPTIMAL
34.84848484848485,92.92929292929294,217,1980.0,0.0,2416.1616161616166,-436.1616161616166,OPTIMAL
34.84848484848485,94.94949494949496,217,1980.0,0.0,2468.686868686869,-488.6868686868688,OPTIMAL
34.84848484848485,96.96969696969697,217,1980.0,0.0,2521.212121212121,-541.212121212121,OPTIMAL
34.84848484848485,98.98989898989899,217,1980.0,0.0,2573.7373737373737,-593.7373737373737,OPTIMAL
33.333333333333336,181.81818181818184,202,4330.0,0.0,7454.545454545456,-3124.545454545456,OPTIMAL
33.333333333333336,183.83838383838386,202,4330.0,0.0,7537.373737373739,-3207.3737373737385,OPTIMAL
33.333333333333336,185.85858585858588,202,4330.0,0.0,7620.202020202021,-3290.2020202020212,OPTIMAL
33.333333333333336,187.8787878787879,202,4330.0,0.0,7703.030303030304,-3373.030303030304,OPTIMAL
33.333333333333336,189.89898989898992,202,4330.0,0.0,7785.858585858587,-3455.8585858585866,OPTIMAL
33.333333333333336,191.91919191919195,202,4330.0,0.0,7868.68686868687,-3538.68686868687,OPTIMAL
33.333333333333336,193.93939393939394,202,4330.0,0.0,7951.515151515151,-3621.515151515151,OPTIMAL
33.333333333333336,195.95959595959596,202,4330.0,0.0,8034.343434343435,-3704.3434343434346,OPTIMAL
33.333333333333336,197.97979797979798,202,4330.0,0.0,8117.171717171717,-3787.1717171717173,OPTIMAL
33.333333333333336,200.0,202,4330.0,0.0,8200.0,-3870.0,OPTIMAL
33.333333333333336,161.61616161616163,212,2530.0,0.0,5010.101010101011,-2480.1010101010106,OPTIMAL
33.333333333333336,163.63636363636365,212,2530.0,0.0,5072.727272727273,-2542.727272727273,OPTIMAL
33.333333333333336,165.65656565656568,212,2530.0,0.0,5135.353535353536,-2605.3535353535362,OPTIMAL
33.333333333333336,167.6767676767677,212,2530.0,0.0,5197.979797979799,-2667.9797979797986,OPTIMAL
33.333333333333336,169.69696969696972,212,2530.0,0.0,5260.606060606061,-2730.606060606061,OPTIMAL
33.333333333333336,171.71717171717174,212,2530.0,0.0,5323.232323232324,-2793.2323232323242,OPTIMAL
33.333333333333336,173.73737373737376,212,2530.0,0.0,5385.858585858587,-2855.8585858585866,OPTIMAL
33.333333333333336,175.75757575757578,212,2530.0,0.0,5448.484848484849,-2918.484848484849,OPTIMAL
33.333333333333336,177.7777777777778,212,2530.0,0.0,5511.111111111112,-2981.111111111112,OPTIMAL
33.333333333333336,179.79797979797982,212,2530.0,0.0,5573.737373737375,-3043.7373737373746,OPTIMAL
36.36363636363636,60.60606060606061,234,600.0,0.0,545.4545454545455,54.545454545454504,OPTIMAL
36.36363636363636,62.62626262626263,234,600.0,0.0,563.6363636363636,36.363636363636374,OPTIMAL
36.36363636363636,64.64646464646465,234,600.0,0.0,581.8181818181819,18.18181818181813,OPTIMAL
36.36363636363636,66.66666666666667,234,600.0,0.0,600.0,0.0,OPTIMAL
36.36363636363636,68.68686868686869,234,600.0,0.0,618.1818181818182,-18.181818181818244,OPTIMAL
36.36363636363636,70.70707070707071,231,810.0,0.0,848.4848484848485,-38.4848484848485,OPTIMAL
36.36363636363636,72.72727272727273,231,810.0,0.0,872.7272727272727,-62.72727272727275,OPTIMAL
36.36363636363636,74.74747474747475,231,810.0,0.0,896.969696969697,-86.969696969697,OPTIMAL
36.36363636363636,76.76767676767678,231,810.0,0.0,921.2121212121212,-111.21212121212125,OPTIMAL
36.36363636363636,78.7878787878788,231,810.0,0.0,945.4545454545455,-135.4545454545455,OPTIMAL
34.84848484848485,101.01010101010101,217,1980.0,0.0,2626.2626262626263,-646.2626262626263,OPTIMAL
34.84848484848485,103.03030303030303,217,1980.0,0.0,2678.787878787879,-698.787878787879,OPTIMAL
34.84848484848485,105.05050505050505,217,1980.0,0.0,2731.313131313131,-751.3131313131312,OPTIMAL
34.84848484848485,107.07070707070707,217,1980.0,0.0,2783.838383838384,-803.8383838383838,OPTIMAL
34.84848484848485,109.0909090909091,217,1980.0,0.0,2836.3636363636365,-856.3636363636365,OPTIMAL
34.84848484848485,111.11111111111111,212,2530.0,0.0,3444.4444444444443,-914.4444444444443,OPTIMAL
34.84848484848485,113.13131313131314,212,2530.0,0.0,3507.070707070707,-977.0707070707072,OPTIMAL
34.84848484848485,115.15151515151516,212,2530.0,0.0,3569.69696969697,-1039.69696969697,OPTIMAL
34.84848484848485,117.17171717171718,212,2530.0,0.0,3632.3232323232323,-1102.3232323232323,OPTIMAL
34.84848484848485,119.1919191919192,212,2530.0,0.0,3694.949494949495,-1164.9494949494951,OPTIMAL
37.878787878787875,0.0,243,180.0,0.0,0.0,180.0,OPTIMAL
37.878787878787875,2.0202020202020203,243,180.0,0.0,0.0,180.0,OPTIMAL
37.878787878787875,4.040404040404041,243,180.0,0.0,0.0,180.0,OPTIMAL
37.878787878787875,6.0606060606060606,243,180.0,0.0,0.0,180.0,OPTIMAL
37.878787878787875,8.080808080808081,243,180.0,0.0,0.0,180.0,OPTIMAL
37.878787878787875,10.101010101010102,243,180.0,0.0,0.0,180.0,OPTIMAL
37.878787878787875,12.121212121212121,243,180.0,0.0,0.0,180.0,OPTIMAL
37.878787878787875,14.141414141414142,243,180.0,0.0,0.0,180.0,OPTIMAL
37.878787878787875,16.161616161616163,243,180.0,0.0,0.0,180.0,OPTIMAL
37.878787878787875,18.181818181818183,243,180.0,0.0,0.0,180.0,OPTIMAL
37.878787878787875,20.202020202020204,243,180.0,0.0,0.0,180.0,OPTIMAL
37.878787878787875,22.222222222222225,243,180.0,0.0,0.0,180.0,OPTIMAL
37.878787878787875,24.242424242424242,243,180.0,0.0,0.0,180.0,OPTIMAL
37.878787878787875,26.262626262626263,243,180.0,0.0,0.0,180.0,OPTIMAL
37.878787878787875,28.282828282828284,243,180.0,0.0,0.0,180.0,OPTIMAL
37.878787878787875,30.303030303030305,243,180.0,0.0,0.0,180.0,OPTIMAL
37.878787878787875,32.323232323232325,243,180.0,0.0,0.0,180.0,OPTIMAL
37.878787878787875,34.343434343434346,243,180.0,0.0,0.0,180.0,OPTIMAL
37.878787878787875,36.36363636363637,243,180.0,0.0,0.0,180.0,OPTIMAL
37.878787878787875,38.38383838383839,243,180.0,0.0,0.0,180.0,OPTIMAL
36.36363636363636,80.80808080808082,222,1530.0,0.0,1696.9696969696972,-166.96969696969722,OPTIMAL
36.36363636363636,82.82828282828284,222,1530.0,0.0,1739.3939393939395,-209.3939393939395,OPTIMAL
36.36363636363636,84.84848484848486,222,1530.0,0.0,1781.818181818182,-251.81818181818198,OPTIMAL
36.36363636363636,86.86868686868688,222,1530.0,0.0,1824.2424242424245,-294.2424242424245,OPTIMAL
36.36363636363636,88.8888888888889,222,1530.0,0.0,1866.666666666667,-336.66666666666697,OPTIMAL
36.36363636363636,90.90909090909092,217,1980.0,0.0,2363.636363636364,-383.63636363636397,OPTIMAL
36.36363636363636,92.92929292929294,217,1980.0,0.0,2416.1616161616166,-436.1616161616166,OPTIMAL
36.36363636363636,94.94949494949496,217,1980.0,0.0,2468.686868686869,-488.6868686868688,OPTIMAL
36.36363636363636,96.96969696969697,217,1980.0,0.0,2521.212121212121,-541.212121212121,OPTIMAL
36.36363636363636,98.98989898989899,217,1980.0,0.0,2573.7373737373737,-593.7373737373737,OPTIMAL
36.36363636363636,101.01010101010101,217,1980.0,0.0,2626.2626262626263,-646.2626262626263,OPTIMAL
36.36363636363636,103.03030303030303,217,1980.0,0.0,2678.787878787879,-698.787878787879,OPTIMAL
36.36363636363636,105.05050505050505,217,1980.0,0.0,2731.313131313131,-751.3131313131312,OPTIMAL
36.36363636363636,107.07070707070707,217,1980.0,0.0,2783.838383838384,-803.8383838383838,OPTIMAL
36.36363636363636,109.0909090909091,217,1980.0,0.0,2836.3636363636365,-856.3636363636365,OPTIMAL
36.36363636363636,111.11111111111111,212,2530.0,0.0,3444.4444444444443,-914.4444444444443,OPTIMAL
36.36363636363636,113.13131313131314,212,2530.0,0.0,3507.070707070707,-977.0707070707072,OPTIMAL
36.36363636363636,115.15151515151516,212,2530.0,0.0,3569.69696969697,-1039.69696969697,OPTIMAL
36.36363636363636,117.17171717171718,212,2530.0,0.0,3632.3232323232323,-1102.3232323232323,OPTIMAL
36.36363636363636,119.1919191919192,212,2530.0,0.0,3694.949494949495,-1164.9494949494951,OPTIMAL
37.878787878787875,40.40404040404041,237,420.0,0.0,242.42424242424244,177.57575757575756,OPTIMAL
37.878787878787875,42.42424242424243,237,420.0,0.0,254.54545454545456,165.45454545454544,OPTIMAL
37.878787878787875,44.44444444444445,237,420.0,0.0,266.6666666666667,153.33333333333331,OPTIMAL
37.878787878787875,46.46464646464647,237,420.0,0.0,278.7878787878788,141.2121212121212,OPTIMAL
37.878787878787875,48.484848484848484,237,420.0,0.0,290.9090909090909,129.09090909090912,OPTIMAL
37.878787878787875,50.505050505050505,237,420.0,0.0,303.030303030303,116.969696969697,OPTIMAL
37.878787878787875,52.525252525252526,237,420.0,0.0,315.1515151515151,104.84848484848487,OPTIMAL
37.878787878787875,54.54545454545455,237,420.0,0.0,327.27272727272725,92.72727272727275,OPTIMAL
37.878787878787875,56.56565656565657,237,420.0,0.0,339.3939393939394,80.60606060606062,OPTIMAL
37.878787878787875,58.58585858585859,237,420.0,0.0,351.5151515151515,68.4848484848485,OPTIMAL
37.878787878787875,60.60606060606061,234,600.0,0.0,545.4545454545455,54.545454545454504,OPTIMAL
37.878787878787875,62.62626262626263,234,600.0,0.0,563.6363636363636,36.363636363636374,OPTIMAL
37.878787878787875,64.64646464646465,234,600.0,0.0,581.8181818181819,18.18181818181813,OPTIMAL
37.878787878787875,66.66666666666667,234,600.0,0.0,600.0,0.0,OPTIMAL
37.878787878787875,68.68686868686869,234,600.0,0.0,618.1818181818182,-18.181818181818244,OPTIMAL
37.878787878787875,70.70707070707071,231,810.0,0.0,848.4848484848485,-38.4848484848485,OPTIMAL
37.878787878787875,72.72727272727273,231,810.0,0.0,872.7272727272727,-62.72727272727275,OPTIMAL
37.878787878787875,74.74747474747475,231,810.0,0.0,896.969696969697,-86.969696969697,OPTIMAL
37.878787878787875,76.76767676767678,231,810.0,0.0,921.2121212121212,-111.21212121212125,OPTIMAL
37.878787878787875,78.7878787878788,231,810.0,0.0,945.4545454545455,-135.4545454545455,OPTIMAL
34.84848484848485,141.41414141414143,212,2530.0,0.0,4383.838383838384,-1853.8383838383843,OPTIMAL
34.84848484848485,143.43434343434345,212,2530.0,0.0,4446.464646464647,-1916.4646464646466,OPTIMAL
34.84848484848485,145.45454545454547,212,2530.0,0.0,4509.09090909091,-1979.09090909091,OPTIMAL
34.84848484848485,147.4747474747475,212,2530.0,0.0,4571.717171717172,-2041.7171717171723,OPTIMAL
34.84848484848485,149.4949494949495,212,2530.0,0.0,4634.343434343435,-2104.3434343434346,OPTIMAL
34.84848484848485,151.51515151515153,212,2530.0,0.0,4696.969696969697,-2166.969696969697,OPTIMAL
34.84848484848485,153.53535353535355,212,2530.0,0.0,4759.59595959596,-2229.5959595959603,OPTIMAL
34.84848484848485,155.55555555555557,212,2530.0,0.0,4822.222222222223,-2292.2222222222226,OPTIMAL
34.84848484848485,157.5757575757576,212,2530.0,0.0,4884.848484848485,-2354.848484848485,OPTIMAL
34.84848484848485,159.5959595959596,212,2530.0,0.0,4947.474747474748,-2417.4747474747483,OPTIMAL
34.84848484848485,121.21212121212122,212,2530.0,0.0,3757.575757575758,-1227.575757575758,OPTIMAL
34.84848484848485,123.23232323232324,212,2530.0,0.0,3820.2020202020203,-1290.2020202020203,OPTIMAL
34.84848484848485,125.25252525252526,212,2530.0,0.0,3882.828282828283,-1352.8282828282831,OPTIMAL
34.84848484848485,127.27272727272728,212,2530.0,0.0,3945.4545454545455,-1415.4545454545455,OPTIMAL
34.84848484848485,129.2929292929293,212,2530.0,0.0,4008.0808080808083,-1478.0808080808083,OPTIMAL
34.84848484848485,131.31313131313132,212,2530.0,0.0,4070.707070707071,-1540.7070707070711,OPTIMAL
34.84848484848485,133.33333333333334,212,2530.0,0.0,4133.333333333334,-1603.333333333334,OPTIMAL
34.84848484848485,135.35353535353536,212,2530.0,0.0,4195.959595959596,-1665.9595959595963,OPTIMAL
34.84848484848485,137.37373737373738,212,2530.0,0.0,4258.585858585859,-1728.5858585858587,OPTIMAL
34.84848484848485,139.3939393939394,212,2530.0,0.0,4321.212121212122,-1791.212121212122,OPTIMAL
34.84848484848485,181.81818181818184,202,4330.0,0.0,7454.545454545456,-3124.545454545456,OPTIMAL
34.84848484848485,183.83838383838386,202,4330.0,0.0,7537.373737373739,-3207.3737373737385,OPTIMAL
34.84848484848485,185.85858585858588,202,4330.0,0.0,7620.202020202021,-3290.2020202020212,OPTIMAL
34.84848484848485,187.8787878787879,202,4330.0,0.0,7703.030303030304,-3373.030303030304,OPTIMAL
34.84848484848485,189.89898989898992,202,4330.0,0.0,7785.858585858587,-3455.8585858585866,OPTIMAL
34.84848484848485,191.91919191919195,202,4330.0,0.0,7868.68686868687,-3538.68686868687,OPTIMAL
34.84848484848485,193.93939393939394,202,4330.0,0.0,7951.515151515151,-3621.515151515151,OPTIMAL
34.84848484848485,195.95959595959596,202,4330.0,0.0,8034.343434343435,-3704.3434343434346,OPTIMAL
34.84848484848485,197.97979797979798,202,4330.0,0.0,8117.171717171717,-3787.1717171717173,OPTIMAL
34.84848484848485,200.0,202,4330.0,0.0,8200.0,-3870.0,OPTIMAL
39.39393939393939,0.0,243,180.0,0.0,0.0,180.0,OPTIMAL
39.39393939393939,2.0202020202020203,243,180.0,0.0,0.0,180.0,OPTIMAL
39.39393939393939,4.040404040404041,243,180.0,0.0,0.0,180.0,OPTIMAL
39.39393939393939,6.0606060606060606,243,180.0,0.0,0.0,180.0,OPTIMAL
39.39393939393939,8.080808080808081,243,180.0,0.0,0.0,180.0,OPTIMAL
39.39393939393939,10.101010101010102,243,180.0,0.0,0.0,180.0,OPTIMAL
39.39393939393939,12.121212121212121,243,180.0,0.0,0.0,180.0,OPTIMAL
39.39393939393939,14.141414141414142,243,180.0,0.0,0.0,180.0,OPTIMAL
39.39393939393939,16.161616161616163,243,180.0,0.0,0.0,180.0,OPTIMAL
39.39393939393939,18.181818181818183,243,180.0,0.0,0.0,180.0,OPTIMAL
37.878787878787875,80.80808080808082,222,1530.0,0.0,1696.9696969696972,-166.96969696969722,OPTIMAL
37.878787878787875,82.82828282828284,222,1530.0,0.0,1739.3939393939395,-209.3939393939395,OPTIMAL
37.878787878787875,84.84848484848486,222,1530.0,0.0,1781.818181818182,-251.81818181818198,OPTIMAL
37.878787878787875,86.86868686868688,222,1530.0,0.0,1824.2424242424245,-294.2424242424245,OPTIMAL
37.878787878787875,88.8888888888889,222,1530.0,0.0,1866.666666666667,-336.66666666666697,OPTIMAL
37.878787878787875,90.90909090909092,217,1980.0,0.0,2363.636363636364,-383.63636363636397,OPTIMAL
37.878787878787875,92.92929292929294,217,1980.0,0.0,2416.1616161616166,-436.1616161616166,OPTIMAL
37.878787878787875,94.94949494949496,217,1980.0,0.0,2468.686868686869,-488.6868686868688,OPTIMAL
37.878787878787875,96.96969696969697,217,1980.0,0.0,2521.212121212121,-541.212121212121,OPTIMAL
37.878787878787875,98.98989898989899,217,1980.0,0.0,2573.7373737373737,-593.7373737373737,OPTIMAL
39.39393939393939,20.202020202020204,243,180.0,0.0,0.0,180.0,OPTIMAL
39.39393939393939,22.222222222222225,243,180.0,0.0,0.0,180.0,OPTIMAL
39.39393939393939,24.242424242424242,243,180.0,0.0,0.0,180.0,OPTIMAL
39.39393939393939,26.262626262626263,243,180.0,0.0,0.0,180.0,OPTIMAL
39.39393939393939,28.282828282828284,243,180.0,0.0,0.0,180.0,OPTIMAL
39.39393939393939,30.303030303030305,243,180.0,0.0,0.0,180.0,OPTIMAL
39.39393939393939,32.323232323232325,243,180.0,0.0,0.0,180.0,OPTIMAL
39.39393939393939,34.343434343434346,243,180.0,0.0,0.0,180.0,OPTIMAL
39.39393939393939,36.36363636363637,243,180.0,0.0,0.0,180.0,OPTIMAL
39.39393939393939,38.38383838383839,243,180.0,0.0,0.0,180.0,OPTIMAL
37.878787878787875,101.01010101010101,217,1980.0,0.0,2626.2626262626263,-646.2626262626263,OPTIMAL
37.878787878787875,103.03030303030303,217,1980.0,0.0,2678.787878787879,-698.787878787879,OPTIMAL
37.878787878787875,105.05050505050505,217,1980.0,0.0,2731.313131313131,-751.3131313131312,OPTIMAL
37.878787878787875,107.07070707070707,217,1980.0,0.0,2783.838383838384,-803.8383838383838,OPTIMAL
37.878787878787875,109.0909090909091,217,1980.0,0.0,2836.3636363636365,-856.3636363636365,OPTIMAL
37.878787878787875,111.11111111111111,212,2530.0,0.0,3444.4444444444443,-914.4444444444443,OPTIMAL
37.878787878787875,113.13131313131314,212,2530.0,0.0,3507.070707070707,-977.0707070707072,OPTIMAL
37.878787878787875,115.15151515151516,212,2530.0,0.0,3569.69696969697,-1039.69696969697,OPTIMAL
37.878787878787875,117.17171717171718,212,2530.0,0.0,3632.3232323232323,-1102.3232323232323,OPTIMAL
37.878787878787875,119.1919191919192,212,2530.0,0.0,3694.949494949495,-1164.9494949494951,OPTIMAL
34.84848484848485,161.61616161616163,212,2530.0,0.0,5010.101010101011,-2480.1010101010106,OPTIMAL
34.84848484848485,163.63636363636365,212,2530.0,0.0,5072.727272727273,-2542.727272727273,OPTIMAL
34.84848484848485,165.65656565656568,212,2530.0,0.0,5135.353535353536,-2605.3535353535362,OPTIMAL
34.84848484848485,167.6767676767677,212,2530.0,0.0,5197.979797979799,-2667.9797979797986,OPTIMAL
34.84848484848485,169.69696969696972,212,2530.0,0.0,5260.606060606061,-2730.606060606061,OPTIMAL
34.84848484848485,171.71717171717174,212,2530.0,0.0,5323.232323232324,-2793.2323232323242,OPTIMAL
34.84848484848485,173.73737373737376,212,2530.0,0.0,5385.858585858587,-2855.8585858585866,OPTIMAL
34.84848484848485,175.75757575757578,212,2530.0,0.0,5448.484848484849,-2918.484848484849,OPTIMAL
34.84848484848485,177.7777777777778,212,2530.0,0.0,5511.111111111112,-2981.111111111112,OPTIMAL
34.84848484848485,179.79797979797982,212,2530.0,0.0,5573.737373737375,-3043.7373737373746,OPTIMAL
36.36363636363636,121.21212121212122,212,2530.0,0.0,3757.575757575758,-1227.575757575758,OPTIMAL
36.36363636363636,123.23232323232324,212,2530.0,0.0,3820.2020202020203,-1290.2020202020203,OPTIMAL
36.36363636363636,125.25252525252526,212,2530.0,0.0,3882.828282828283,-1352.8282828282831,OPTIMAL
36.36363636363636,127.27272727272728,212,2530.0,0.0,3945.4545454545455,-1415.4545454545455,OPTIMAL
36.36363636363636,129.2929292929293,212,2530.0,0.0,4008.0808080808083,-1478.0808080808083,OPTIMAL
36.36363636363636,131.31313131313132,212,2530.0,0.0,4070.707070707071,-1540.7070707070711,OPTIMAL
36.36363636363636,133.33333333333334,212,2530.0,0.0,4133.333333333334,-1603.333333333334,OPTIMAL
36.36363636363636,135.35353535353536,212,2530.0,0.0,4195.959595959596,-1665.9595959595963,OPTIMAL
36.36363636363636,137.37373737373738,212,2530.0,0.0,4258.585858585859,-1728.5858585858587,OPTIMAL
36.36363636363636,139.3939393939394,212,2530.0,0.0,4321.212121212122,-1791.212121212122,OPTIMAL
39.39393939393939,60.60606060606061,234,600.0,0.0,545.4545454545455,54.545454545454504,OPTIMAL
39.39393939393939,62.62626262626263,234,600.0,0.0,563.6363636363636,36.363636363636374,OPTIMAL
39.39393939393939,64.64646464646465,234,600.0,0.0,581.8181818181819,18.18181818181813,OPTIMAL
39.39393939393939,66.66666666666667,234,600.0,0.0,600.0,0.0,OPTIMAL
39.39393939393939,68.68686868686869,234,600.0,0.0,618.1818181818182,-18.181818181818244,OPTIMAL
39.39393939393939,70.70707070707071,231,810.0,0.0,848.4848484848485,-38.4848484848485,OPTIMAL
39.39393939393939,72.72727272727273,231,810.0,0.0,872.7272727272727,-62.72727272727275,OPTIMAL
39.39393939393939,74.74747474747475,231,810.0,0.0,896.969696969697,-86.969696969697,OPTIMAL
39.39393939393939,76.76767676767678,231,810.0,0.0,921.2121212121212,-111.21212121212125,OPTIMAL
39.39393939393939,78.7878787878788,231,810.0,0.0,945.4545454545455,-135.4545454545455,OPTIMAL
39.39393939393939,40.40404040404041,237,420.0,0.0,242.42424242424244,177.57575757575756,OPTIMAL
39.39393939393939,42.42424242424243,237,420.0,0.0,254.54545454545456,165.45454545454544,OPTIMAL
39.39393939393939,44.44444444444445,237,420.0,0.0,266.6666666666667,153.33333333333331,OPTIMAL
39.39393939393939,46.46464646464647,237,420.0,0.0,278.7878787878788,141.2121212121212,OPTIMAL
39.39393939393939,48.484848484848484,237,420.0,0.0,290.9090909090909,129.09090909090912,OPTIMAL
39.39393939393939,50.505050505050505,237,420.0,0.0,303.030303030303,116.969696969697,OPTIMAL
39.39393939393939,52.525252525252526,237,420.0,0.0,315.1515151515151,104.84848484848487,OPTIMAL
39.39393939393939,54.54545454545455,237,420.0,0.0,327.27272727272725,92.72727272727275,OPTIMAL
39.39393939393939,56.56565656565657,237,420.0,0.0,339.3939393939394,80.60606060606062,OPTIMAL
39.39393939393939,58.58585858585859,237,420.0,0.0,351.5151515151515,68.4848484848485,OPTIMAL
36.36363636363636,181.81818181818184,202,4330.0,0.0,7454.545454545456,-3124.545454545456,OPTIMAL
36.36363636363636,183.83838383838386,202,4330.0,0.0,7537.373737373739,-3207.3737373737385,OPTIMAL
36.36363636363636,185.85858585858588,202,4330.0,0.0,7620.202020202021,-3290.2020202020212,OPTIMAL
36.36363636363636,187.8787878787879,202,4330.0,0.0,7703.030303030304,-3373.030303030304,OPTIMAL
36.36363636363636,189.89898989898992,202,4330.0,0.0,7785.858585858587,-3455.8585858585866,OPTIMAL
36.36363636363636,191.91919191919195,202,4330.0,0.0,7868.68686868687,-3538.68686868687,OPTIMAL
36.36363636363636,193.93939393939394,202,4330.0,0.0,7951.515151515151,-3621.515151515151,OPTIMAL
36.36363636363636,195.95959595959596,202,4330.0,0.0,8034.343434343435,-3704.3434343434346,OPTIMAL
36.36363636363636,197.97979797979798,202,4330.0,0.0,8117.171717171717,-3787.1717171717173,OPTIMAL
36.36363636363636,200.0,202,4330.0,0.0,8200.0,-3870.0,OPTIMAL
36.36363636363636,141.41414141414143,212,2530.0,0.0,4383.838383838384,-1853.8383838383843,OPTIMAL
36.36363636363636,143.43434343434345,212,2530.0,0.0,4446.464646464647,-1916.4646464646466,OPTIMAL
36.36363636363636,145.45454545454547,212,2530.0,0.0,4509.09090909091,-1979.09090909091,OPTIMAL
36.36363636363636,147.4747474747475,212,2530.0,0.0,4571.717171717172,-2041.7171717171723,OPTIMAL
36.36363636363636,149.4949494949495,212,2530.0,0.0,4634.343434343435,-2104.3434343434346,OPTIMAL
36.36363636363636,151.51515151515153,212,2530.0,0.0,4696.969696969697,-2166.969696969697,OPTIMAL
36.36363636363636,153.53535353535355,212,2530.0,0.0,4759.59595959596,-2229.5959595959603,OPTIMAL
36.36363636363636,155.55555555555557,212,2530.0,0.0,4822.222222222223,-2292.2222222222226,OPTIMAL
36.36363636363636,157.5757575757576,212,2530.0,0.0,4884.848484848485,-2354.848484848485,OPTIMAL
36.36363636363636,159.5959595959596,212,2530.0,0.0,4947.474747474748,-2417.4747474747483,OPTIMAL
36.36363636363636,161.61616161616163,212,2530.0,0.0,5010.101010101011,-2480.1010101010106,OPTIMAL
36.36363636363636,163.63636363636365,212,2530.0,0.0,5072.727272727273,-2542.727272727273,OPTIMAL
36.36363636363636,165.65656565656568,212,2530.0,0.0,5135.353535353536,-2605.3535353535362,OPTIMAL
36.36363636363636,167.6767676767677,212,2530.0,0.0,5197.979797979799,-2667.9797979797986,OPTIMAL
36.36363636363636,169.69696969696972,212,2530.0,0.0,5260.606060606061,-2730.606060606061,OPTIMAL
36.36363636363636,171.71717171717174,212,2530.0,0.0,5323.232323232324,-2793.2323232323242,OPTIMAL
36.36363636363636,173.73737373737376,212,2530.0,0.0,5385.858585858587,-2855.8585858585866,OPTIMAL
36.36363636363636,175.75757575757578,212,2530.0,0.0,5448.484848484849,-2918.484848484849,OPTIMAL
36.36363636363636,177.7777777777778,212,2530.0,0.0,5511.111111111112,-2981.111111111112,OPTIMAL
36.36363636363636,179.79797979797982,212,2530.0,0.0,5573.737373737375,-3043.7373737373746,OPTIMAL
40.90909090909091,0.0,243,180.0,0.0,0.0,180.0,OPTIMAL
40.90909090909091,2.0202020202020203,243,180.0,0.0,0.0,180.0,OPTIMAL
40.90909090909091,4.040404040404041,243,180.0,0.0,0.0,180.0,OPTIMAL
40.90909090909091,6.0606060606060606,243,180.0,0.0,0.0,180.0,OPTIMAL
40.90909090909091,8.080808080808081,243,180.0,0.0,0.0,180.0,OPTIMAL
40.90909090909091,10.101010101010102,243,180.0,0.0,0.0,180.0,OPTIMAL
40.90909090909091,12.121212121212121,243,180.0,0.0,0.0,180.0,OPTIMAL
40.90909090909091,14.141414141414142,243,180.0,0.0,0.0,180.0,OPTIMAL
40.90909090909091,16.161616161616163,243,180.0,0.0,0.0,180.0,OPTIMAL
40.90909090909091,18.181818181818183,243,180.0,0.0,0.0,180.0,OPTIMAL
40.90909090909091,20.202020202020204,243,180.0,0.0,0.0,180.0,OPTIMAL
40.90909090909091,22.222222222222225,243,180.0,0.0,0.0,180.0,OPTIMAL
40.90909090909091,24.242424242424242,243,180.0,0.0,0.0,180.0,OPTIMAL
40.90909090909091,26.262626262626263,243,180.0,0.0,0.0,180.0,OPTIMAL
40.90909090909091,28.282828282828284,243,180.0,0.0,0.0,180.0,OPTIMAL
40.90909090909091,30.303030303030305,243,180.0,0.0,0.0,180.0,OPTIMAL
40.90909090909091,32.323232323232325,243,180.0,0.0,0.0,180.0,OPTIMAL
40.90909090909091,34.343434343434346,243,180.0,0.0,0.0,180.0,OPTIMAL
40.90909090909091,36.36363636363637,243,180.0,0.0,0.0,180.0,OPTIMAL
40.90909090909091,38.38383838383839,243,180.0,0.0,0.0,180.0,OPTIMAL
39.39393939393939,80.80808080808082,222,1530.0,0.0,1696.9696969696972,-166.96969696969722,OPTIMAL
39.39393939393939,82.82828282828284,222,1530.0,0.0,1739.3939393939395,-209.3939393939395,OPTIMAL
39.39393939393939,84.84848484848486,222,1530.0,0.0,1781.818181818182,-251.81818181818198,OPTIMAL
39.39393939393939,86.86868686868688,222,1530.0,0.0,1824.2424242424245,-294.2424242424245,OPTIMAL
39.39393939393939,88.8888888888889,222,1530.0,0.0,1866.666666666667,-336.66666666666697,OPTIMAL
39.39393939393939,90.90909090909092,217,1980.0,0.0,2363.636363636364,-383.63636363636397,OPTIMAL
39.39393939393939,92.92929292929294,217,1980.0,0.0,2416.1616161616166,-436.1616161616166,OPTIMAL
39.39393939393939,94.94949494949496,217,1980.0,0.0,2468.686868686869,-488.6868686868688,OPTIMAL
39.39393939393939,96.96969696969697,217,1980.0,0.0,2521.212121212121,-541.212121212121,OPTIMAL
39.39393939393939,98.98989898989899,217,1980.0,0.0,2573.7373737373737,-593.7373737373737,OPTIMAL
40.90909090909091,40.40404040404041,237,420.0,0.0,242.42424242424244,177.57575757575756,OPTIMAL
40.90909090909091,42.42424242424243,237,420.0,0.0,254.54545454545456,165.45454545454544,OPTIMAL
40.90909090909091,44.44444444444445,237,420.0,0.0,266.6666666666667,153.33333333333331,OPTIMAL
40.90909090909091,46.46464646464647,237,420.0,0.0,278.7878787878788,141.2121212121212,OPTIMAL
40.90909090909091,48.484848484848484,237,420.0,0.0,290.9090909090909,129.09090909090912,OPTIMAL
40.90909090909091,50.505050505050505,237,420.0,0.0,303.030303030303,116.969696969697,OPTIMAL
40.90909090909091,52.525252525252526,237,420.0,0.0,315.1515151515151,104.84848484848487,OPTIMAL
40.90909090909091,54.54545454545455,237,420.0,0.0,327.27272727272725,92.72727272727275,OPTIMAL
40.90909090909091,56.56565656565657,237,420.0,0.0,339.3939393939394,80.60606060606062,OPTIMAL
40.90909090909091,58.58585858585859,237,420.0,0.0,351.5151515151515,68.4848484848485,OPTIMAL
37.878787878787875,161.61616161616163,212,2530.0,0.0,5010.101010101011,-2480.1010101010106,OPTIMAL
37.878787878787875,163.63636363636365,212,2530.0,0.0,5072.727272727273,-2542.727272727273,OPTIMAL
37.878787878787875,165.65656565656568,212,2530.0,0.0,5135.353535353536,-2605.3535353535362,OPTIMAL
37.878787878787875,167.6767676767677,212,2530.0,0.0,5197.979797979799,-2667.9797979797986,OPTIMAL
37.878787878787875,169.69696969696972,212,2530.0,0.0,5260.606060606061,-2730.606060606061,OPTIMAL
37.878787878787875,171.71717171717174,212,2530.0,0.0,5323.232323232324,-2793.2323232323242,OPTIMAL
37.878787878787875,173.73737373737376,212,2530.0,0.0,5385.858585858587,-2855.8585858585866,OPTIMAL
37.878787878787875,175.75757575757578,212,2530.0,0.0,5448.484848484849,-2918.484848484849,OPTIMAL
37.878787878787875,177.7777777777778,212,2530.0,0.0,5511.111111111112,-2981.111111111112,OPTIMAL
37.878787878787875,179.79797979797982,212,2530.0,0.0,5573.737373737375,-3043.7373737373746,OPTIMAL
37.878787878787875,121.21212121212122,212,2530.0,0.0,3757.575757575758,-1227.575757575758,OPTIMAL
37.878787878787875,123.23232323232324,212,2530.0,0.0,3820.2020202020203,-1290.2020202020203,OPTIMAL
37.878787878787875,125.25252525252526,212,2530.0,0.0,3882.828282828283,-1352.8282828282831,OPTIMAL
37.878787878787875,127.27272727272728,212,2530.0,0.0,3945.4545454545455,-1415.4545454545455,OPTIMAL
37.878787878787875,129.2929292929293,212,2530.0,0.0,4008.0808080808083,-1478.0808080808083,OPTIMAL
37.878787878787875,131.31313131313132,212,2530.0,0.0,4070.707070707071,-1540.7070707070711,OPTIMAL
37.878787878787875,133.33333333333334,212,2530.0,0.0,4133.333333333334,-1603.333333333334,OPTIMAL
37.878787878787875,135.35353535353536,212,2530.0,0.0,4195.959595959596,-1665.9595959595963,OPTIMAL
37.878787878787875,137.37373737373738,212,2530.0,0.0,4258.585858585859,-1728.5858585858587,OPTIMAL
37.878787878787875,139.3939393939394,212,2530.0,0.0,4321.212121212122,-1791.212121212122,OPTIMAL
37.878787878787875,141.41414141414143,212,2530.0,0.0,4383.838383838384,-1853.8383838383843,OPTIMAL
37.878787878787875,143.43434343434345,212,2530.0,0.0,4446.464646464647,-1916.4646464646466,OPTIMAL
37.878787878787875,145.45454545454547,212,2530.0,0.0,4509.09090909091,-1979.09090909091,OPTIMAL
37.878787878787875,147.4747474747475,212,2530.0,0.0,4571.717171717172,-2041.7171717171723,OPTIMAL
37.878787878787875,149.4949494949495,212,2530.0,0.0,4634.343434343435,-2104.3434343434346,OPTIMAL
37.878787878787875,151.51515151515153,212,2530.0,0.0,4696.969696969697,-2166.969696969697,OPTIMAL
37.878787878787875,153.53535353535355,212,2530.0,0.0,4759.59595959596,-2229.5959595959603,OPTIMAL
37.878787878787875,155.55555555555557,212,2530.0,0.0,4822.222222222223,-2292.2222222222226,OPTIMAL
37.878787878787875,157.5757575757576,212,2530.0,0.0,4884.848484848485,-2354.848484848485,OPTIMAL
37.878787878787875,159.5959595959596,212,2530.0,0.0,4947.474747474748,-2417.4747474747483,OPTIMAL
40.90909090909091,60.60606060606061,234,600.0,0.0,545.4545454545455,54.545454545454504,OPTIMAL
40.90909090909091,62.62626262626263,234,600.0,0.0,563.6363636363636,36.363636363636374,OPTIMAL
40.90909090909091,64.64646464646465,234,600.0,0.0,581.8181818181819,18.18181818181813,OPTIMAL
40.90909090909091,66.66666666666667,234,600.0,0.0,600.0,0.0,OPTIMAL
40.90909090909091,68.68686868686869,234,600.0,0.0,618.1818181818182,-18.181818181818244,OPTIMAL
40.90909090909091,70.70707070707071,231,810.0,0.0,848.4848484848485,-38.4848484848485,OPTIMAL
40.90909090909091,72.72727272727273,231,810.0,0.0,872.7272727272727,-62.72727272727275,OPTIMAL
40.90909090909091,74.74747474747475,231,810.0,0.0,896.969696969697,-86.969696969697,OPTIMAL
40.90909090909091,76.76767676767678,231,810.0,0.0,921.2121212121212,-111.21212121212125,OPTIMAL
40.90909090909091,78.7878787878788,231,810.0,0.0,945.4545454545455,-135.4545454545455,OPTIMAL
39.39393939393939,121.21212121212122,212,2530.0,0.0,3757.575757575758,-1227.575757575758,OPTIMAL
39.39393939393939,123.23232323232324,212,2530.0,0.0,3820.2020202020203,-1290.2020202020203,OPTIMAL
39.39393939393939,125.25252525252526,212,2530.0,0.0,3882.828282828283,-1352.8282828282831,OPTIMAL
39.39393939393939,127.27272727272728,212,2530.0,0.0,3945.4545454545455,-1415.4545454545455,OPTIMAL
39.39393939393939,129.2929292929293,212,2530.0,0.0,4008.0808080808083,-1478.0808080808083,OPTIMAL
39.39393939393939,131.31313131313132,212,2530.0,0.0,4070.707070707071,-1540.7070707070711,OPTIMAL
39.39393939393939,133.33333333333334,212,2530.0,0.0,4133.333333333334,-1603.333333333334,OPTIMAL
39.39393939393939,135.35353535353536,212,2530.0,0.0,4195.959595959596,-1665.9595959595963,OPTIMAL
39.39393939393939,137.37373737373738,212,2530.0,0.0,4258.585858585859,-1728.5858585858587,OPTIMAL
39.39393939393939,139.3939393939394,212,2530.0,0.0,4321.212121212122,-1791.212121212122,OPTIMAL
42.42424242424242,0.0,243,180.0,0.0,0.0,180.0,OPTIMAL
42.42424242424242,2.0202020202020203,243,180.0,0.0,0.0,180.0,OPTIMAL
42.42424242424242,4.040404040404041,243,180.0,0.0,0.0,180.0,OPTIMAL
42.42424242424242,6.0606060606060606,243,180.0,0.0,0.0,180.0,OPTIMAL
42.42424242424242,8.080808080808081,243,180.0,0.0,0.0,180.0,OPTIMAL
42.42424242424242,10.101010101010102,243,180.0,0.0,0.0,180.0,OPTIMAL
42.42424242424242,12.121212121212121,243,180.0,0.0,0.0,180.0,OPTIMAL
42.42424242424242,14.141414141414142,243,180.0,0.0,0.0,180.0,OPTIMAL
42.42424242424242,16.161616161616163,243,180.0,0.0,0.0,180.0,OPTIMAL
42.42424242424242,18.181818181818183,243,180.0,0.0,0.0,180.0,OPTIMAL
37.878787878787875,181.81818181818184,202,4330.0,0.0,7454.545454545456,-3124.545454545456,OPTIMAL
37.878787878787875,183.83838383838386,202,4330.0,0.0,7537.373737373739,-3207.3737373737385,OPTIMAL
37.878787878787875,185.85858585858588,202,4330.0,0.0,7620.202020202021,-3290.2020202020212,OPTIMAL
37.878787878787875,187.8787878787879,202,4330.0,0.0,7703.030303030304,-3373.030303030304,OPTIMAL
37.878787878787875,189.89898989898992,202,4330.0,0.0,7785.858585858587,-3455.8585858585866,OPTIMAL
37.878787878787875,191.91919191919195,202,4330.0,0.0,7868.68686868687,-3538.68686868687,OPTIMAL
37.878787878787875,193.93939393939394,202,4330.0,0.0,7951.515151515151,-3621.515151515151,OPTIMAL
37.878787878787875,195.95959595959596,202,4330.0,0.0,8034.343434343435,-3704.3434343434346,OPTIMAL
37.878787878787875,197.97979797979798,202,4330.0,0.0,8117.171717171717,-3787.1717171717173,OPTIMAL
37.878787878787875,200.0,202,4330.0,0.0,8200.0,-3870.0,OPTIMAL
42.42424242424242,20.202020202020204,243,180.0,0.0,0.0,180.0,OPTIMAL
42.42424242424242,22.222222222222225,243,180.0,0.0,0.0,180.0,OPTIMAL
42.42424242424242,24.242424242424242,243,180.0,0.0,0.0,180.0,OPTIMAL
42.42424242424242,26.262626262626263,243,180.0,0.0,0.0,180.0,OPTIMAL
42.42424242424242,28.282828282828284,243,180.0,0.0,0.0,180.0,OPTIMAL
42.42424242424242,30.303030303030305,243,180.0,0.0,0.0,180.0,OPTIMAL
42.42424242424242,32.323232323232325,243,180.0,0.0,0.0,180.0,OPTIMAL
42.42424242424242,34.343434343434346,243,180.0,0.0,0.0,180.0,OPTIMAL
42.42424242424242,36.36363636363637,243,180.0,0.0,0.0,180.0,OPTIMAL
42.42424242424242,38.38383838383839,243,180.0,0.0,0.0,180.0,OPTIMAL
39.39393939393939,101.01010101010101,217,1980.0,0.0,2626.2626262626263,-646.2626262626263,OPTIMAL
39.39393939393939,103.03030303030303,217,1980.0,0.0,2678.787878787879,-698.787878787879,OPTIMAL
39.39393939393939,105.05050505050505,217,1980.0,0.0,2731.313131313131,-751.3131313131312,OPTIMAL
39.39393939393939,107.07070707070707,217,1980.0,0.0,2783.838383838384,-803.8383838383838,OPTIMAL
39.39393939393939,109.0909090909091,217,1980.0,0.0,2836.3636363636365,-856.3636363636365,OPTIMAL
39.39393939393939,111.11111111111111,212,2530.0,0.0,3444.4444444444443,-914.4444444444443,OPTIMAL
39.39393939393939,113.13131313131314,212,2530.0,0.0,3507.070707070707,-977.0707070707072,OPTIMAL
39.39393939393939,115.15151515151516,212,2530.0,0.0,3569.69696969697,-1039.69696969697,OPTIMAL
39.39393939393939,117.17171717171718,212,2530.0,0.0,3632.3232323232323,-1102.3232323232323,OPTIMAL
39.39393939393939,119.1919191919192,212,2530.0,0.0,3694.949494949495,-1164.9494949494951,OPTIMAL
40.90909090909091,80.80808080808082,222,1530.0,0.0,1696.9696969696972,-166.96969696969722,OPTIMAL
40.90909090909091,82.82828282828284,222,1530.0,0.0,1739.3939393939395,-209.3939393939395,OPTIMAL
40.90909090909091,84.84848484848486,222,1530.0,0.0,1781.818181818182,-251.81818181818198,OPTIMAL
40.90909090909091,86.86868686868688,222,1530.0,0.0,1824.2424242424245,-294.2424242424245,OPTIMAL
40.90909090909091,88.8888888888889,222,1530.0,0.0,1866.666666666667,-336.66666666666697,OPTIMAL
40.90909090909091,90.90909090909092,217,1980.0,0.0,2363.636363636364,-383.63636363636397,OPTIMAL
40.90909090909091,92.92929292929294,217,1980.0,0.0,2416.1616161616166,-436.1616161616166,OPTIMAL
40.90909090909091,94.94949494949496,217,1980.0,0.0,2468.686868686869,-488.6868686868688,OPTIMAL
40.90909090909091,96.96969696969697,217,1980.0,0.0,2521.212121212121,-541.212121212121,OPTIMAL
40.90909090909091,98.98989898989899,217,1980.0,0.0,2573.7373737373737,-593.7373737373737,OPTIMAL
39.39393939393939,141.41414141414143,212,2530.0,0.0,4383.838383838384,-1853.8383838383843,OPTIMAL
39.39393939393939,143.43434343434345,212,2530.0,0.0,4446.464646464647,-1916.4646464646466,OPTIMAL
39.39393939393939,145.45454545454547,212,2530.0,0.0,4509.09090909091,-1979.09090909091,OPTIMAL
39.39393939393939,147.4747474747475,212,2530.0,0.0,4571.717171717172,-2041.7171717171723,OPTIMAL
39.39393939393939,149.4949494949495,212,2530.0,0.0,4634.343434343435,-2104.3434343434346,OPTIMAL
39.39393939393939,151.51515151515153,212,2530.0,0.0,4696.969696969697,-2166.969696969697,OPTIMAL
39.39393939393939,153.53535353535355,212,2530.0,0.0,4759.59595959596,-2229.5959595959603,OPTIMAL
39.39393939393939,155.55555555555557,212,2530.0,0.0,4822.222222222223,-2292.2222222222226,OPTIMAL
39.39393939393939,157.5757575757576,212,2530.0,0.0,4884.848484848485,-2354.848484848485,OPTIMAL
39.39393939393939,159.5959595959596,212,2530.0,0.0,4947.474747474748,-2417.4747474747483,OPTIMAL
42.42424242424242,40.40404040404041,237,420.0,0.0,242.42424242424244,177.57575757575756,OPTIMAL
42.42424242424242,42.42424242424243,237,420.0,0.0,254.54545454545456,165.45454545454544,OPTIMAL
42.42424242424242,44.44444444444445,237,420.0,0.0,266.6666666666667,153.33333333333331,OPTIMAL
42.42424242424242,46.46464646464647,237,420.0,0.0,278.7878787878788,141.2121212121212,OPTIMAL
42.42424242424242,48.484848484848484,237,420.0,0.0,290.9090909090909,129.09090909090912,OPTIMAL
42.42424242424242,50.505050505050505,237,420.0,0.0,303.030303030303,116.969696969697,OPTIMAL
42.42424242424242,52.525252525252526,237,420.0,0.0,315.1515151515151,104.84848484848487,OPTIMAL
42.42424242424242,54.54545454545455,237,420.0,0.0,327.27272727272725,92.72727272727275,OPTIMAL
42.42424242424242,56.56565656565657,237,420.0,0.0,339.3939393939394,80.60606060606062,OPTIMAL
42.42424242424242,58.58585858585859,237,420.0,0.0,351.5151515151515,68.4848484848485,OPTIMAL
39.39393939393939,161.61616161616163,212,2530.0,0.0,5010.101010101011,-2480.1010101010106,OPTIMAL
39.39393939393939,163.63636363636365,212,2530.0,0.0,5072.727272727273,-2542.727272727273,OPTIMAL
39.39393939393939,165.65656565656568,212,2530.0,0.0,5135.353535353536,-2605.3535353535362,OPTIMAL
39.39393939393939,167.6767676767677,212,2530.0,0.0,5197.979797979799,-2667.9797979797986,OPTIMAL
39.39393939393939,169.69696969696972,212,2530.0,0.0,5260.606060606061,-2730.606060606061,OPTIMAL
39.39393939393939,171.71717171717174,212,2530.0,0.0,5323.232323232324,-2793.2323232323242,OPTIMAL
39.39393939393939,173.73737373737376,212,2530.0,0.0,5385.858585858587,-2855.8585858585866,OPTIMAL
39.39393939393939,175.75757575757578,212,2530.0,0.0,5448.484848484849,-2918.484848484849,OPTIMAL
39.39393939393939,177.7777777777778,212,2530.0,0.0,5511.111111111112,-2981.111111111112,OPTIMAL
39.39393939393939,179.79797979797982,212,2530.0,0.0,5573.737373737375,-3043.7373737373746,OPTIMAL
42.42424242424242,60.60606060606061,234,600.0,0.0,545.4545454545455,54.545454545454504,OPTIMAL
42.42424242424242,62.62626262626263,234,600.0,0.0,563.6363636363636,36.363636363636374,OPTIMAL
42.42424242424242,64.64646464646465,234,600.0,0.0,581.8181818181819,18.18181818181813,OPTIMAL
42.42424242424242,66.66666666666667,234,600.0,0.0,600.0,0.0,OPTIMAL
42.42424242424242,68.68686868686869,234,600.0,0.0,618.1818181818182,-18.181818181818244,OPTIMAL
42.42424242424242,70.70707070707071,231,810.0,0.0,848.4848484848485,-38.4848484848485,OPTIMAL
42.42424242424242,72.72727272727273,231,810.0,0.0,872.7272727272727,-62.72727272727275,OPTIMAL
42.42424242424242,74.74747474747475,231,810.0,0.0,896.969696969697,-86.969696969697,OPTIMAL
42.42424242424242,76.76767676767678,231,810.0,0.0,921.2121212121212,-111.21212121212125,OPTIMAL
42.42424242424242,78.7878787878788,231,810.0,0.0,945.4545454545455,-135.4545454545455,OPTIMAL
39.39393939393939,181.81818181818184,202,4330.0,0.0,7454.545454545456,-3124.545454545456,OPTIMAL
39.39393939393939,183.83838383838386,202,4330.0,0.0,7537.373737373739,-3207.3737373737385,OPTIMAL
39.39393939393939,185.85858585858588,202,4330.0,0.0,7620.202020202021,-3290.2020202020212,OPTIMAL
39.39393939393939,187.8787878787879,202,4330.0,0.0,7703.030303030304,-3373.030303030304,OPTIMAL
39.39393939393939,189.89898989898992,202,4330.0,0.0,7785.858585858587,-3455.8585858585866,OPTIMAL
39.39393939393939,191.91919191919195,202,4330.0,0.0,7868.68686868687,-3538.68686868687,OPTIMAL
39.39393939393939,193.93939393939394,202,4330.0,0.0,7951.515151515151,-3621.515151515151,OPTIMAL
39.39393939393939,195.95959595959596,202,4330.0,0.0,8034.343434343435,-3704.3434343434346,OPTIMAL
39.39393939393939,197.97979797979798,202,4330.0,0.0,8117.171717171717,-3787.1717171717173,OPTIMAL
39.39393939393939,200.0,202,4330.0,0.0,8200.0,-3870.0,OPTIMAL
43.93939393939394,0.0,243,180.0,0.0,0.0,180.0,OPTIMAL
43.93939393939394,2.0202020202020203,243,180.0,0.0,0.0,180.0,OPTIMAL
43.93939393939394,4.040404040404041,243,180.0,0.0,0.0,180.0,OPTIMAL
43.93939393939394,6.0606060606060606,243,180.0,0.0,0.0,180.0,OPTIMAL
43.93939393939394,8.080808080808081,243,180.0,0.0,0.0,180.0,OPTIMAL
43.93939393939394,10.101010101010102,243,180.0,0.0,0.0,180.0,OPTIMAL
43.93939393939394,12.121212121212121,243,180.0,0.0,0.0,180.0,OPTIMAL
43.93939393939394,14.141414141414142,243,180.0,0.0,0.0,180.0,OPTIMAL
43.93939393939394,16.161616161616163,243,180.0,0.0,0.0,180.0,OPTIMAL
43.93939393939394,18.181818181818183,243,180.0,0.0,0.0,180.0,OPTIMAL
42.42424242424242,80.80808080808082,222,1530.0,0.0,1696.9696969696972,-166.96969696969722,OPTIMAL
42.42424242424242,82.82828282828284,222,1530.0,0.0,1739.3939393939395,-209.3939393939395,OPTIMAL
42.42424242424242,84.84848484848486,222,1530.0,0.0,1781.818181818182,-251.81818181818198,OPTIMAL
42.42424242424242,86.86868686868688,222,1530.0,0.0,1824.2424242424245,-294.2424242424245,OPTIMAL
42.42424242424242,88.8888888888889,222,1530.0,0.0,1866.666666666667,-336.66666666666697,OPTIMAL
42.42424242424242,90.90909090909092,217,1980.0,0.0,2363.636363636364,-383.63636363636397,OPTIMAL
42.42424242424242,92.92929292929294,217,1980.0,0.0,2416.1616161616166,-436.1616161616166,OPTIMAL
42.42424242424242,94.94949494949496,217,1980.0,0.0,2468.686868686869,-488.6868686868688,OPTIMAL
42.42424242424242,96.96969696969697,217,1980.0,0.0,2521.212121212121,-541.212121212121,OPTIMAL
42.42424242424242,98.98989898989899,217,1980.0,0.0,2573.7373737373737,-593.7373737373737,OPTIMAL
40.90909090909091,101.01010101010101,217,1980.0,0.0,2626.2626262626263,-646.2626262626263,OPTIMAL
40.90909090909091,103.03030303030303,217,1980.0,0.0,2678.787878787879,-698.787878787879,OPTIMAL
40.90909090909091,105.05050505050505,217,1980.0,0.0,2731.313131313131,-751.3131313131312,OPTIMAL
40.90909090909091,107.07070707070707,217,1980.0,0.0,2783.838383838384,-803.8383838383838,OPTIMAL
40.90909090909091,109.0909090909091,217,1980.0,0.0,2836.3636363636365,-856.3636363636365,OPTIMAL
40.90909090909091,111.11111111111111,212,2530.0,0.0,3444.4444444444443,-914.4444444444443,OPTIMAL
40.90909090909091,113.13131313131314,212,2530.0,0.0,3507.070707070707,-977.0707070707072,OPTIMAL
40.90909090909091,115.15151515151516,212,2530.0,0.0,3569.69696969697,-1039.69696969697,OPTIMAL
40.90909090909091,117.17171717171718,212,2530.0,0.0,3632.3232323232323,-1102.3232323232323,OPTIMAL
40.90909090909091,119.1919191919192,212,2530.0,0.0,3694.949494949495,-1164.9494949494951,OPTIMAL
43.93939393939394,40.40404040404041,237,420.0,0.0,242.42424242424244,177.57575757575756,OPTIMAL
43.93939393939394,42.42424242424243,237,420.0,0.0,254.54545454545456,165.45454545454544,OPTIMAL
43.93939393939394,44.44444444444445,237,420.0,0.0,266.6666666666667,153.33333333333331,OPTIMAL
43.93939393939394,46.46464646464647,237,420.0,0.0,278.7878787878788,141.2121212121212,OPTIMAL
43.93939393939394,48.484848484848484,237,420.0,0.0,290.9090909090909,129.09090909090912,OPTIMAL
43.93939393939394,50.505050505050505,237,420.0,0.0,303.030303030303,116.969696969697,OPTIMAL
43.93939393939394,52.525252525252526,237,420.0,0.0,315.1515151515151,104.84848484848487,OPTIMAL
43.93939393939394,54.54545454545455,237,420.0,0.0,327.27272727272725,92.72727272727275,OPTIMAL
43.93939393939394,56.56565656565657,237,420.0,0.0,339.3939393939394,80.60606060606062,OPTIMAL
43.93939393939394,58.58585858585859,237,420.0,0.0,351.5151515151515,68.4848484848485,OPTIMAL
43.93939393939394,20.202020202020204,243,180.0,0.0,0.0,180.0,OPTIMAL
43.93939393939394,22.222222222222225,243,180.0,0.0,0.0,180.0,OPTIMAL
43.93939393939394,24.242424242424242,243,180.0,0.0,0.0,180.0,OPTIMAL
43.93939393939394,26.262626262626263,243,180.0,0.0,0.0,180.0,OPTIMAL
43.93939393939394,28.282828282828284,243,180.0,0.0,0.0,180.0,OPTIMAL
43.93939393939394,30.303030303030305,243,180.0,0.0,0.0,180.0,OPTIMAL
43.93939393939394,32.323232323232325,243,180.0,0.0,0.0,180.0,OPTIMAL
43.93939393939394,34.343434343434346,243,180.0,0.0,0.0,180.0,OPTIMAL
43.93939393939394,36.36363636363637,243,180.0,0.0,0.0,180.0,OPTIMAL
43.93939393939394,38.38383838383839,243,180.0,0.0,0.0,180.0,OPTIMAL
43.93939393939394,60.60606060606061,234,600.0,0.0,545.4545454545455,54.545454545454504,OPTIMAL
43.93939393939394,62.62626262626263,234,600.0,0.0,563.6363636363636,36.363636363636374,OPTIMAL
43.93939393939394,64.64646464646465,234,600.0,0.0,581.8181818181819,18.18181818181813,OPTIMAL
43.93939393939394,66.66666666666667,234,600.0,0.0,600.0,0.0,OPTIMAL
43.93939393939394,68.68686868686869,234,600.0,0.0,618.1818181818182,-18.181818181818244,OPTIMAL
43.93939393939394,70.70707070707071,231,810.0,0.0,848.4848484848485,-38.4848484848485,OPTIMAL
43.93939393939394,72.72727272727273,231,810.0,0.0,872.7272727272727,-62.72727272727275,OPTIMAL
43.93939393939394,74.74747474747475,231,810.0,0.0,896.969696969697,-86.969696969697,OPTIMAL
43.93939393939394,76.76767676767678,231,810.0,0.0,921.2121212121212,-111.21212121212125,OPTIMAL
43.93939393939394,78.7878787878788,231,810.0,0.0,945.4545454545455,-135.4545454545455,OPTIMAL
40.90909090909091,161.61616161616163,212,2530.0,0.0,5010.101010101011,-2480.1010101010106,OPTIMAL
40.90909090909091,163.63636363636365,212,2530.0,0.0,5072.727272727273,-2542.727272727273,OPTIMAL
40.90909090909091,165.65656565656568,212,2530.0,0.0,5135.353535353536,-2605.3535353535362,OPTIMAL
40.90909090909091,167.6767676767677,212,2530.0,0.0,5197.979797979799,-2667.9797979797986,OPTIMAL
40.90909090909091,169.69696969696972,212,2530.0,0.0,5260.606060606061,-2730.606060606061,OPTIMAL
40.90909090909091,171.71717171717174,212,2530.0,0.0,5323.232323232324,-2793.2323232323242,OPTIMAL
40.90909090909091,173.73737373737376,212,2530.0,0.0,5385.858585858587,-2855.8585858585866,OPTIMAL
40.90909090909091,175.75757575757578,212,2530.0,0.0,5448.484848484849,-2918.484848484849,OPTIMAL
40.90909090909091,177.7777777777778,212,2530.0,0.0,5511.111111111112,-2981.111111111112,OPTIMAL
40.90909090909091,179.79797979797982,212,2530.0,0.0,5573.737373737375,-3043.7373737373746,OPTIMAL
40.90909090909091,141.41414141414143,212,2530.0,0.0,4383.838383838384,-1853.8383838383843,OPTIMAL
40.90909090909091,143.43434343434345,212,2530.0,0.0,4446.464646464647,-1916.4646464646466,OPTIMAL
40.90909090909091,145.45454545454547,212,2530.0,0.0,4509.09090909091,-1979.09090909091,OPTIMAL
40.90909090909091,147.4747474747475,212,2530.0,0.0,4571.717171717172,-2041.7171717171723,OPTIMAL
40.90909090909091,149.4949494949495,212,2530.0,0.0,4634.343434343435,-2104.3434343434346,OPTIMAL
40.90909090909091,151.51515151515153,212,2530.0,0.0,4696.969696969697,-2166.969696969697,OPTIMAL
40.90909090909091,153.53535353535355,212,2530.0,0.0,4759.59595959596,-2229.5959595959603,OPTIMAL
40.90909090909091,155.55555555555557,212,2530.0,0.0,4822.222222222223,-2292.2222222222226,OPTIMAL
40.90909090909091,157.5757575757576,212,2530.0,0.0,4884.848484848485,-2354.848484848485,OPTIMAL
40.90909090909091,159.5959595959596,212,2530.0,0.0,4947.474747474748,-2417.4747474747483,OPTIMAL
40.90909090909091,121.21212121212122,212,2530.0,0.0,3757.575757575758,-1227.575757575758,OPTIMAL
40.90909090909091,123.23232323232324,212,2530.0,0.0,3820.2020202020203,-1290.2020202020203,OPTIMAL
40.90909090909091,125.25252525252526,212,2530.0,0.0,3882.828282828283,-1352.8282828282831,OPTIMAL
40.90909090909091,127.27272727272728,212,2530.0,0.0,3945.4545454545455,-1415.4545454545455,OPTIMAL
40.90909090909091,129.2929292929293,212,2530.0,0.0,4008.0808080808083,-1478.0808080808083,OPTIMAL
40.90909090909091,131.31313131313132,212,2530.0,0.0,4070.707070707071,-1540.7070707070711,OPTIMAL
40.90909090909091,133.33333333333334,212,2530.0,0.0,4133.333333333334,-1603.333333333334,OPTIMAL
40.90909090909091,135.35353535353536,212,2530.0,0.0,4195.959595959596,-1665.9595959595963,OPTIMAL
40.90909090909091,137.37373737373738,212,2530.0,0.0,4258.585858585859,-1728.5858585858587,OPTIMAL
40.90909090909091,139.3939393939394,212,2530.0,0.0,4321.212121212122,-1791.212121212122,OPTIMAL
40.90909090909091,181.81818181818184,202,4330.0,0.0,7454.545454545456,-3124.545454545456,OPTIMAL
40.90909090909091,183.83838383838386,202,4330.0,0.0,7537.373737373739,-3207.3737373737385,OPTIMAL
40.90909090909091,185.85858585858588,202,4330.0,0.0,7620.202020202021,-3290.2020202020212,OPTIMAL
40.90909090909091,187.8787878787879,202,4330.0,0.0,7703.030303030304,-3373.030303030304,OPTIMAL
40.90909090909091,189.89898989898992,202,4330.0,0.0,7785.858585858587,-3455.8585858585866,OPTIMAL
40.90909090909091,191.91919191919195,202,4330.0,0.0,7868.68686868687,-3538.68686868687,OPTIMAL
40.90909090909091,193.93939393939394,202,4330.0,0.0,7951.515151515151,-3621.515151515151,OPTIMAL
40.90909090909091,195.95959595959596,202,4330.0,0.0,8034.343434343435,-3704.3434343434346,OPTIMAL
40.90909090909091,197.97979797979798,202,4330.0,0.0,8117.171717171717,-3787.1717171717173,OPTIMAL
40.90909090909091,200.0,202,4330.0,0.0,8200.0,-3870.0,OPTIMAL
45.45454545454545,0.0,243,180.0,0.0,0.0,180.0,OPTIMAL
45.45454545454545,2.0202020202020203,243,180.0,0.0,0.0,180.0,OPTIMAL
45.45454545454545,4.040404040404041,243,180.0,0.0,0.0,180.0,OPTIMAL
45.45454545454545,6.0606060606060606,243,180.0,0.0,0.0,180.0,OPTIMAL
45.45454545454545,8.080808080808081,243,180.0,0.0,0.0,180.0,OPTIMAL
45.45454545454545,10.101010101010102,243,180.0,0.0,0.0,180.0,OPTIMAL
45.45454545454545,12.121212121212121,243,180.0,0.0,0.0,180.0,OPTIMAL
45.45454545454545,14.141414141414142,243,180.0,0.0,0.0,180.0,OPTIMAL
45.45454545454545,16.161616161616163,243,180.0,0.0,0.0,180.0,OPTIMAL
45.45454545454545,18.181818181818183,243,180.0,0.0,0.0,180.0,OPTIMAL
42.42424242424242,101.01010101010101,217,1980.0,0.0,2626.2626262626263,-646.2626262626263,OPTIMAL
42.42424242424242,103.03030303030303,217,1980.0,0.0,2678.787878787879,-698.787878787879,OPTIMAL
42.42424242424242,105.05050505050505,217,1980.0,0.0,2731.313131313131,-751.3131313131312,OPTIMAL
42.42424242424242,107.07070707070707,217,1980.0,0.0,2783.838383838384,-803.8383838383838,OPTIMAL
42.42424242424242,109.0909090909091,217,1980.0,0.0,2836.3636363636365,-856.3636363636365,OPTIMAL
42.42424242424242,111.11111111111111,212,2530.0,0.0,3444.4444444444443,-914.4444444444443,OPTIMAL
42.42424242424242,113.13131313131314,212,2530.0,0.0,3507.070707070707,-977.0707070707072,OPTIMAL
42.42424242424242,115.15151515151516,212,2530.0,0.0,3569.69696969697,-1039.69696969697,OPTIMAL
42.42424242424242,117.17171717171718,212,2530.0,0.0,3632.3232323232323,-1102.3232323232323,OPTIMAL
42.42424242424242,119.1919191919192,212,2530.0,0.0,3694.949494949495,-1164.9494949494951,OPTIMAL
43.93939393939394,80.80808080808082,222,1530.0,0.0,1696.9696969696972,-166.96969696969722,OPTIMAL
43.93939393939394,82.82828282828284,222,1530.0,0.0,1739.3939393939395,-209.3939393939395,OPTIMAL
43.93939393939394,84.84848484848486,222,1530.0,0.0,1781.818181818182,-251.81818181818198,OPTIMAL
43.93939393939394,86.86868686868688,222,1530.0,0.0,1824.2424242424245,-294.2424242424245,OPTIMAL
43.93939393939394,88.8888888888889,222,1530.0,0.0,1866.666666666667,-336.66666666666697,OPTIMAL
43.93939393939394,90.90909090909092,217,1980.0,0.0,2363.636363636364,-383.63636363636397,OPTIMAL
43.93939393939394,92.92929292929294,217,1980.0,0.0,2416.1616161616166,-436.1616161616166,OPTIMAL
43.93939393939394,94.94949494949496,217,1980.0,0.0,2468.686868686869,-488.6868686868688,OPTIMAL
43.93939393939394,96.96969696969697,217,1980.0,0.0,2521.212121212121,-541.212121212121,OPTIMAL
43.93939393939394,98.98989898989899,217,1980.0,0.0,2573.7373737373737,-593.7373737373737,OPTIMAL
42.42424242424242,161.61616161616163,212,2530.0,0.0,5010.101010101011,-2480.1010101010106,OPTIMAL
42.42424242424242,163.63636363636365,212,2530.0,0.0,5072.727272727273,-2542.727272727273,OPTIMAL
42.42424242424242,165.65656565656568,212,2530.0,0.0,5135.353535353536,-2605.3535353535362,OPTIMAL
42.42424242424242,167.6767676767677,212,2530.0,0.0,5197.979797979799,-2667.9797979797986,OPTIMAL
42.42424242424242,169.69696969696972,212,2530.0,0.0,5260.606060606061,-2730.606060606061,OPTIMAL
42.42424242424242,171.71717171717174,212,2530.0,0.0,5323.232323232324,-2793.2323232323242,OPTIMAL
42.42424242424242,173.73737373737376,212,2530.0,0.0,5385.858585858587,-2855.8585858585866,OPTIMAL
42.42424242424242,175.75757575757578,212,2530.0,0.0,5448.484848484849,-2918.484848484849,OPTIMAL
42.42424242424242,177.7777777777778,212,2530.0,0.0,5511.111111111112,-2981.111111111112,OPTIMAL
42.42424242424242,179.79797979797982,212,2530.0,0.0,5573.737373737375,-3043.7373737373746,OPTIMAL
42.42424242424242,121.21212121212122,212,2530.0,0.0,3757.575757575758,-1227.575757575758,OPTIMAL
42.42424242424242,123.23232323232324,212,2530.0,0.0,3820.2020202020203,-1290.2020202020203,OPTIMAL
42.42424242424242,125.25252525252526,212,2530.0,0.0,3882.828282828283,-1352.8282828282831,OPTIMAL
42.42424242424242,127.27272727272728,212,2530.0,0.0,3945.4545454545455,-1415.4545454545455,OPTIMAL
42.42424242424242,129.2929292929293,212,2530.0,0.0,4008.0808080808083,-1478.0808080808083,OPTIMAL
42.42424242424242,131.31313131313132,212,2530.0,0.0,4070.707070707071,-1540.7070707070711,OPTIMAL
42.42424242424242,133.33333333333334,212,2530.0,0.0,4133.333333333334,-1603.333333333334,OPTIMAL
42.42424242424242,135.35353535353536,212,2530.0,0.0,4195.959595959596,-1665.9595959595963,OPTIMAL
42.42424242424242,137.37373737373738,212,2530.0,0.0,4258.585858585859,-1728.5858585858587,OPTIMAL
42.42424242424242,139.3939393939394,212,2530.0,0.0,4321.212121212122,-1791.212121212122,OPTIMAL
42.42424242424242,141.41414141414143,212,2530.0,0.0,4383.838383838384,-1853.8383838383843,OPTIMAL
42.42424242424242,143.43434343434345,212,2530.0,0.0,4446.464646464647,-1916.4646464646466,OPTIMAL
42.42424242424242,145.45454545454547,212,2530.0,0.0,4509.09090909091,-1979.09090909091,OPTIMAL
42.42424242424242,147.4747474747475,212,2530.0,0.0,4571.717171717172,-2041.7171717171723,OPTIMAL
42.42424242424242,149.4949494949495,212,2530.0,0.0,4634.343434343435,-2104.3434343434346,OPTIMAL
42.42424242424242,151.51515151515153,212,2530.0,0.0,4696.969696969697,-2166.969696969697,OPTIMAL
42.42424242424242,153.53535353535355,212,2530.0,0.0,4759.59595959596,-2229.5959595959603,OPTIMAL
42.42424242424242,155.55555555555557,212,2530.0,0.0,4822.222222222223,-2292.2222222222226,OPTIMAL
42.42424242424242,157.5757575757576,212,2530.0,0.0,4884.848484848485,-2354.848484848485,OPTIMAL
42.42424242424242,159.5959595959596,212,2530.0,0.0,4947.474747474748,-2417.4747474747483,OPTIMAL
45.45454545454545,20.202020202020204,243,180.0,0.0,0.0,180.0,OPTIMAL
45.45454545454545,22.222222222222225,243,180.0,0.0,0.0,180.0,OPTIMAL
45.45454545454545,24.242424242424242,243,180.0,0.0,0.0,180.0,OPTIMAL
45.45454545454545,26.262626262626263,243,180.0,0.0,0.0,180.0,OPTIMAL
45.45454545454545,28.282828282828284,243,180.0,0.0,0.0,180.0,OPTIMAL
45.45454545454545,30.303030303030305,243,180.0,0.0,0.0,180.0,OPTIMAL
45.45454545454545,32.323232323232325,243,180.0,0.0,0.0,180.0,OPTIMAL
45.45454545454545,34.343434343434346,243,180.0,0.0,0.0,180.0,OPTIMAL
45.45454545454545,36.36363636363637,243,180.0,0.0,0.0,180.0,OPTIMAL
45.45454545454545,38.38383838383839,243,180.0,0.0,0.0,180.0,OPTIMAL
46.96969696969697,0.0,243,180.0,0.0,0.0,180.0,OPTIMAL
46.96969696969697,2.0202020202020203,243,180.0,0.0,0.0,180.0,OPTIMAL
46.96969696969697,4.040404040404041,243,180.0,0.0,0.0,180.0,OPTIMAL
46.96969696969697,6.0606060606060606,243,180.0,0.0,0.0,180.0,OPTIMAL
46.96969696969697,8.080808080808081,243,180.0,0.0,0.0,180.0,OPTIMAL
46.96969696969697,10.101010101010102,243,180.0,0.0,0.0,180.0,OPTIMAL
46.96969696969697,12.121212121212121,243,180.0,0.0,0.0,180.0,OPTIMAL
46.96969696969697,14.141414141414142,243,180.0,0.0,0.0,180.0,OPTIMAL
46.96969696969697,16.161616161616163,243,180.0,0.0,0.0,180.0,OPTIMAL
46.96969696969697,18.181818181818183,243,180.0,0.0,0.0,180.0,OPTIMAL
45.45454545454545,60.60606060606061,234,600.0,0.0,545.4545454545455,54.545454545454504,OPTIMAL
45.45454545454545,62.62626262626263,234,600.0,0.0,563.6363636363636,36.363636363636374,OPTIMAL
45.45454545454545,64.64646464646465,234,600.0,0.0,581.8181818181819,18.18181818181813,OPTIMAL
45.45454545454545,66.66666666666667,234,600.0,0.0,600.0,0.0,OPTIMAL
45.45454545454545,68.68686868686869,234,600.0,0.0,618.1818181818182,-18.181818181818244,OPTIMAL
45.45454545454545,70.70707070707071,231,810.0,0.0,848.4848484848485,-38.4848484848485,OPTIMAL
45.45454545454545,72.72727272727273,231,810.0,0.0,872.7272727272727,-62.72727272727275,OPTIMAL
45.45454545454545,74.74747474747475,231,810.0,0.0,896.969696969697,-86.969696969697,OPTIMAL
45.45454545454545,76.76767676767678,231,810.0,0.0,921.2121212121212,-111.21212121212125,OPTIMAL
45.45454545454545,78.7878787878788,231,810.0,0.0,945.4545454545455,-135.4545454545455,OPTIMAL
45.45454545454545,40.40404040404041,237,420.0,0.0,242.42424242424244,177.57575757575756,OPTIMAL
45.45454545454545,42.42424242424243,237,420.0,0.0,254.54545454545456,165.45454545454544,OPTIMAL
45.45454545454545,44.44444444444445,237,420.0,0.0,266.6666666666667,153.33333333333331,OPTIMAL
45.45454545454545,46.46464646464647,237,420.0,0.0,278.7878787878788,141.2121212121212,OPTIMAL
45.45454545454545,48.484848484848484,237,420.0,0.0,290.9090909090909,129.09090909090912,OPTIMAL
45.45454545454545,50.505050505050505,237,420.0,0.0,303.030303030303,116.969696969697,OPTIMAL
45.45454545454545,52.525252525252526,237,420.0,0.0,315.1515151515151,104.84848484848487,OPTIMAL
45.45454545454545,54.54545454545455,237,420.0,0.0,327.27272727272725,92.72727272727275,OPTIMAL
45.45454545454545,56.56565656565657,237,420.0,0.0,339.3939393939394,80.60606060606062,OPTIMAL
45.45454545454545,58.58585858585859,237,420.0,0.0,351.5151515151515,68.4848484848485,OPTIMAL
42.42424242424242,181.81818181818184,202,4330.0,0.0,7454.545454545456,-3124.545454545456,OPTIMAL
42.42424242424242,183.83838383838386,202,4330.0,0.0,7537.373737373739,-3207.3737373737385,OPTIMAL
42.42424242424242,185.85858585858588,202,4330.0,0.0,7620.202020202021,-3290.2020202020212,OPTIMAL
42.42424242424242,187.8787878787879,202,4330.0,0.0,7703.030303030304,-3373.030303030304,OPTIMAL
42.42424242424242,189.89898989898992,202,4330.0,0.0,7785.858585858587,-3455.8585858585866,OPTIMAL
42.42424242424242,191.91919191919195,202,4330.0,0.0,7868.68686868687,-3538.68686868687,OPTIMAL
42.42424242424242,193.93939393939394,202,4330.0,0.0,7951.515151515151,-3621.515151515151,OPTIMAL
42.42424242424242,195.95959595959596,202,4330.0,0.0,8034.343434343435,-3704.3434343434346,OPTIMAL
42.42424242424242,197.97979797979798,202,4330.0,0.0,8117.171717171717,-3787.1717171717173,OPTIMAL
42.42424242424242,200.0,202,4330.0,0.0,8200.0,-3870.0,OPTIMAL
43.93939393939394,101.01010101010101,217,1980.0,0.0,2626.2626262626263,-646.2626262626263,OPTIMAL
43.93939393939394,103.03030303030303,217,1980.0,0.0,2678.787878787879,-698.787878787879,OPTIMAL
43.93939393939394,105.05050505050505,217,1980.0,0.0,2731.313131313131,-751.3131313131312,OPTIMAL
43.93939393939394,107.07070707070707,217,1980.0,0.0,2783.838383838384,-803.8383838383838,OPTIMAL
43.93939393939394,109.0909090909091,217,1980.0,0.0,2836.3636363636365,-856.3636363636365,OPTIMAL
43.93939393939394,111.11111111111111,212,2530.0,0.0,3444.4444444444443,-914.4444444444443,OPTIMAL
43.93939393939394,113.13131313131314,212,2530.0,0.0,3507.070707070707,-977.0707070707072,OPTIMAL
43.93939393939394,115.15151515151516,212,2530.0,0.0,3569.69696969697,-1039.69696969697,OPTIMAL
43.93939393939394,117.17171717171718,212,2530.0,0.0,3632.3232323232323,-1102.3232323232323,OPTIMAL
43.93939393939394,119.1919191919192,212,2530.0,0.0,3694.949494949495,-1164.9494949494951,OPTIMAL
46.96969696969697,40.40404040404041,237,420.0,0.0,242.42424242424244,177.57575757575756,OPTIMAL
46.96969696969697,42.42424242424243,237,420.0,0.0,254.54545454545456,165.45454545454544,OPTIMAL
46.96969696969697,44.44444444444445,237,420.0,0.0,266.6666666666667,153.33333333333331,OPTIMAL
46.96969696969697,46.46464646464647,237,420.0,0.0,278.7878787878788,141.2121212121212,OPTIMAL
46.96969696969697,48.484848484848484,237,420.0,0.0,290.9090909090909,129.09090909090912,OPTIMAL
46.96969696969697,50.505050505050505,237,420.0,0.0,303.030303030303,116.969696969697,OPTIMAL
46.96969696969697,52.525252525252526,237,420.0,0.0,315.1515151515151,104.84848484848487,OPTIMAL
46.96969696969697,54.54545454545455,237,420.0,0.0,327.27272727272725,92.72727272727275,OPTIMAL
46.96969696969697,56.56565656565657,237,420.0,0.0,339.3939393939394,80.60606060606062,OPTIMAL
46.96969696969697,58.58585858585859,237,420.0,0.0,351.5151515151515,68.4848484848485,OPTIMAL
45.45454545454545,80.80808080808082,222,1530.0,0.0,1696.9696969696972,-166.96969696969722,OPTIMAL
45.45454545454545,82.82828282828284,222,1530.0,0.0,1739.3939393939395,-209.3939393939395,OPTIMAL
45.45454545454545,84.84848484848486,222,1530.0,0.0,1781.818181818182,-251.81818181818198,OPTIMAL
45.45454545454545,86.86868686868688,222,1530.0,0.0,1824.2424242424245,-294.2424242424245,OPTIMAL
45.45454545454545,88.8888888888889,222,1530.0,0.0,1866.666666666667,-336.66666666666697,OPTIMAL
45.45454545454545,90.90909090909092,217,1980.0,0.0,2363.636363636364,-383.63636363636397,OPTIMAL
45.45454545454545,92.92929292929294,217,1980.0,0.0,2416.1616161616166,-436.1616161616166,OPTIMAL
45.45454545454545,94.94949494949496,217,1980.0,0.0,2468.686868686869,-488.6868686868688,OPTIMAL
45.45454545454545,96.96969696969697,217,1980.0,0.0,2521.212121212121,-541.212121212121,OPTIMAL
45.45454545454545,98.98989898989899,217,1980.0,0.0,2573.7373737373737,-593.7373737373737,OPTIMAL
45.45454545454545,101.01010101010101,217,1980.0,0.0,2626.2626262626263,-646.2626262626263,OPTIMAL
45.45454545454545,103.03030303030303,217,1980.0,0.0,2678.787878787879,-698.787878787879,OPTIMAL
45.45454545454545,105.05050505050505,217,1980.0,0.0,2731.313131313131,-751.3131313131312,OPTIMAL
45.45454545454545,107.07070707070707,217,1980.0,0.0,2783.838383838384,-803.8383838383838,OPTIMAL
45.45454545454545,109.0909090909091,217,1980.0,0.0,2836.3636363636365,-856.3636363636365,OPTIMAL
45.45454545454545,111.11111111111111,212,2530.0,0.0,3444.4444444444443,-914.4444444444443,OPTIMAL
45.45454545454545,113.13131313131314,212,2530.0,0.0,3507.070707070707,-977.0707070707072,OPTIMAL
45.45454545454545,115.15151515151516,212,2530.0,0.0,3569.69696969697,-1039.69696969697,OPTIMAL
45.45454545454545,117.17171717171718,212,2530.0,0.0,3632.3232323232323,-1102.3232323232323,OPTIMAL
45.45454545454545,119.1919191919192,212,2530.0,0.0,3694.949494949495,-1164.9494949494951,OPTIMAL
46.96969696969697,20.202020202020204,243,180.0,0.0,0.0,180.0,OPTIMAL
46.96969696969697,22.222222222222225,243,180.0,0.0,0.0,180.0,OPTIMAL
46.96969696969697,24.242424242424242,243,180.0,0.0,0.0,180.0,OPTIMAL
46.96969696969697,26.262626262626263,243,180.0,0.0,0.0,180.0,OPTIMAL
46.96969696969697,28.282828282828284,243,180.0,0.0,0.0,180.0,OPTIMAL
46.96969696969697,30.303030303030305,243,180.0,0.0,0.0,180.0,OPTIMAL
46.96969696969697,32.323232323232325,243,180.0,0.0,0.0,180.0,OPTIMAL
46.96969696969697,34.343434343434346,243,180.0,0.0,0.0,180.0,OPTIMAL
46.96969696969697,36.36363636363637,243,180.0,0.0,0.0,180.0,OPTIMAL
46.96969696969697,38.38383838383839,243,180.0,0.0,0.0,180.0,OPTIMAL
43.93939393939394,121.21212121212122,212,2530.0,0.0,3757.575757575758,-1227.575757575758,OPTIMAL
43.93939393939394,123.23232323232324,212,2530.0,0.0,3820.2020202020203,-1290.2020202020203,OPTIMAL
43.93939393939394,125.25252525252526,212,2530.0,0.0,3882.828282828283,-1352.8282828282831,OPTIMAL
43.93939393939394,127.27272727272728,212,2530.0,0.0,3945.4545454545455,-1415.4545454545455,OPTIMAL
43.93939393939394,129.2929292929293,212,2530.0,0.0,4008.0808080808083,-1478.0808080808083,OPTIMAL
43.93939393939394,131.31313131313132,212,2530.0,0.0,4070.707070707071,-1540.7070707070711,OPTIMAL
43.93939393939394,133.33333333333334,212,2530.0,0.0,4133.333333333334,-1603.333333333334,OPTIMAL
43.93939393939394,135.35353535353536,212,2530.0,0.0,4195.959595959596,-1665.9595959595963,OPTIMAL
43.93939393939394,137.37373737373738,212,2530.0,0.0,4258.585858585859,-1728.5858585858587,OPTIMAL
43.93939393939394,139.3939393939394,212,2530.0,0.0,4321.212121212122,-1791.212121212122,OPTIMAL
43.93939393939394,141.41414141414143,212,2530.0,0.0,4383.838383838384,-1853.8383838383843,OPTIMAL
43.93939393939394,143.43434343434345,212,2530.0,0.0,4446.464646464647,-1916.4646464646466,OPTIMAL
43.93939393939394,145.45454545454547,212,2530.0,0.0,4509.09090909091,-1979.09090909091,OPTIMAL
43.93939393939394,147.4747474747475,212,2530.0,0.0,4571.717171717172,-2041.7171717171723,OPTIMAL
43.93939393939394,149.4949494949495,212,2530.0,0.0,4634.343434343435,-2104.3434343434346,OPTIMAL
43.93939393939394,151.51515151515153,212,2530.0,0.0,4696.969696969697,-2166.969696969697,OPTIMAL
43.93939393939394,153.53535353535355,212,2530.0,0.0,4759.59595959596,-2229.5959595959603,OPTIMAL
43.93939393939394,155.55555555555557,212,2530.0,0.0,4822.222222222223,-2292.2222222222226,OPTIMAL
43.93939393939394,157.5757575757576,212,2530.0,0.0,4884.848484848485,-2354.848484848485,OPTIMAL
43.93939393939394,159.5959595959596,212,2530.0,0.0,4947.474747474748,-2417.4747474747483,OPTIMAL
43.93939393939394,161.61616161616163,212,2530.0,0.0,5010.101010101011,-2480.1010101010106,OPTIMAL
43.93939393939394,163.63636363636365,212,2530.0,0.0,5072.727272727273,-2542.727272727273,OPTIMAL
43.93939393939394,165.65656565656568,212,2530.0,0.0,5135.353535353536,-2605.3535353535362,OPTIMAL
43.93939393939394,167.6767676767677,212,2530.0,0.0,5197.979797979799,-2667.9797979797986,OPTIMAL
43.93939393939394,169.69696969696972,212,2530.0,0.0,5260.606060606061,-2730.606060606061,OPTIMAL
43.93939393939394,171.71717171717174,212,2530.0,0.0,5323.232323232324,-2793.2323232323242,OPTIMAL
43.93939393939394,173.73737373737376,212,2530.0,0.0,5385.858585858587,-2855.8585858585866,OPTIMAL
43.93939393939394,175.75757575757578,212,2530.0,0.0,5448.484848484849,-2918.484848484849,OPTIMAL
43.93939393939394,177.7777777777778,212,2530.0,0.0,5511.111111111112,-2981.111111111112,OPTIMAL
43.93939393939394,179.79797979797982,212,2530.0,0.0,5573.737373737375,-3043.7373737373746,OPTIMAL
46.96969696969697,60.60606060606061,234,600.0,0.0,545.4545454545455,54.545454545454504,OPTIMAL
46.96969696969697,62.62626262626263,234,600.0,0.0,563.6363636363636,36.363636363636374,OPTIMAL
46.96969696969697,64.64646464646465,234,600.0,0.0,581.8181818181819,18.18181818181813,OPTIMAL
46.96969696969697,66.66666666666667,234,600.0,0.0,600.0,0.0,OPTIMAL
46.96969696969697,68.68686868686869,234,600.0,0.0,618.1818181818182,-18.181818181818244,OPTIMAL
46.96969696969697,70.70707070707071,231,810.0,0.0,848.4848484848485,-38.4848484848485,OPTIMAL
46.96969696969697,72.72727272727273,231,810.0,0.0,872.7272727272727,-62.72727272727275,OPTIMAL
46.96969696969697,74.74747474747475,231,810.0,0.0,896.969696969697,-86.969696969697,OPTIMAL
46.96969696969697,76.76767676767678,231,810.0,0.0,921.2121212121212,-111.21212121212125,OPTIMAL
46.96969696969697,78.7878787878788,231,810.0,0.0,945.4545454545455,-135.4545454545455,OPTIMAL
48.484848484848484,0.0,243,180.0,0.0,0.0,180.0,OPTIMAL
48.484848484848484,2.0202020202020203,243,180.0,0.0,0.0,180.0,OPTIMAL
48.484848484848484,4.040404040404041,243,180.0,0.0,0.0,180.0,OPTIMAL
48.484848484848484,6.0606060606060606,243,180.0,0.0,0.0,180.0,OPTIMAL
48.484848484848484,8.080808080808081,243,180.0,0.0,0.0,180.0,OPTIMAL
48.484848484848484,10.101010101010102,243,180.0,0.0,0.0,180.0,OPTIMAL
48.484848484848484,12.121212121212121,243,180.0,0.0,0.0,180.0,OPTIMAL
48.484848484848484,14.141414141414142,243,180.0,0.0,0.0,180.0,OPTIMAL
48.484848484848484,16.161616161616163,243,180.0,0.0,0.0,180.0,OPTIMAL
48.484848484848484,18.181818181818183,243,180.0,0.0,0.0,180.0,OPTIMAL
46.96969696969697,80.80808080808082,222,1530.0,0.0,1696.9696969696972,-166.96969696969722,OPTIMAL
46.96969696969697,82.82828282828284,222,1530.0,0.0,1739.3939393939395,-209.3939393939395,OPTIMAL
46.96969696969697,84.84848484848486,222,1530.0,0.0,1781.818181818182,-251.81818181818198,OPTIMAL
46.96969696969697,86.86868686868688,222,1530.0,0.0,1824.2424242424245,-294.2424242424245,OPTIMAL
46.96969696969697,88.8888888888889,222,1530.0,0.0,1866.666666666667,-336.66666666666697,OPTIMAL
46.96969696969697,90.90909090909092,217,1980.0,0.0,2363.636363636364,-383.63636363636397,OPTIMAL
46.96969696969697,92.92929292929294,217,1980.0,0.0,2416.1616161616166,-436.1616161616166,OPTIMAL
46.96969696969697,94.94949494949496,217,1980.0,0.0,2468.686868686869,-488.6868686868688,OPTIMAL
46.96969696969697,96.96969696969697,217,1980.0,0.0,2521.212121212121,-541.212121212121,OPTIMAL
46.96969696969697,98.98989898989899,217,1980.0,0.0,2573.7373737373737,-593.7373737373737,OPTIMAL
45.45454545454545,121.21212121212122,212,2530.0,0.0,3757.575757575758,-1227.575757575758,OPTIMAL
45.45454545454545,123.23232323232324,212,2530.0,0.0,3820.2020202020203,-1290.2020202020203,OPTIMAL
45.45454545454545,125.25252525252526,212,2530.0,0.0,3882.828282828283,-1352.8282828282831,OPTIMAL
45.45454545454545,127.27272727272728,212,2530.0,0.0,3945.4545454545455,-1415.4545454545455,OPTIMAL
45.45454545454545,129.2929292929293,212,2530.0,0.0,4008.0808080808083,-1478.0808080808083,OPTIMAL
45.45454545454545,131.31313131313132,212,2530.0,0.0,4070.707070707071,-1540.7070707070711,OPTIMAL
45.45454545454545,133.33333333333334,212,2530.0,0.0,4133.333333333334,-1603.333333333334,OPTIMAL
45.45454545454545,135.35353535353536,212,2530.0,0.0,4195.959595959596,-1665.9595959595963,OPTIMAL
45.45454545454545,137.37373737373738,212,2530.0,0.0,4258.585858585859,-1728.5858585858587,OPTIMAL
45.45454545454545,139.3939393939394,212,2530.0,0.0,4321.212121212122,-1791.212121212122,OPTIMAL
43.93939393939394,181.81818181818184,202,4330.0,0.0,7454.545454545456,-3124.545454545456,OPTIMAL
43.93939393939394,183.83838383838386,202,4330.0,0.0,7537.373737373739,-3207.3737373737385,OPTIMAL
43.93939393939394,185.85858585858588,202,4330.0,0.0,7620.202020202021,-3290.2020202020212,OPTIMAL
43.93939393939394,187.8787878787879,202,4330.0,0.0,7703.030303030304,-3373.030303030304,OPTIMAL
43.93939393939394,189.89898989898992,202,4330.0,0.0,7785.858585858587,-3455.8585858585866,OPTIMAL
43.93939393939394,191.91919191919195,202,4330.0,0.0,7868.68686868687,-3538.68686868687,OPTIMAL
43.93939393939394,193.93939393939394,202,4330.0,0.0,7951.515151515151,-3621.515151515151,OPTIMAL
43.93939393939394,195.95959595959596,202,4330.0,0.0,8034.343434343435,-3704.3434343434346,OPTIMAL
43.93939393939394,197.97979797979798,202,4330.0,0.0,8117.171717171717,-3787.1717171717173,OPTIMAL
43.93939393939394,200.0,202,4330.0,0.0,8200.0,-3870.0,OPTIMAL
45.45454545454545,141.41414141414143,212,2530.0,0.0,4383.838383838384,-1853.8383838383843,OPTIMAL
45.45454545454545,143.43434343434345,212,2530.0,0.0,4446.464646464647,-1916.4646464646466,OPTIMAL
45.45454545454545,145.45454545454547,212,2530.0,0.0,4509.09090909091,-1979.09090909091,OPTIMAL
45.45454545454545,147.4747474747475,212,2530.0,0.0,4571.717171717172,-2041.7171717171723,OPTIMAL
45.45454545454545,149.4949494949495,212,2530.0,0.0,4634.343434343435,-2104.3434343434346,OPTIMAL
45.45454545454545,151.51515151515153,212,2530.0,0.0,4696.969696969697,-2166.969696969697,OPTIMAL
45.45454545454545,153.53535353535355,212,2530.0,0.0,4759.59595959596,-2229.5959595959603,OPTIMAL
45.45454545454545,155.55555555555557,212,2530.0,0.0,4822.222222222223,-2292.2222222222226,OPTIMAL
45.45454545454545,157.5757575757576,212,2530.0,0.0,4884.848484848485,-2354.848484848485,OPTIMAL
45.45454545454545,159.5959595959596,212,2530.0,0.0,4947.474747474748,-2417.4747474747483,OPTIMAL
45.45454545454545,161.61616161616163,212,2530.0,0.0,5010.101010101011,-2480.1010101010106,OPTIMAL
45.45454545454545,163.63636363636365,212,2530.0,0.0,5072.727272727273,-2542.727272727273,OPTIMAL
45.45454545454545,165.65656565656568,212,2530.0,0.0,5135.353535353536,-2605.3535353535362,OPTIMAL
45.45454545454545,167.6767676767677,212,2530.0,0.0,5197.979797979799,-2667.9797979797986,OPTIMAL
45.45454545454545,169.69696969696972,212,2530.0,0.0,5260.606060606061,-2730.606060606061,OPTIMAL
45.45454545454545,171.71717171717174,212,2530.0,0.0,5323.232323232324,-2793.2323232323242,OPTIMAL
45.45454545454545,173.73737373737376,212,2530.0,0.0,5385.858585858587,-2855.8585858585866,OPTIMAL
45.45454545454545,175.75757575757578,212,2530.0,0.0,5448.484848484849,-2918.484848484849,OPTIMAL
45.45454545454545,177.7777777777778,212,2530.0,0.0,5511.111111111112,-2981.111111111112,OPTIMAL
45.45454545454545,179.79797979797982,212,2530.0,0.0,5573.737373737375,-3043.7373737373746,OPTIMAL
48.484848484848484,60.60606060606061,234,600.0,0.0,545.4545454545455,54.545454545454504,OPTIMAL
48.484848484848484,62.62626262626263,234,600.0,0.0,563.6363636363636,36.363636363636374,OPTIMAL
48.484848484848484,64.64646464646465,234,600.0,0.0,581.8181818181819,18.18181818181813,OPTIMAL
48.484848484848484,66.66666666666667,234,600.0,0.0,600.0,0.0,OPTIMAL
48.484848484848484,68.68686868686869,234,600.0,0.0,618.1818181818182,-18.181818181818244,OPTIMAL
48.484848484848484,70.70707070707071,231,810.0,0.0,848.4848484848485,-38.4848484848485,OPTIMAL
48.484848484848484,72.72727272727273,231,810.0,0.0,872.7272727272727,-62.72727272727275,OPTIMAL
48.484848484848484,74.74747474747475,231,810.0,0.0,896.969696969697,-86.969696969697,OPTIMAL
48.484848484848484,76.76767676767678,231,810.0,0.0,921.2121212121212,-111.21212121212125,OPTIMAL
48.484848484848484,78.7878787878788,231,810.0,0.0,945.4545454545455,-135.4545454545455,OPTIMAL
48.484848484848484,40.40404040404041,237,420.0,0.0,242.42424242424244,177.57575757575756,OPTIMAL
48.484848484848484,42.42424242424243,237,420.0,0.0,254.54545454545456,165.45454545454544,OPTIMAL
48.484848484848484,44.44444444444445,237,420.0,0.0,266.6666666666667,153.33333333333331,OPTIMAL
48.484848484848484,46.46464646464647,237,420.0,0.0,278.7878787878788,141.2121212121212,OPTIMAL
48.484848484848484,48.484848484848484,237,420.0,0.0,290.9090909090909,129.09090909090912,OPTIMAL
48.484848484848484,50.505050505050505,237,420.0,0.0,303.030303030303,116.969696969697,OPTIMAL
48.484848484848484,52.525252525252526,237,420.0,0.0,315.1515151515151,104.84848484848487,OPTIMAL
48.484848484848484,54.54545454545455,237,420.0,0.0,327.27272727272725,92.72727272727275,OPTIMAL
48.484848484848484,56.56565656565657,237,420.0,0.0,339.3939393939394,80.60606060606062,OPTIMAL
48.484848484848484,58.58585858585859,237,420.0,0.0,351.5151515151515,68.4848484848485,OPTIMAL
48.484848484848484,20.202020202020204,243,180.0,0.0,0.0,180.0,OPTIMAL
48.484848484848484,22.222222222222225,243,180.0,0.0,0.0,180.0,OPTIMAL
48.484848484848484,24.242424242424242,243,180.0,0.0,0.0,180.0,OPTIMAL
48.484848484848484,26.262626262626263,243,180.0,0.0,0.0,180.0,OPTIMAL
48.484848484848484,28.282828282828284,243,180.0,0.0,0.0,180.0,OPTIMAL
48.484848484848484,30.303030303030305,243,180.0,0.0,0.0,180.0,OPTIMAL
48.484848484848484,32.323232323232325,243,180.0,0.0,0.0,180.0,OPTIMAL
48.484848484848484,34.343434343434346,243,180.0,0.0,0.0,180.0,OPTIMAL
48.484848484848484,36.36363636363637,243,180.0,0.0,0.0,180.0,OPTIMAL
48.484848484848484,38.38383838383839,243,180.0,0.0,0.0,180.0,OPTIMAL
50.0,0.0,243,180.0,0.0,0.0,180.0,OPTIMAL
50.0,2.0202020202020203,243,180.0,0.0,0.0,180.0,OPTIMAL
50.0,4.040404040404041,243,180.0,0.0,0.0,180.0,OPTIMAL
50.0,6.0606060606060606,243,180.0,0.0,0.0,180.0,OPTIMAL
50.0,8.080808080808081,243,180.0,0.0,0.0,180.0,OPTIMAL
50.0,10.101010101010102,243,180.0,0.0,0.0,180.0,OPTIMAL
50.0,12.121212121212121,243,180.0,0.0,0.0,180.0,OPTIMAL
50.0,14.141414141414142,243,180.0,0.0,0.0,180.0,OPTIMAL
50.0,16.161616161616163,243,180.0,0.0,0.0,180.0,OPTIMAL
50.0,18.181818181818183,243,180.0,0.0,0.0,180.0,OPTIMAL
50.0,20.202020202020204,243,180.0,0.0,0.0,180.0,OPTIMAL
50.0,22.222222222222225,243,180.0,0.0,0.0,180.0,OPTIMAL
50.0,24.242424242424242,243,180.0,0.0,0.0,180.0,OPTIMAL
50.0,26.262626262626263,243,180.0,0.0,0.0,180.0,OPTIMAL
50.0,28.282828282828284,243,180.0,0.0,0.0,180.0,OPTIMAL
50.0,30.303030303030305,243,180.0,0.0,0.0,180.0,OPTIMAL
50.0,32.323232323232325,243,180.0,0.0,0.0,180.0,OPTIMAL
50.0,34.343434343434346,243,180.0,0.0,0.0,180.0,OPTIMAL
50.0,36.36363636363637,243,180.0,0.0,0.0,180.0,OPTIMAL
50.0,38.38383838383839,243,180.0,0.0,0.0,180.0,OPTIMAL
45.45454545454545,181.81818181818184,202,4330.0,0.0,7454.545454545456,-3124.545454545456,OPTIMAL
45.45454545454545,183.83838383838386,202,4330.0,0.0,7537.373737373739,-3207.3737373737385,OPTIMAL
45.45454545454545,185.85858585858588,202,4330.0,0.0,7620.202020202021,-3290.2020202020212,OPTIMAL
45.45454545454545,187.8787878787879,202,4330.0,0.0,7703.030303030304,-3373.030303030304,OPTIMAL
45.45454545454545,189.89898989898992,202,4330.0,0.0,7785.858585858587,-3455.8585858585866,OPTIMAL
45.45454545454545,191.91919191919195,202,4330.0,0.0,7868.68686868687,-3538.68686868687,OPTIMAL
45.45454545454545,193.93939393939394,202,4330.0,0.0,7951.515151515151,-3621.515151515151,OPTIMAL
45.45454545454545,195.95959595959596,202,4330.0,0.0,8034.343434343435,-3704.3434343434346,OPTIMAL
45.45454545454545,197.97979797979798,202,4330.0,0.0,8117.171717171717,-3787.1717171717173,OPTIMAL
45.45454545454545,200.0,202,4330.0,0.0,8200.0,-3870.0,OPTIMAL
46.96969696969697,101.01010101010101,217,1980.0,0.0,2626.2626262626263,-646.2626262626263,OPTIMAL
46.96969696969697,103.03030303030303,217,1980.0,0.0,2678.787878787879,-698.787878787879,OPTIMAL
46.96969696969697,105.05050505050505,217,1980.0,0.0,2731.313131313131,-751.3131313131312,OPTIMAL
46.96969696969697,107.07070707070707,217,1980.0,0.0,2783.838383838384,-803.8383838383838,OPTIMAL
46.96969696969697,109.0909090909091,217,1980.0,0.0,2836.3636363636365,-856.3636363636365,OPTIMAL
46.96969696969697,111.11111111111111,212,2530.0,0.0,3444.4444444444443,-914.4444444444443,OPTIMAL
46.96969696969697,113.13131313131314,212,2530.0,0.0,3507.070707070707,-977.0707070707072,OPTIMAL
46.96969696969697,115.15151515151516,212,2530.0,0.0,3569.69696969697,-1039.69696969697,OPTIMAL
46.96969696969697,117.17171717171718,212,2530.0,0.0,3632.3232323232323,-1102.3232323232323,OPTIMAL
46.96969696969697,119.1919191919192,212,2530.0,0.0,3694.949494949495,-1164.9494949494951,OPTIMAL
50.0,40.40404040404041,237,420.0,0.0,242.42424242424244,177.57575757575756,OPTIMAL
50.0,42.42424242424243,237,420.0,0.0,254.54545454545456,165.45454545454544,OPTIMAL
50.0,44.44444444444445,237,420.0,0.0,266.6666666666667,153.33333333333331,OPTIMAL
50.0,46.46464646464647,237,420.0,0.0,278.7878787878788,141.2121212121212,OPTIMAL
50.0,48.484848484848484,237,420.0,0.0,290.9090909090909,129.09090909090912,OPTIMAL
50.0,50.505050505050505,237,420.0,0.0,303.030303030303,116.969696969697,OPTIMAL
50.0,52.525252525252526,237,420.0,0.0,315.1515151515151,104.84848484848487,OPTIMAL
50.0,54.54545454545455,237,420.0,0.0,327.27272727272725,92.72727272727275,OPTIMAL
50.0,56.56565656565657,237,420.0,0.0,339.3939393939394,80.60606060606062,OPTIMAL
50.0,58.58585858585859,237,420.0,0.0,351.5151515151515,68.4848484848485,OPTIMAL
48.484848484848484,80.80808080808082,222,1530.0,0.0,1696.9696969696972,-166.96969696969722,OPTIMAL
48.484848484848484,82.82828282828284,222,1530.0,0.0,1739.3939393939395,-209.3939393939395,OPTIMAL
48.484848484848484,84.84848484848486,222,1530.0,0.0,1781.818181818182,-251.81818181818198,OPTIMAL
48.484848484848484,86.86868686868688,222,1530.0,0.0,1824.2424242424245,-294.2424242424245,OPTIMAL
48.484848484848484,88.8888888888889,222,1530.0,0.0,1866.666666666667,-336.66666666666697,OPTIMAL
48.484848484848484,90.90909090909092,217,1980.0,0.0,2363.636363636364,-383.63636363636397,OPTIMAL
48.484848484848484,92.92929292929294,217,1980.0,0.0,2416.1616161616166,-436.1616161616166,OPTIMAL
48.484848484848484,94.94949494949496,217,1980.0,0.0,2468.686868686869,-488.6868686868688,OPTIMAL
48.484848484848484,96.96969696969697,217,1980.0,0.0,2521.212121212121,-541.212121212121,OPTIMAL
48.484848484848484,98.98989898989899,217,1980.0,0.0,2573.7373737373737,-593.7373737373737,OPTIMAL
46.96969696969697,161.61616161616163,212,2530.0,0.0,5010.101010101011,-2480.1010101010106,OPTIMAL
46.96969696969697,163.63636363636365,212,2530.0,0.0,5072.727272727273,-2542.727272727273,OPTIMAL
46.96969696969697,165.65656565656568,212,2530.0,0.0,5135.353535353536,-2605.3535353535362,OPTIMAL
46.96969696969697,167.6767676767677,212,2530.0,0.0,5197.979797979799,-2667.9797979797986,OPTIMAL
46.96969696969697,169.69696969696972,212,2530.0,0.0,5260.606060606061,-2730.606060606061,OPTIMAL
46.96969696969697,171.71717171717174,212,2530.0,0.0,5323.232323232324,-2793.2323232323242,OPTIMAL
46.96969696969697,173.73737373737376,212,2530.0,0.0,5385.858585858587,-2855.8585858585866,OPTIMAL
46.96969696969697,175.75757575757578,212,2530.0,0.0,5448.484848484849,-2918.484848484849,OPTIMAL
46.96969696969697,177.7777777777778,212,2530.0,0.0,5511.111111111112,-2981.111111111112,OPTIMAL
46.96969696969697,179.79797979797982,212,2530.0,0.0,5573.737373737375,-3043.7373737373746,OPTIMAL
50.0,60.60606060606061,234,600.0,0.0,545.4545454545455,54.545454545454504,OPTIMAL
50.0,62.62626262626263,234,600.0,0.0,563.6363636363636,36.363636363636374,OPTIMAL
50.0,64.64646464646465,234,600.0,0.0,581.8181818181819,18.18181818181813,OPTIMAL
50.0,66.66666666666667,234,600.0,0.0,600.0,0.0,OPTIMAL
50.0,68.68686868686869,234,600.0,0.0,618.1818181818182,-18.181818181818244,OPTIMAL
50.0,70.70707070707071,231,810.0,0.0,848.4848484848485,-38.4848484848485,OPTIMAL
50.0,72.72727272727273,231,810.0,0.0,872.7272727272727,-62.72727272727275,OPTIMAL
50.0,74.74747474747475,231,810.0,0.0,896.969696969697,-86.969696969697,OPTIMAL
50.0,76.76767676767678,231,810.0,0.0,921.2121212121212,-111.21212121212125,OPTIMAL
50.0,78.7878787878788,231,810.0,0.0,945.4545454545455,-135.4545454545455,OPTIMAL
46.96969696969697,121.21212121212122,212,2530.0,0.0,3757.575757575758,-1227.575757575758,OPTIMAL
46.96969696969697,123.23232323232324,212,2530.0,0.0,3820.2020202020203,-1290.2020202020203,OPTIMAL
46.96969696969697,125.25252525252526,212,2530.0,0.0,3882.828282828283,-1352.8282828282831,OPTIMAL
46.96969696969697,127.27272727272728,212,2530.0,0.0,3945.4545454545455,-1415.4545454545455,OPTIMAL
46.96969696969697,129.2929292929293,212,2530.0,0.0,4008.0808080808083,-1478.0808080808083,OPTIMAL
46.96969696969697,131.31313131313132,212,2530.0,0.0,4070.707070707071,-1540.7070707070711,OPTIMAL
46.96969696969697,133.33333333333334,212,2530.0,0.0,4133.333333333334,-1603.333333333334,OPTIMAL
46.96969696969697,135.35353535353536,212,2530.0,0.0,4195.959595959596,-1665.9595959595963,OPTIMAL
46.96969696969697,137.37373737373738,212,2530.0,0.0,4258.585858585859,-1728.5858585858587,OPTIMAL
46.96969696969697,139.3939393939394,212,2530.0,0.0,4321.212121212122,-1791.212121212122,OPTIMAL
51.515151515151516,0.0,243,180.0,0.0,0.0,180.0,OPTIMAL
51.515151515151516,2.0202020202020203,243,180.0,0.0,0.0,180.0,OPTIMAL
51.515151515151516,4.040404040404041,243,180.0,0.0,0.0,180.0,OPTIMAL
51.515151515151516,6.0606060606060606,243,180.0,0.0,0.0,180.0,OPTIMAL
51.515151515151516,8.080808080808081,243,180.0,0.0,0.0,180.0,OPTIMAL
51.515151515151516,10.101010101010102,243,180.0,0.0,0.0,180.0,OPTIMAL
51.515151515151516,12.121212121212121,243,180.0,0.0,0.0,180.0,OPTIMAL
51.515151515151516,14.141414141414142,243,180.0,0.0,0.0,180.0,OPTIMAL
51.515151515151516,16.161616161616163,243,180.0,0.0,0.0,180.0,OPTIMAL
51.515151515151516,18.181818181818183,243,180.0,0.0,0.0,180.0,OPTIMAL
46.96969696969697,141.41414141414143,212,2530.0,0.0,4383.838383838384,-1853.8383838383843,OPTIMAL
46.96969696969697,143.43434343434345,212,2530.0,0.0,4446.464646464647,-1916.4646464646466,OPTIMAL
46.96969696969697,145.45454545454547,212,2530.0,0.0,4509.09090909091,-1979.09090909091,OPTIMAL
46.96969696969697,147.4747474747475,212,2530.0,0.0,4571.717171717172,-2041.7171717171723,OPTIMAL
46.96969696969697,149.4949494949495,212,2530.0,0.0,4634.343434343435,-2104.3434343434346,OPTIMAL
46.96969696969697,151.51515151515153,212,2530.0,0.0,4696.969696969697,-2166.969696969697,OPTIMAL
46.96969696969697,153.53535353535355,212,2530.0,0.0,4759.59595959596,-2229.5959595959603,OPTIMAL
46.96969696969697,155.55555555555557,212,2530.0,0.0,4822.222222222223,-2292.2222222222226,OPTIMAL
46.96969696969697,157.5757575757576,212,2530.0,0.0,4884.848484848485,-2354.848484848485,OPTIMAL
46.96969696969697,159.5959595959596,212,2530.0,0.0,4947.474747474748,-2417.4747474747483,OPTIMAL
46.96969696969697,181.81818181818184,202,4330.0,0.0,7454.545454545456,-3124.545454545456,OPTIMAL
46.96969696969697,183.83838383838386,202,4330.0,0.0,7537.373737373739,-3207.3737373737385,OPTIMAL
46.96969696969697,185.85858585858588,202,4330.0,0.0,7620.202020202021,-3290.2020202020212,OPTIMAL
46.96969696969697,187.8787878787879,202,4330.0,0.0,7703.030303030304,-3373.030303030304,OPTIMAL
46.96969696969697,189.89898989898992,202,4330.0,0.0,7785.858585858587,-3455.8585858585866,OPTIMAL
46.96969696969697,191.91919191919195,202,4330.0,0.0,7868.68686868687,-3538.68686868687,OPTIMAL
46.96969696969697,193.93939393939394,202,4330.0,0.0,7951.515151515151,-3621.515151515151,OPTIMAL
46.96969696969697,195.95959595959596,202,4330.0,0.0,8034.343434343435,-3704.3434343434346,OPTIMAL
46.96969696969697,197.97979797979798,202,4330.0,0.0,8117.171717171717,-3787.1717171717173,OPTIMAL
46.96969696969697,200.0,202,4330.0,0.0,8200.0,-3870.0,OPTIMAL
48.484848484848484,101.01010101010101,217,1980.0,0.0,2626.2626262626263,-646.2626262626263,OPTIMAL
48.484848484848484,103.03030303030303,217,1980.0,0.0,2678.787878787879,-698.787878787879,OPTIMAL
48.484848484848484,105.05050505050505,217,1980.0,0.0,2731.313131313131,-751.3131313131312,OPTIMAL
48.484848484848484,107.07070707070707,217,1980.0,0.0,2783.838383838384,-803.8383838383838,OPTIMAL
48.484848484848484,109.0909090909091,217,1980.0,0.0,2836.3636363636365,-856.3636363636365,OPTIMAL
48.484848484848484,111.11111111111111,212,2530.0,0.0,3444.4444444444443,-914.4444444444443,OPTIMAL
48.484848484848484,113.13131313131314,212,2530.0,0.0,3507.070707070707,-977.0707070707072,OPTIMAL
48.484848484848484,115.15151515151516,212,2530.0,0.0,3569.69696969697,-1039.69696969697,OPTIMAL
48.484848484848484,117.17171717171718,212,2530.0,0.0,3632.3232323232323,-1102.3232323232323,OPTIMAL
48.484848484848484,119.1919191919192,212,2530.0,0.0,3694.949494949495,-1164.9494949494951,OPTIMAL
51.515151515151516,20.202020202020204,243,180.0,0.0,0.0,180.0,OPTIMAL
51.515151515151516,22.222222222222225,243,180.0,0.0,0.0,180.0,OPTIMAL
51.515151515151516,24.242424242424242,243,180.0,0.0,0.0,180.0,OPTIMAL
51.515151515151516,26.262626262626263,243,180.0,0.0,0.0,180.0,OPTIMAL
51.515151515151516,28.282828282828284,243,180.0,0.0,0.0,180.0,OPTIMAL
51.515151515151516,30.303030303030305,243,180.0,0.0,0.0,180.0,OPTIMAL
51.515151515151516,32.323232323232325,243,180.0,0.0,0.0,180.0,OPTIMAL
51.515151515151516,34.343434343434346,243,180.0,0.0,0.0,180.0,OPTIMAL
51.515151515151516,36.36363636363637,243,180.0,0.0,0.0,180.0,OPTIMAL
51.515151515151516,38.38383838383839,243,180.0,0.0,0.0,180.0,OPTIMAL
48.484848484848484,121.21212121212122,212,2530.0,0.0,3757.575757575758,-1227.575757575758,OPTIMAL
48.484848484848484,123.23232323232324,212,2530.0,0.0,3820.2020202020203,-1290.2020202020203,OPTIMAL
48.484848484848484,125.25252525252526,212,2530.0,0.0,3882.828282828283,-1352.8282828282831,OPTIMAL
48.484848484848484,127.27272727272728,212,2530.0,0.0,3945.4545454545455,-1415.4545454545455,OPTIMAL
48.484848484848484,129.2929292929293,212,2530.0,0.0,4008.0808080808083,-1478.0808080808083,OPTIMAL
48.484848484848484,131.31313131313132,212,2530.0,0.0,4070.707070707071,-1540.7070707070711,OPTIMAL
48.484848484848484,133.33333333333334,212,2530.0,0.0,4133.333333333334,-1603.333333333334,OPTIMAL
48.484848484848484,135.35353535353536,212,2530.0,0.0,4195.959595959596,-1665.9595959595963,OPTIMAL
48.484848484848484,137.37373737373738,212,2530.0,0.0,4258.585858585859,-1728.5858585858587,OPTIMAL
48.484848484848484,139.3939393939394,212,2530.0,0.0,4321.212121212122,-1791.212121212122,OPTIMAL
48.484848484848484,161.61616161616163,212,2530.0,0.0,5010.101010101011,-2480.1010101010106,OPTIMAL
48.484848484848484,163.63636363636365,212,2530.0,0.0,5072.727272727273,-2542.727272727273,OPTIMAL
48.484848484848484,165.65656565656568,212,2530.0,0.0,5135.353535353536,-2605.3535353535362,OPTIMAL
48.484848484848484,167.6767676767677,212,2530.0,0.0,5197.979797979799,-2667.9797979797986,OPTIMAL
48.484848484848484,169.69696969696972,212,2530.0,0.0,5260.606060606061,-2730.606060606061,OPTIMAL
48.484848484848484,171.71717171717174,212,2530.0,0.0,5323.232323232324,-2793.2323232323242,OPTIMAL
48.484848484848484,173.73737373737376,212,2530.0,0.0,5385.858585858587,-2855.8585858585866,OPTIMAL
48.484848484848484,175.75757575757578,212,2530.0,0.0,5448.484848484849,-2918.484848484849,OPTIMAL
48.484848484848484,177.7777777777778,212,2530.0,0.0,5511.111111111112,-2981.111111111112,OPTIMAL
48.484848484848484,179.79797979797982,212,2530.0,0.0,5573.737373737375,-3043.7373737373746,OPTIMAL
50.0,80.80808080808082,222,1530.0,0.0,1696.9696969696972,-166.96969696969722,OPTIMAL
50.0,82.82828282828284,222,1530.0,0.0,1739.3939393939395,-209.3939393939395,OPTIMAL
50.0,84.84848484848486,222,1530.0,0.0,1781.818181818182,-251.81818181818198,OPTIMAL
50.0,86.86868686868688,222,1530.0,0.0,1824.2424242424245,-294.2424242424245,OPTIMAL
50.0,88.8888888888889,222,1530.0,0.0,1866.666666666667,-336.66666666666697,OPTIMAL
50.0,90.90909090909092,217,1980.0,0.0,2363.636363636364,-383.63636363636397,OPTIMAL
50.0,92.92929292929294,217,1980.0,0.0,2416.1616161616166,-436.1616161616166,OPTIMAL
50.0,94.94949494949496,217,1980.0,0.0,2468.686868686869,-488.6868686868688,OPTIMAL
50.0,96.96969696969697,217,1980.0,0.0,2521.212121212121,-541.212121212121,OPTIMAL
50.0,98.98989898989899,217,1980.0,0.0,2573.7373737373737,-593.7373737373737,OPTIMAL
51.515151515151516,40.40404040404041,237,420.0,0.0,242.42424242424244,177.57575757575756,OPTIMAL
51.515151515151516,42.42424242424243,237,420.0,0.0,254.54545454545456,165.45454545454544,OPTIMAL
51.515151515151516,44.44444444444445,237,420.0,0.0,266.6666666666667,153.33333333333331,OPTIMAL
51.515151515151516,46.46464646464647,237,420.0,0.0,278.7878787878788,141.2121212121212,OPTIMAL
51.515151515151516,48.484848484848484,237,420.0,0.0,290.9090909090909,129.09090909090912,OPTIMAL
51.515151515151516,50.505050505050505,237,420.0,0.0,303.030303030303,116.969696969697,OPTIMAL
51.515151515151516,52.525252525252526,237,420.0,0.0,315.1515151515151,104.84848484848487,OPTIMAL
51.515151515151516,54.54545454545455,237,420.0,0.0,327.27272727272725,92.72727272727275,OPTIMAL
51.515151515151516,56.56565656565657,237,420.0,0.0,339.3939393939394,80.60606060606062,OPTIMAL
51.515151515151516,58.58585858585859,237,420.0,0.0,351.5151515151515,68.4848484848485,OPTIMAL
48.484848484848484,141.41414141414143,212,2530.0,0.0,4383.838383838384,-1853.8383838383843,OPTIMAL
48.484848484848484,143.43434343434345,212,2530.0,0.0,4446.464646464647,-1916.4646464646466,OPTIMAL
48.484848484848484,145.45454545454547,212,2530.0,0.0,4509.09090909091,-1979.09090909091,OPTIMAL
48.484848484848484,147.4747474747475,212,2530.0,0.0,4571.717171717172,-2041.7171717171723,OPTIMAL
48.484848484848484,149.4949494949495,212,2530.0,0.0,4634.343434343435,-2104.3434343434346,OPTIMAL
48.484848484848484,151.51515151515153,212,2530.0,0.0,4696.969696969697,-2166.969696969697,OPTIMAL
48.484848484848484,153.53535353535355,212,2530.0,0.0,4759.59595959596,-2229.5959595959603,OPTIMAL
48.484848484848484,155.55555555555557,212,2530.0,0.0,4822.222222222223,-2292.2222222222226,OPTIMAL
48.484848484848484,157.5757575757576,212,2530.0,0.0,4884.848484848485,-2354.848484848485,OPTIMAL
48.484848484848484,159.5959595959596,212,2530.0,0.0,4947.474747474748,-2417.4747474747483,OPTIMAL
51.515151515151516,60.60606060606061,234,600.0,0.0,545.4545454545455,54.545454545454504,OPTIMAL
51.515151515151516,62.62626262626263,234,600.0,0.0,563.6363636363636,36.363636363636374,OPTIMAL
51.515151515151516,64.64646464646465,234,600.0,0.0,581.8181818181819,18.18181818181813,OPTIMAL
51.515151515151516,66.66666666666667,234,600.0,0.0,600.0,0.0,OPTIMAL
51.515151515151516,68.68686868686869,234,600.0,0.0,618.1818181818182,-18.181818181818244,OPTIMAL
51.515151515151516,70.70707070707071,231,810.0,0.0,848.4848484848485,-38.4848484848485,OPTIMAL
51.515151515151516,72.72727272727273,231,810.0,0.0,872.7272727272727,-62.72727272727275,OPTIMAL
51.515151515151516,74.74747474747475,231,810.0,0.0,896.969696969697,-86.969696969697,OPTIMAL
51.515151515151516,76.76767676767678,231,810.0,0.0,921.2121212121212,-111.21212121212125,OPTIMAL
51.515151515151516,78.7878787878788,231,810.0,0.0,945.4545454545455,-135.4545454545455,OPTIMAL
48.484848484848484,181.81818181818184,202,4330.0,0.0,7454.545454545456,-3124.545454545456,OPTIMAL
48.484848484848484,183.83838383838386,202,4330.0,0.0,7537.373737373739,-3207.3737373737385,OPTIMAL
48.484848484848484,185.85858585858588,202,4330.0,0.0,7620.202020202021,-3290.2020202020212,OPTIMAL
48.484848484848484,187.8787878787879,202,4330.0,0.0,7703.030303030304,-3373.030303030304,OPTIMAL
48.484848484848484,189.89898989898992,202,4330.0,0.0,7785.858585858587,-3455.8585858585866,OPTIMAL
48.484848484848484,191.91919191919195,202,4330.0,0.0,7868.68686868687,-3538.68686868687,OPTIMAL
48.484848484848484,193.93939393939394,202,4330.0,0.0,7951.515151515151,-3621.515151515151,OPTIMAL
48.484848484848484,195.95959595959596,202,4330.0,0.0,8034.343434343435,-3704.3434343434346,OPTIMAL
48.484848484848484,197.97979797979798,202,4330.0,0.0,8117.171717171717,-3787.1717171717173,OPTIMAL
48.484848484848484,200.0,202,4330.0,0.0,8200.0,-3870.0,OPTIMAL
53.03030303030303,0.0,243,180.0,0.0,0.0,180.0,OPTIMAL
53.03030303030303,2.0202020202020203,243,180.0,0.0,0.0,180.0,OPTIMAL
53.03030303030303,4.040404040404041,243,180.0,0.0,0.0,180.0,OPTIMAL
53.03030303030303,6.0606060606060606,243,180.0,0.0,0.0,180.0,OPTIMAL
53.03030303030303,8.080808080808081,243,180.0,0.0,0.0,180.0,OPTIMAL
53.03030303030303,10.101010101010102,243,180.0,0.0,0.0,180.0,OPTIMAL
53.03030303030303,12.121212121212121,243,180.0,0.0,0.0,180.0,OPTIMAL
53.03030303030303,14.141414141414142,243,180.0,0.0,0.0,180.0,OPTIMAL
53.03030303030303,16.161616161616163,243,180.0,0.0,0.0,180.0,OPTIMAL
53.03030303030303,18.181818181818183,243,180.0,0.0,0.0,180.0,OPTIMAL
50.0,101.01010101010101,217,1980.0,0.0,2626.2626262626263,-646.2626262626263,OPTIMAL
50.0,103.03030303030303,217,1980.0,0.0,2678.787878787879,-698.787878787879,OPTIMAL
50.0,105.05050505050505,217,1980.0,0.0,2731.313131313131,-751.3131313131312,OPTIMAL
50.0,107.07070707070707,217,1980.0,0.0,2783.838383838384,-803.8383838383838,OPTIMAL
50.0,109.0909090909091,217,1980.0,0.0,2836.3636363636365,-856.3636363636365,OPTIMAL
50.0,111.11111111111111,212,2530.0,0.0,3444.4444444444443,-914.4444444444443,OPTIMAL
50.0,113.13131313131314,212,2530.0,0.0,3507.070707070707,-977.0707070707072,OPTIMAL
50.0,115.15151515151516,212,2530.0,0.0,3569.69696969697,-1039.69696969697,OPTIMAL
50.0,117.17171717171718,212,2530.0,0.0,3632.3232323232323,-1102.3232323232323,OPTIMAL
50.0,119.1919191919192,212,2530.0,0.0,3694.949494949495,-1164.9494949494951,OPTIMAL
53.03030303030303,20.202020202020204,243,180.0,0.0,0.0,180.0,OPTIMAL
53.03030303030303,22.222222222222225,243,180.0,0.0,0.0,180.0,OPTIMAL
53.03030303030303,24.242424242424242,243,180.0,0.0,0.0,180.0,OPTIMAL
53.03030303030303,26.262626262626263,243,180.0,0.0,0.0,180.0,OPTIMAL
53.03030303030303,28.282828282828284,243,180.0,0.0,0.0,180.0,OPTIMAL
53.03030303030303,30.303030303030305,243,180.0,0.0,0.0,180.0,OPTIMAL
53.03030303030303,32.323232323232325,243,180.0,0.0,0.0,180.0,OPTIMAL
53.03030303030303,34.343434343434346,243,180.0,0.0,0.0,180.0,OPTIMAL
53.03030303030303,36.36363636363637,243,180.0,0.0,0.0,180.0,OPTIMAL
53.03030303030303,38.38383838383839,243,180.0,0.0,0.0,180.0,OPTIMAL
51.515151515151516,80.80808080808082,222,1530.0,0.0,1696.9696969696972,-166.96969696969722,OPTIMAL
51.515151515151516,82.82828282828284,222,1530.0,0.0,1739.3939393939395,-209.3939393939395,OPTIMAL
51.515151515151516,84.84848484848486,222,1530.0,0.0,1781.818181818182,-251.81818181818198,OPTIMAL
51.515151515151516,86.86868686868688,222,1530.0,0.0,1824.2424242424245,-294.2424242424245,OPTIMAL
51.515151515151516,88.8888888888889,222,1530.0,0.0,1866.666666666667,-336.66666666666697,OPTIMAL
51.515151515151516,90.90909090909092,217,1980.0,0.0,2363.636363636364,-383.63636363636397,OPTIMAL
51.515151515151516,92.92929292929294,217,1980.0,0.0,2416.1616161616166,-436.1616161616166,OPTIMAL
51.515151515151516,94.94949494949496,217,1980.0,0.0,2468.686868686869,-488.6868686868688,OPTIMAL
51.515151515151516,96.96969696969697,217,1980.0,0.0,2521.212121212121,-541.212121212121,OPTIMAL
51.515151515151516,98.98989898989899,217,1980.0,0.0,2573.7373737373737,-593.7373737373737,OPTIMAL
50.0,141.41414141414143,212,2530.0,0.0,4383.838383838384,-1853.8383838383843,OPTIMAL
50.0,143.43434343434345,212,2530.0,0.0,4446.464646464647,-1916.4646464646466,OPTIMAL
50.0,145.45454545454547,212,2530.0,0.0,4509.09090909091,-1979.09090909091,OPTIMAL
50.0,147.4747474747475,212,2530.0,0.0,4571.717171717172,-2041.7171717171723,OPTIMAL
50.0,149.4949494949495,212,2530.0,0.0,4634.343434343435,-2104.3434343434346,OPTIMAL
50.0,151.51515151515153,212,2530.0,0.0,4696.969696969697,-2166.969696969697,OPTIMAL
50.0,153.53535353535355,212,2530.0,0.0,4759.59595959596,-2229.5959595959603,OPTIMAL
50.0,155.55555555555557,212,2530.0,0.0,4822.222222222223,-2292.2222222222226,OPTIMAL
50.0,157.5757575757576,212,2530.0,0.0,4884.848484848485,-2354.848484848485,OPTIMAL
50.0,159.5959595959596,212,2530.0,0.0,4947.474747474748,-2417.4747474747483,OPTIMAL
50.0,121.21212121212122,212,2530.0,0.0,3757.575757575758,-1227.575757575758,OPTIMAL
50.0,123.23232323232324,212,2530.0,0.0,3820.2020202020203,-1290.2020202020203,OPTIMAL
50.0,125.25252525252526,212,2530.0,0.0,3882.828282828283,-1352.8282828282831,OPTIMAL
50.0,127.27272727272728,212,2530.0,0.0,3945.4545454545455,-1415.4545454545455,OPTIMAL
50.0,129.2929292929293,212,2530.0,0.0,4008.0808080808083,-1478.0808080808083,OPTIMAL
50.0,131.31313131313132,212,2530.0,0.0,4070.707070707071,-1540.7070707070711,OPTIMAL
50.0,133.33333333333334,212,2530.0,0.0,4133.333333333334,-1603.333333333334,OPTIMAL
50.0,135.35353535353536,212,2530.0,0.0,4195.959595959596,-1665.9595959595963,OPTIMAL
50.0,137.37373737373738,212,2530.0,0.0,4258.585858585859,-1728.5858585858587,OPTIMAL
50.0,139.3939393939394,212,2530.0,0.0,4321.212121212122,-1791.212121212122,OPTIMAL
53.03030303030303,40.40404040404041,237,420.0,0.0,242.42424242424244,177.57575757575756,OPTIMAL
53.03030303030303,42.42424242424243,237,420.0,0.0,254.54545454545456,165.45454545454544,OPTIMAL
53.03030303030303,44.44444444444445,237,420.0,0.0,266.6666666666667,153.33333333333331,OPTIMAL
53.03030303030303,46.46464646464647,237,420.0,0.0,278.7878787878788,141.2121212121212,OPTIMAL
53.03030303030303,48.484848484848484,237,420.0,0.0,290.9090909090909,129.09090909090912,OPTIMAL
53.03030303030303,50.505050505050505,237,420.0,0.0,303.030303030303,116.969696969697,OPTIMAL
53.03030303030303,52.525252525252526,237,420.0,0.0,315.1515151515151,104.84848484848487,OPTIMAL
53.03030303030303,54.54545454545455,237,420.0,0.0,327.27272727272725,92.72727272727275,OPTIMAL
53.03030303030303,56.56565656565657,237,420.0,0.0,339.3939393939394,80.60606060606062,OPTIMAL
53.03030303030303,58.58585858585859,237,420.0,0.0,351.5151515151515,68.4848484848485,OPTIMAL
53.03030303030303,60.60606060606061,234,600.0,0.0,545.4545454545455,54.545454545454504,OPTIMAL
53.03030303030303,62.62626262626263,234,600.0,0.0,563.6363636363636,36.363636363636374,OPTIMAL
53.03030303030303,64.64646464646465,234,600.0,0.0,581.8181818181819,18.18181818181813,OPTIMAL
53.03030303030303,66.66666666666667,234,600.0,0.0,600.0,0.0,OPTIMAL
53.03030303030303,68.68686868686869,234,600.0,0.0,618.1818181818182,-18.181818181818244,OPTIMAL
53.03030303030303,70.70707070707071,231,810.0,0.0,848.4848484848485,-38.4848484848485,OPTIMAL
53.03030303030303,72.72727272727273,231,810.0,0.0,872.7272727272727,-62.72727272727275,OPTIMAL
53.03030303030303,74.74747474747475,231,810.0,0.0,896.969696969697,-86.969696969697,OPTIMAL
53.03030303030303,76.76767676767678,231,810.0,0.0,921.2121212121212,-111.21212121212125,OPTIMAL
53.03030303030303,78.7878787878788,231,810.0,0.0,945.4545454545455,-135.4545454545455,OPTIMAL
50.0,181.81818181818184,202,4330.0,0.0,7454.545454545456,-3124.545454545456,OPTIMAL
50.0,183.83838383838386,202,4330.0,0.0,7537.373737373739,-3207.3737373737385,OPTIMAL
50.0,185.85858585858588,202,4330.0,0.0,7620.202020202021,-3290.2020202020212,OPTIMAL
50.0,187.8787878787879,202,4330.0,0.0,7703.030303030304,-3373.030303030304,OPTIMAL
50.0,189.89898989898992,202,4330.0,0.0,7785.858585858587,-3455.8585858585866,OPTIMAL
50.0,191.91919191919195,202,4330.0,0.0,7868.68686868687,-3538.68686868687,OPTIMAL
50.0,193.93939393939394,202,4330.0,0.0,7951.515151515151,-3621.515151515151,OPTIMAL
50.0,195.95959595959596,202,4330.0,0.0,8034.343434343435,-3704.3434343434346,OPTIMAL
50.0,197.97979797979798,202,4330.0,0.0,8117.171717171717,-3787.1717171717173,OPTIMAL
50.0,200.0,202,4330.0,0.0,8200.0,-3870.0,OPTIMAL
54.54545454545455,0.0,243,180.0,0.0,0.0,180.0,OPTIMAL
54.54545454545455,2.0202020202020203,243,180.0,0.0,0.0,180.0,OPTIMAL
54.54545454545455,4.040404040404041,243,180.0,0.0,0.0,180.0,OPTIMAL
54.54545454545455,6.0606060606060606,243,180.0,0.0,0.0,180.0,OPTIMAL
54.54545454545455,8.080808080808081,243,180.0,0.0,0.0,180.0,OPTIMAL
54.54545454545455,10.101010101010102,243,180.0,0.0,0.0,180.0,OPTIMAL
54.54545454545455,12.121212121212121,243,180.0,0.0,0.0,180.0,OPTIMAL
54.54545454545455,14.141414141414142,243,180.0,0.0,0.0,180.0,OPTIMAL
54.54545454545455,16.161616161616163,243,180.0,0.0,0.0,180.0,OPTIMAL
54.54545454545455,18.181818181818183,243,180.0,0.0,0.0,180.0,OPTIMAL
51.515151515151516,101.01010101010101,217,1980.0,0.0,2626.2626262626263,-646.2626262626263,OPTIMAL
51.515151515151516,103.03030303030303,217,1980.0,0.0,2678.787878787879,-698.787878787879,OPTIMAL
51.515151515151516,105.05050505050505,217,1980.0,0.0,2731.313131313131,-751.3131313131312,OPTIMAL
51.515151515151516,107.07070707070707,217,1980.0,0.0,2783.838383838384,-803.8383838383838,OPTIMAL
51.515151515151516,109.0909090909091,217,1980.0,0.0,2836.3636363636365,-856.3636363636365,OPTIMAL
51.515151515151516,111.11111111111111,212,2530.0,0.0,3444.4444444444443,-914.4444444444443,OPTIMAL
51.515151515151516,113.13131313131314,212,2530.0,0.0,3507.070707070707,-977.0707070707072,OPTIMAL
51.515151515151516,115.15151515151516,212,2530.0,0.0,3569.69696969697,-1039.69696969697,OPTIMAL
51.515151515151516,117.17171717171718,212,2530.0,0.0,3632.3232323232323,-1102.3232323232323,OPTIMAL
51.515151515151516,119.1919191919192,212,2530.0,0.0,3694.949494949495,-1164.9494949494951,OPTIMAL
54.54545454545455,20.202020202020204,243,180.0,0.0,0.0,180.0,OPTIMAL
54.54545454545455,22.222222222222225,243,180.0,0.0,0.0,180.0,OPTIMAL
54.54545454545455,24.242424242424242,243,180.0,0.0,0.0,180.0,OPTIMAL
54.54545454545455,26.262626262626263,243,180.0,0.0,0.0,180.0,OPTIMAL
54.54545454545455,28.282828282828284,243,180.0,0.0,0.0,180.0,OPTIMAL
54.54545454545455,30.303030303030305,243,180.0,0.0,0.0,180.0,OPTIMAL
54.54545454545455,32.323232323232325,243,180.0,0.0,0.0,180.0,OPTIMAL
54.54545454545455,34.343434343434346,243,180.0,0.0,0.0,180.0,OPTIMAL
54.54545454545455,36.36363636363637,243,180.0,0.0,0.0,180.0,OPTIMAL
54.54545454545455,38.38383838383839,243,180.0,0.0,0.0,180.0,OPTIMAL
50.0,161.61616161616163,212,2530.0,0.0,5010.101010101011,-2480.1010101010106,OPTIMAL
50.0,163.63636363636365,212,2530.0,0.0,5072.727272727273,-2542.727272727273,OPTIMAL
50.0,165.65656565656568,212,2530.0,0.0,5135.353535353536,-2605.3535353535362,OPTIMAL
50.0,167.6767676767677,212,2530.0,0.0,5197.979797979799,-2667.9797979797986,OPTIMAL
50.0,169.69696969696972,212,2530.0,0.0,5260.606060606061,-2730.606060606061,OPTIMAL
50.0,171.71717171717174,212,2530.0,0.0,5323.232323232324,-2793.2323232323242,OPTIMAL
50.0,173.73737373737376,212,2530.0,0.0,5385.858585858587,-2855.8585858585866,OPTIMAL
50.0,175.75757575757578,212,2530.0,0.0,5448.484848484849,-2918.484848484849,OPTIMAL
50.0,177.7777777777778,212,2530.0,0.0,5511.111111111112,-2981.111111111112,OPTIMAL
50.0,179.79797979797982,212,2530.0,0.0,5573.737373737375,-3043.7373737373746,OPTIMAL
54.54545454545455,40.40404040404041,237,420.0,0.0,242.42424242424244,177.57575757575756,OPTIMAL
54.54545454545455,42.42424242424243,237,420.0,0.0,254.54545454545456,165.45454545454544,OPTIMAL
54.54545454545455,44.44444444444445,237,420.0,0.0,266.6666666666667,153.33333333333331,OPTIMAL
54.54545454545455,46.46464646464647,237,420.0,0.0,278.7878787878788,141.2121212121212,OPTIMAL
54.54545454545455,48.484848484848484,237,420.0,0.0,290.9090909090909,129.09090909090912,OPTIMAL
54.54545454545455,50.505050505050505,237,420.0,0.0,303.030303030303,116.969696969697,OPTIMAL
54.54545454545455,52.525252525252526,237,420.0,0.0,315.1515151515151,104.84848484848487,OPTIMAL
54.54545454545455,54.54545454545455,237,420.0,0.0,327.27272727272725,92.72727272727275,OPTIMAL
54.54545454545455,56.56565656565657,237,420.0,0.0,339.3939393939394,80.60606060606062,OPTIMAL
54.54545454545455,58.58585858585859,237,420.0,0.0,351.5151515151515,68.4848484848485,OPTIMAL
51.515151515151516,121.21212121212122,212,2530.0,0.0,3757.575757575758,-1227.575757575758,OPTIMAL
51.515151515151516,123.23232323232324,212,2530.0,0.0,3820.2020202020203,-1290.2020202020203,OPTIMAL
51.515151515151516,125.25252525252526,212,2530.0,0.0,3882.828282828283,-1352.8282828282831,OPTIMAL
51.515151515151516,127.27272727272728,212,2530.0,0.0,3945.4545454545455,-1415.4545454545455,OPTIMAL
51.515151515151516,129.2929292929293,212,2530.0,0.0,4008.0808080808083,-1478.0808080808083,OPTIMAL
51.515151515151516,131.31313131313132,212,2530.0,0.0,4070.707070707071,-1540.7070707070711,OPTIMAL
51.515151515151516,133.33333333333334,212,2530.0,0.0,4133.333333333334,-1603.333333333334,OPTIMAL
51.515151515151516,135.35353535353536,212,2530.0,0.0,4195.959595959596,-1665.9595959595963,OPTIMAL
51.515151515151516,137.37373737373738,212,2530.0,0.0,4258.585858585859,-1728.5858585858587,OPTIMAL
51.515151515151516,139.3939393939394,212,2530.0,0.0,4321.212121212122,-1791.212121212122,OPTIMAL
53.03030303030303,101.01010101010101,217,1980.0,0.0,2626.2626262626263,-646.2626262626263,OPTIMAL
53.03030303030303,103.03030303030303,217,1980.0,0.0,2678.787878787879,-698.787878787879,OPTIMAL
53.03030303030303,105.05050505050505,217,1980.0,0.0,2731.313131313131,-751.3131313131312,OPTIMAL
53.03030303030303,107.07070707070707,217,1980.0,0.0,2783.838383838384,-803.8383838383838,OPTIMAL
53.03030303030303,109.0909090909091,217,1980.0,0.0,2836.3636363636365,-856.3636363636365,OPTIMAL
53.03030303030303,111.11111111111111,212,2530.0,0.0,3444.4444444444443,-914.4444444444443,OPTIMAL
53.03030303030303,113.13131313131314,212,2530.0,0.0,3507.070707070707,-977.0707070707072,OPTIMAL
53.03030303030303,115.15151515151516,212,2530.0,0.0,3569.69696969697,-1039.69696969697,OPTIMAL
53.03030303030303,117.17171717171718,212,2530.0,0.0,3632.3232323232323,-1102.3232323232323,OPTIMAL
53.03030303030303,119.1919191919192,212,2530.0,0.0,3694.949494949495,-1164.9494949494951,OPTIMAL
51.515151515151516,161.61616161616163,212,2530.0,0.0,5010.101010101011,-2480.1010101010106,OPTIMAL
51.515151515151516,163.63636363636365,212,2530.0,0.0,5072.727272727273,-2542.727272727273,OPTIMAL
51.515151515151516,165.65656565656568,212,2530.0,0.0,5135.353535353536,-2605.3535353535362,OPTIMAL
51.515151515151516,167.6767676767677,212,2530.0,0.0,5197.979797979799,-2667.9797979797986,OPTIMAL
51.515151515151516,169.69696969696972,212,2530.0,0.0,5260.606060606061,-2730.606060606061,OPTIMAL
51.515151515151516,171.71717171717174,212,2530.0,0.0,5323.232323232324,-2793.2323232323242,OPTIMAL
51.515151515151516,173.73737373737376,212,2530.0,0.0,5385.858585858587,-2855.8585858585866,OPTIMAL
51.515151515151516,175.75757575757578,212,2530.0,0.0,5448.484848484849,-2918.484848484849,OPTIMAL
51.515151515151516,177.7777777777778,212,2530.0,0.0,5511.111111111112,-2981.111111111112,OPTIMAL
51.515151515151516,179.79797979797982,212,2530.0,0.0,5573.737373737375,-3043.7373737373746,OPTIMAL
54.54545454545455,60.60606060606061,234,600.0,0.0,545.4545454545455,54.545454545454504,OPTIMAL
54.54545454545455,62.62626262626263,234,600.0,0.0,563.6363636363636,36.363636363636374,OPTIMAL
54.54545454545455,64.64646464646465,234,600.0,0.0,581.8181818181819,18.18181818181813,OPTIMAL
54.54545454545455,66.66666666666667,234,600.0,0.0,600.0,0.0,OPTIMAL
54.54545454545455,68.68686868686869,234,600.0,0.0,618.1818181818182,-18.181818181818244,OPTIMAL
54.54545454545455,70.70707070707071,231,810.0,0.0,848.4848484848485,-38.4848484848485,OPTIMAL
54.54545454545455,72.72727272727273,231,810.0,0.0,872.7272727272727,-62.72727272727275,OPTIMAL
54.54545454545455,74.74747474747475,231,810.0,0.0,896.969696969697,-86.969696969697,OPTIMAL
54.54545454545455,76.76767676767678,231,810.0,0.0,921.2121212121212,-111.21212121212125,OPTIMAL
54.54545454545455,78.7878787878788,231,810.0,0.0,945.4545454545455,-135.4545454545455,OPTIMAL
51.515151515151516,181.81818181818184,202,4330.0,0.0,7454.545454545456,-3124.545454545456,OPTIMAL
51.515151515151516,183.83838383838386,202,4330.0,0.0,7537.373737373739,-3207.3737373737385,OPTIMAL
51.515151515151516,185.85858585858588,202,4330.0,0.0,7620.202020202021,-3290.2020202020212,OPTIMAL
51.515151515151516,187.8787878787879,202,4330.0,0.0,7703.030303030304,-3373.030303030304,OPTIMAL
51.515151515151516,189.89898989898992,202,4330.0,0.0,7785.858585858587,-3455.8585858585866,OPTIMAL
51.515151515151516,191.91919191919195,202,4330.0,0.0,7868.68686868687,-3538.68686868687,OPTIMAL
51.515151515151516,193.93939393939394,202,4330.0,0.0,7951.515151515151,-3621.515151515151,OPTIMAL
51.515151515151516,195.95959595959596,202,4330.0,0.0,8034.343434343435,-3704.3434343434346,OPTIMAL
51.515151515151516,197.97979797979798,202,4330.0,0.0,8117.171717171717,-3787.1717171717173,OPTIMAL
51.515151515151516,200.0,202,4330.0,0.0,8200.0,-3870.0,OPTIMAL
53.03030303030303,80.80808080808082,222,1530.0,0.0,1696.9696969696972,-166.96969696969722,OPTIMAL
53.03030303030303,82.82828282828284,222,1530.0,0.0,1739.3939393939395,-209.3939393939395,OPTIMAL
53.03030303030303,84.84848484848486,222,1530.0,0.0,1781.818181818182,-251.81818181818198,OPTIMAL
53.03030303030303,86.86868686868688,222,1530.0,0.0,1824.2424242424245,-294.2424242424245,OPTIMAL
53.03030303030303,88.8888888888889,222,1530.0,0.0,1866.666666666667,-336.66666666666697,OPTIMAL
53.03030303030303,90.90909090909092,217,1980.0,0.0,2363.636363636364,-383.63636363636397,OPTIMAL
53.03030303030303,92.92929292929294,217,1980.0,0.0,2416.1616161616166,-436.1616161616166,OPTIMAL
53.03030303030303,94.94949494949496,217,1980.0,0.0,2468.686868686869,-488.6868686868688,OPTIMAL
53.03030303030303,96.96969696969697,217,1980.0,0.0,2521.212121212121,-541.212121212121,OPTIMAL
53.03030303030303,98.98989898989899,217,1980.0,0.0,2573.7373737373737,-593.7373737373737,OPTIMAL
51.515151515151516,141.41414141414143,212,2530.0,0.0,4383.838383838384,-1853.8383838383843,OPTIMAL
51.515151515151516,143.43434343434345,212,2530.0,0.0,4446.464646464647,-1916.4646464646466,OPTIMAL
51.515151515151516,145.45454545454547,212,2530.0,0.0,4509.09090909091,-1979.09090909091,OPTIMAL
51.515151515151516,147.4747474747475,212,2530.0,0.0,4571.717171717172,-2041.7171717171723,OPTIMAL
51.515151515151516,149.4949494949495,212,2530.0,0.0,4634.343434343435,-2104.3434343434346,OPTIMAL
51.515151515151516,151.51515151515153,212,2530.0,0.0,4696.969696969697,-2166.969696969697,OPTIMAL
51.515151515151516,153.53535353535355,212,2530.0,0.0,4759.59595959596,-2229.5959595959603,OPTIMAL
51.515151515151516,155.55555555555557,212,2530.0,0.0,4822.222222222223,-2292.2222222222226,OPTIMAL
51.515151515151516,157.5757575757576,212,2530.0,0.0,4884.848484848485,-2354.848484848485,OPTIMAL
51.515151515151516,159.5959595959596,212,2530.0,0.0,4947.474747474748,-2417.4747474747483,OPTIMAL
56.06060606060606,0.0,243,180.0,0.0,0.0,180.0,OPTIMAL
56.06060606060606,2.0202020202020203,243,180.0,0.0,0.0,180.0,OPTIMAL
56.06060606060606,4.040404040404041,243,180.0,0.0,0.0,180.0,OPTIMAL
56.06060606060606,6.0606060606060606,243,180.0,0.0,0.0,180.0,OPTIMAL
56.06060606060606,8.080808080808081,243,180.0,0.0,0.0,180.0,OPTIMAL
56.06060606060606,10.101010101010102,243,180.0,0.0,0.0,180.0,OPTIMAL
56.06060606060606,12.121212121212121,243,180.0,0.0,0.0,180.0,OPTIMAL
56.06060606060606,14.141414141414142,243,180.0,0.0,0.0,180.0,OPTIMAL
56.06060606060606,16.161616161616163,243,180.0,0.0,0.0,180.0,OPTIMAL
56.06060606060606,18.181818181818183,243,180.0,0.0,0.0,180.0,OPTIMAL
56.06060606060606,20.202020202020204,243,180.0,0.0,0.0,180.0,OPTIMAL
56.06060606060606,22.222222222222225,243,180.0,0.0,0.0,180.0,OPTIMAL
56.06060606060606,24.242424242424242,243,180.0,0.0,0.0,180.0,OPTIMAL
56.06060606060606,26.262626262626263,243,180.0,0.0,0.0,180.0,OPTIMAL
56.06060606060606,28.282828282828284,243,180.0,0.0,0.0,180.0,OPTIMAL
56.06060606060606,30.303030303030305,243,180.0,0.0,0.0,180.0,OPTIMAL
56.06060606060606,32.323232323232325,243,180.0,0.0,0.0,180.0,OPTIMAL
56.06060606060606,34.343434343434346,243,180.0,0.0,0.0,180.0,OPTIMAL
56.06060606060606,36.36363636363637,243,180.0,0.0,0.0,180.0,OPTIMAL
56.06060606060606,38.38383838383839,243,180.0,0.0,0.0,180.0,OPTIMAL
53.03030303030303,161.61616161616163,212,2530.0,0.0,5010.101010101011,-2480.1010101010106,OPTIMAL
53.03030303030303,163.63636363636365,212,2530.0,0.0,5072.727272727273,-2542.727272727273,OPTIMAL
53.03030303030303,165.65656565656568,212,2530.0,0.0,5135.353535353536,-2605.3535353535362,OPTIMAL
53.03030303030303,167.6767676767677,212,2530.0,0.0,5197.979797979799,-2667.9797979797986,OPTIMAL
53.03030303030303,169.69696969696972,212,2530.0,0.0,5260.606060606061,-2730.606060606061,OPTIMAL
53.03030303030303,171.71717171717174,212,2530.0,0.0,5323.232323232324,-2793.2323232323242,OPTIMAL
53.03030303030303,173.73737373737376,212,2530.0,0.0,5385.858585858587,-2855.8585858585866,OPTIMAL
53.03030303030303,175.75757575757578,212,2530.0,0.0,5448.484848484849,-2918.484848484849,OPTIMAL
53.03030303030303,177.7777777777778,212,2530.0,0.0,5511.111111111112,-2981.111111111112,OPTIMAL
53.03030303030303,179.79797979797982,212,2530.0,0.0,5573.737373737375,-3043.7373737373746,OPTIMAL
53.03030303030303,141.41414141414143,212,2530.0,0.0,4383.838383838384,-1853.8383838383843,OPTIMAL
53.03030303030303,143.43434343434345,212,2530.0,0.0,4446.464646464647,-1916.4646464646466,OPTIMAL
53.03030303030303,145.45454545454547,212,2530.0,0.0,4509.09090909091,-1979.09090909091,OPTIMAL
53.03030303030303,147.4747474747475,212,2530.0,0.0,4571.717171717172,-2041.7171717171723,OPTIMAL
53.03030303030303,149.4949494949495,212,2530.0,0.0,4634.343434343435,-2104.3434343434346,OPTIMAL
53.03030303030303,151.51515151515153,212,2530.0,0.0,4696.969696969697,-2166.969696969697,OPTIMAL
53.03030303030303,153.53535353535355,212,2530.0,0.0,4759.59595959596,-2229.5959595959603,OPTIMAL
53.03030303030303,155.55555555555557,212,2530.0,0.0,4822.222222222223,-2292.2222222222226,OPTIMAL
53.03030303030303,157.5757575757576,212,2530.0,0.0,4884.848484848485,-2354.848484848485,OPTIMAL
53.03030303030303,159.5959595959596,212,2530.0,0.0,4947.474747474748,-2417.4747474747483,OPTIMAL
56.06060606060606,40.40404040404041,237,420.0,0.0,242.42424242424244,177.57575757575756,OPTIMAL
56.06060606060606,42.42424242424243,237,420.0,0.0,254.54545454545456,165.45454545454544,OPTIMAL
56.06060606060606,44.44444444444445,237,420.0,0.0,266.6666666666667,153.33333333333331,OPTIMAL
56.06060606060606,46.46464646464647,237,420.0,0.0,278.7878787878788,141.2121212121212,OPTIMAL
56.06060606060606,48.484848484848484,237,420.0,0.0,290.9090909090909,129.09090909090912,OPTIMAL
56.06060606060606,50.505050505050505,237,420.0,0.0,303.030303030303,116.969696969697,OPTIMAL
56.06060606060606,52.525252525252526,237,420.0,0.0,315.1515151515151,104.84848484848487,OPTIMAL
56.06060606060606,54.54545454545455,237,420.0,0.0,327.27272727272725,92.72727272727275,OPTIMAL
56.06060606060606,56.56565656565657,237,420.0,0.0,339.3939393939394,80.60606060606062,OPTIMAL
56.06060606060606,58.58585858585859,237,420.0,0.0,351.5151515151515,68.4848484848485,OPTIMAL
53.03030303030303,121.21212121212122,212,2530.0,0.0,3757.575757575758,-1227.575757575758,OPTIMAL
53.03030303030303,123.23232323232324,212,2530.0,0.0,3820.2020202020203,-1290.2020202020203,OPTIMAL
53.03030303030303,125.25252525252526,212,2530.0,0.0,3882.828282828283,-1352.8282828282831,OPTIMAL
53.03030303030303,127.27272727272728,212,2530.0,0.0,3945.4545454545455,-1415.4545454545455,OPTIMAL
53.03030303030303,129.2929292929293,212,2530.0,0.0,4008.0808080808083,-1478.0808080808083,OPTIMAL
53.03030303030303,131.31313131313132,212,2530.0,0.0,4070.707070707071,-1540.7070707070711,OPTIMAL
53.03030303030303,133.33333333333334,212,2530.0,0.0,4133.333333333334,-1603.333333333334,OPTIMAL
53.03030303030303,135.35353535353536,212,2530.0,0.0,4195.959595959596,-1665.9595959595963,OPTIMAL
53.03030303030303,137.37373737373738,212,2530.0,0.0,4258.585858585859,-1728.5858585858587,OPTIMAL
53.03030303030303,139.3939393939394,212,2530.0,0.0,4321.212121212122,-1791.212121212122,OPTIMAL
54.54545454545455,80.80808080808082,222,1530.0,0.0,1696.9696969696972,-166.96969696969722,OPTIMAL
54.54545454545455,82.82828282828284,222,1530.0,0.0,1739.3939393939395,-209.3939393939395,OPTIMAL
54.54545454545455,84.84848484848486,222,1530.0,0.0,1781.818181818182,-251.81818181818198,OPTIMAL
54.54545454545455,86.86868686868688,222,1530.0,0.0,1824.2424242424245,-294.2424242424245,OPTIMAL
54.54545454545455,88.8888888888889,222,1530.0,0.0,1866.666666666667,-336.66666666666697,OPTIMAL
54.54545454545455,90.90909090909092,217,1980.0,0.0,2363.636363636364,-383.63636363636397,OPTIMAL
54.54545454545455,92.92929292929294,217,1980.0,0.0,2416.1616161616166,-436.1616161616166,OPTIMAL
54.54545454545455,94.94949494949496,217,1980.0,0.0,2468.686868686869,-488.6868686868688,OPTIMAL
54.54545454545455,96.96969696969697,217,1980.0,0.0,2521.212121212121,-541.212121212121,OPTIMAL
54.54545454545455,98.98989898989899,217,1980.0,0.0,2573.7373737373737,-593.7373737373737,OPTIMAL
57.57575757575758,0.0,243,180.0,0.0,0.0,180.0,OPTIMAL
57.57575757575758,2.0202020202020203,243,180.0,0.0,0.0,180.0,OPTIMAL
57.57575757575758,4.040404040404041,243,180.0,0.0,0.0,180.0,OPTIMAL
57.57575757575758,6.0606060606060606,243,180.0,0.0,0.0,180.0,OPTIMAL
57.57575757575758,8.080808080808081,243,180.0,0.0,0.0,180.0,OPTIMAL
57.57575757575758,10.101010101010102,243,180.0,0.0,0.0,180.0,OPTIMAL
57.57575757575758,12.121212121212121,243,180.0,0.0,0.0,180.0,OPTIMAL
57.57575757575758,14.141414141414142,243,180.0,0.0,0.0,180.0,OPTIMAL
57.57575757575758,16.161616161616163,243,180.0,0.0,0.0,180.0,OPTIMAL
57.57575757575758,18.181818181818183,243,180.0,0.0,0.0,180.0,OPTIMAL
56.06060606060606,60.60606060606061,234,600.0,0.0,545.4545454545455,54.545454545454504,OPTIMAL
56.06060606060606,62.62626262626263,234,600.0,0.0,563.6363636363636,36.363636363636374,OPTIMAL
56.06060606060606,64.64646464646465,234,600.0,0.0,581.8181818181819,18.18181818181813,OPTIMAL
56.06060606060606,66.66666666666667,234,600.0,0.0,600.0,0.0,OPTIMAL
56.06060606060606,68.68686868686869,234,600.0,0.0,618.1818181818182,-18.181818181818244,OPTIMAL
56.06060606060606,70.70707070707071,231,810.0,0.0,848.4848484848485,-38.4848484848485,OPTIMAL
56.06060606060606,72.72727272727273,231,810.0,0.0,872.7272727272727,-62.72727272727275,OPTIMAL
56.06060606060606,74.74747474747475,231,810.0,0.0,896.969696969697,-86.969696969697,OPTIMAL
56.06060606060606,76.76767676767678,231,810.0,0.0,921.2121212121212,-111.21212121212125,OPTIMAL
56.06060606060606,78.7878787878788,231,810.0,0.0,945.4545454545455,-135.4545454545455,OPTIMAL
54.54545454545455,101.01010101010101,217,1980.0,0.0,2626.2626262626263,-646.2626262626263,OPTIMAL
54.54545454545455,103.03030303030303,217,1980.0,0.0,2678.787878787879,-698.787878787879,OPTIMAL
54.54545454545455,105.05050505050505,217,1980.0,0.0,2731.313131313131,-751.3131313131312,OPTIMAL
54.54545454545455,107.07070707070707,217,1980.0,0.0,2783.838383838384,-803.8383838383838,OPTIMAL
54.54545454545455,109.0909090909091,217,1980.0,0.0,2836.3636363636365,-856.3636363636365,OPTIMAL
54.54545454545455,111.11111111111111,212,2530.0,0.0,3444.4444444444443,-914.4444444444443,OPTIMAL
54.54545454545455,113.13131313131314,212,2530.0,0.0,3507.070707070707,-977.0707070707072,OPTIMAL
54.54545454545455,115.15151515151516,212,2530.0,0.0,3569.69696969697,-1039.69696969697,OPTIMAL
54.54545454545455,117.17171717171718,212,2530.0,0.0,3632.3232323232323,-1102.3232323232323,OPTIMAL
54.54545454545455,119.1919191919192,212,2530.0,0.0,3694.949494949495,-1164.9494949494951,OPTIMAL
57.57575757575758,20.202020202020204,243,180.0,0.0,0.0,180.0,OPTIMAL
57.57575757575758,22.222222222222225,243,180.0,0.0,0.0,180.0,OPTIMAL
57.57575757575758,24.242424242424242,243,180.0,0.0,0.0,180.0,OPTIMAL
57.57575757575758,26.262626262626263,243,180.0,0.0,0.0,180.0,OPTIMAL
57.57575757575758,28.282828282828284,243,180.0,0.0,0.0,180.0,OPTIMAL
57.57575757575758,30.303030303030305,243,180.0,0.0,0.0,180.0,OPTIMAL
57.57575757575758,32.323232323232325,243,180.0,0.0,0.0,180.0,OPTIMAL
57.57575757575758,34.343434343434346,243,180.0,0.0,0.0,180.0,OPTIMAL
57.57575757575758,36.36363636363637,243,180.0,0.0,0.0,180.0,OPTIMAL
57.57575757575758,38.38383838383839,243,180.0,0.0,0.0,180.0,OPTIMAL
54.54545454545455,161.61616161616163,212,2530.0,0.0,5010.101010101011,-2480.1010101010106,OPTIMAL
54.54545454545455,163.63636363636365,212,2530.0,0.0,5072.727272727273,-2542.727272727273,OPTIMAL
54.54545454545455,165.65656565656568,212,2530.0,0.0,5135.353535353536,-2605.3535353535362,OPTIMAL
54.54545454545455,167.6767676767677,212,2530.0,0.0,5197.979797979799,-2667.9797979797986,OPTIMAL
54.54545454545455,169.69696969696972,212,2530.0,0.0,5260.606060606061,-2730.606060606061,OPTIMAL
54.54545454545455,171.71717171717174,212,2530.0,0.0,5323.232323232324,-2793.2323232323242,OPTIMAL
54.54545454545455,173.73737373737376,212,2530.0,0.0,5385.858585858587,-2855.8585858585866,OPTIMAL
54.54545454545455,175.75757575757578,212,2530.0,0.0,5448.484848484849,-2918.484848484849,OPTIMAL
54.54545454545455,177.7777777777778,212,2530.0,0.0,5511.111111111112,-2981.111111111112,OPTIMAL
54.54545454545455,179.79797979797982,212,2530.0,0.0,5573.737373737375,-3043.7373737373746,OPTIMAL
54.54545454545455,121.21212121212122,212,2530.0,0.0,3757.575757575758,-1227.575757575758,OPTIMAL
54.54545454545455,123.23232323232324,212,2530.0,0.0,3820.2020202020203,-1290.2020202020203,OPTIMAL
54.54545454545455,125.25252525252526,212,2530.0,0.0,3882.828282828283,-1352.8282828282831,OPTIMAL
54.54545454545455,127.27272727272728,212,2530.0,0.0,3945.4545454545455,-1415.4545454545455,OPTIMAL
54.54545454545455,129.2929292929293,212,2530.0,0.0,4008.0808080808083,-1478.0808080808083,OPTIMAL
54.54545454545455,131.31313131313132,212,2530.0,0.0,4070.707070707071,-1540.7070707070711,OPTIMAL
54.54545454545455,133.33333333333334,212,2530.0,0.0,4133.333333333334,-1603.333333333334,OPTIMAL
54.54545454545455,135.35353535353536,212,2530.0,0.0,4195.959595959596,-1665.9595959595963,OPTIMAL
54.54545454545455,137.37373737373738,212,2530.0,0.0,4258.585858585859,-1728.5858585858587,OPTIMAL
54.54545454545455,139.3939393939394,212,2530.0,0.0,4321.212121212122,-1791.212121212122,OPTIMAL
53.03030303030303,181.81818181818184,202,4330.0,0.0,7454.545454545456,-3124.545454545456,OPTIMAL
53.03030303030303,183.83838383838386,202,4330.0,0.0,7537.373737373739,-3207.3737373737385,OPTIMAL
53.03030303030303,185.85858585858588,202,4330.0,0.0,7620.202020202021,-3290.2020202020212,OPTIMAL
53.03030303030303,187.8787878787879,202,4330.0,0.0,7703.030303030304,-3373.030303030304,OPTIMAL
53.03030303030303,189.89898989898992,202,4330.0,0.0,7785.858585858587,-3455.8585858585866,OPTIMAL
53.03030303030303,191.91919191919195,202,4330.0,0.0,7868.68686868687,-3538.68686868687,OPTIMAL
53.03030303030303,193.93939393939394,202,4330.0,0.0,7951.515151515151,-3621.515151515151,OPTIMAL
53.03030303030303,195.95959595959596,202,4330.0,0.0,8034.343434343435,-3704.3434343434346,OPTIMAL
53.03030303030303,197.97979797979798,202,4330.0,0.0,8117.171717171717,-3787.1717171717173,OPTIMAL
53.03030303030303,200.0,202,4330.0,0.0,8200.0,-3870.0,OPTIMAL
56.06060606060606,80.80808080808082,222,1530.0,0.0,1696.9696969696972,-166.96969696969722,OPTIMAL
56.06060606060606,82.82828282828284,222,1530.0,0.0,1739.3939393939395,-209.3939393939395,OPTIMAL
56.06060606060606,84.84848484848486,222,1530.0,0.0,1781.818181818182,-251.81818181818198,OPTIMAL
56.06060606060606,86.86868686868688,222,1530.0,0.0,1824.2424242424245,-294.2424242424245,OPTIMAL
56.06060606060606,88.8888888888889,222,1530.0,0.0,1866.666666666667,-336.66666666666697,OPTIMAL
56.06060606060606,90.90909090909092,217,1980.0,0.0,2363.636363636364,-383.63636363636397,OPTIMAL
56.06060606060606,92.92929292929294,217,1980.0,0.0,2416.1616161616166,-436.1616161616166,OPTIMAL
56.06060606060606,94.94949494949496,217,1980.0,0.0,2468.686868686869,-488.6868686868688,OPTIMAL
56.06060606060606,96.96969696969697,217,1980.0,0.0,2521.212121212121,-541.212121212121,OPTIMAL
56.06060606060606,98.98989898989899,217,1980.0,0.0,2573.7373737373737,-593.7373737373737,OPTIMAL
54.54545454545455,181.81818181818184,202,4330.0,0.0,7454.545454545456,-3124.545454545456,OPTIMAL
54.54545454545455,183.83838383838386,202,4330.0,0.0,7537.373737373739,-3207.3737373737385,OPTIMAL
54.54545454545455,185.85858585858588,202,4330.0,0.0,7620.202020202021,-3290.2020202020212,OPTIMAL
54.54545454545455,187.8787878787879,202,4330.0,0.0,7703.030303030304,-3373.030303030304,OPTIMAL
54.54545454545455,189.89898989898992,202,4330.0,0.0,7785.858585858587,-3455.8585858585866,OPTIMAL
54.54545454545455,191.91919191919195,202,4330.0,0.0,7868.68686868687,-3538.68686868687,OPTIMAL
54.54545454545455,193.93939393939394,202,4330.0,0.0,7951.515151515151,-3621.515151515151,OPTIMAL
54.54545454545455,195.95959595959596,202,4330.0,0.0,8034.343434343435,-3704.3434343434346,OPTIMAL
54.54545454545455,197.97979797979798,202,4330.0,0.0,8117.171717171717,-3787.1717171717173,OPTIMAL
54.54545454545455,200.0,202,4330.0,0.0,8200.0,-3870.0,OPTIMAL
54.54545454545455,141.41414141414143,212,2530.0,0.0,4383.838383838384,-1853.8383838383843,OPTIMAL
54.54545454545455,143.43434343434345,212,2530.0,0.0,4446.464646464647,-1916.4646464646466,OPTIMAL
54.54545454545455,145.45454545454547,212,2530.0,0.0,4509.09090909091,-1979.09090909091,OPTIMAL
54.54545454545455,147.4747474747475,212,2530.0,0.0,4571.717171717172,-2041.7171717171723,OPTIMAL
54.54545454545455,149.4949494949495,212,2530.0,0.0,4634.343434343435,-2104.3434343434346,OPTIMAL
54.54545454545455,151.51515151515153,212,2530.0,0.0,4696.969696969697,-2166.969696969697,OPTIMAL
54.54545454545455,153.53535353535355,212,2530.0,0.0,4759.59595959596,-2229.5959595959603,OPTIMAL
54.54545454545455,155.55555555555557,212,2530.0,0.0,4822.222222222223,-2292.2222222222226,OPTIMAL
54.54545454545455,157.5757575757576,212,2530.0,0.0,4884.848484848485,-2354.848484848485,OPTIMAL
54.54545454545455,159.5959595959596,212,2530.0,0.0,4947.474747474748,-2417.4747474747483,OPTIMAL
57.57575757575758,60.60606060606061,234,600.0,0.0,545.4545454545455,54.545454545454504,OPTIMAL
57.57575757575758,62.62626262626263,234,600.0,0.0,563.6363636363636,36.363636363636374,OPTIMAL
57.57575757575758,64.64646464646465,234,600.0,0.0,581.8181818181819,18.18181818181813,OPTIMAL
57.57575757575758,66.66666666666667,234,600.0,0.0,600.0,0.0,OPTIMAL
57.57575757575758,68.68686868686869,234,600.0,0.0,618.1818181818182,-18.181818181818244,OPTIMAL
57.57575757575758,70.70707070707071,231,810.0,0.0,848.4848484848485,-38.4848484848485,OPTIMAL
57.57575757575758,72.72727272727273,231,810.0,0.0,872.7272727272727,-62.72727272727275,OPTIMAL
57.57575757575758,74.74747474747475,231,810.0,0.0,896.969696969697,-86.969696969697,OPTIMAL
57.57575757575758,76.76767676767678,231,810.0,0.0,921.2121212121212,-111.21212121212125,OPTIMAL
57.57575757575758,78.7878787878788,231,810.0,0.0,945.4545454545455,-135.4545454545455,OPTIMAL
57.57575757575758,40.40404040404041,237,420.0,0.0,242.42424242424244,177.57575757575756,OPTIMAL
57.57575757575758,42.42424242424243,237,420.0,0.0,254.54545454545456,165.45454545454544,OPTIMAL
57.57575757575758,44.44444444444445,237,420.0,0.0,266.6666666666667,153.33333333333331,OPTIMAL
57.57575757575758,46.46464646464647,237,420.0,0.0,278.7878787878788,141.2121212121212,OPTIMAL
57.57575757575758,48.484848484848484,237,420.0,0.0,290.9090909090909,129.09090909090912,OPTIMAL
57.57575757575758,50.505050505050505,237,420.0,0.0,303.030303030303,116.969696969697,OPTIMAL
57.57575757575758,52.525252525252526,237,420.0,0.0,315.1515151515151,104.84848484848487,OPTIMAL
57.57575757575758,54.54545454545455,237,420.0,0.0,327.27272727272725,92.72727272727275,OPTIMAL
57.57575757575758,56.56565656565657,237,420.0,0.0,339.3939393939394,80.60606060606062,OPTIMAL
57.57575757575758,58.58585858585859,237,420.0,0.0,351.5151515151515,68.4848484848485,OPTIMAL
59.09090909090909,0.0,243,180.0,0.0,0.0,180.0,OPTIMAL
59.09090909090909,2.0202020202020203,243,180.0,0.0,0.0,180.0,OPTIMAL
59.09090909090909,4.040404040404041,243,180.0,0.0,0.0,180.0,OPTIMAL
59.09090909090909,6.0606060606060606,243,180.0,0.0,0.0,180.0,OPTIMAL
59.09090909090909,8.080808080808081,243,180.0,0.0,0.0,180.0,OPTIMAL
59.09090909090909,10.101010101010102,243,180.0,0.0,0.0,180.0,OPTIMAL
59.09090909090909,12.121212121212121,243,180.0,0.0,0.0,180.0,OPTIMAL
59.09090909090909,14.141414141414142,243,180.0,0.0,0.0,180.0,OPTIMAL
59.09090909090909,16.161616161616163,243,180.0,0.0,0.0,180.0,OPTIMAL
59.09090909090909,18.181818181818183,243,180.0,0.0,0.0,180.0,OPTIMAL
59.09090909090909,20.202020202020204,243,180.0,0.0,0.0,180.0,OPTIMAL
59.09090909090909,22.222222222222225,243,180.0,0.0,0.0,180.0,OPTIMAL
59.09090909090909,24.242424242424242,243,180.0,0.0,0.0,180.0,OPTIMAL
59.09090909090909,26.262626262626263,243,180.0,0.0,0.0,180.0,OPTIMAL
59.09090909090909,28.282828282828284,243,180.0,0.0,0.0,180.0,OPTIMAL
59.09090909090909,30.303030303030305,243,180.0,0.0,0.0,180.0,OPTIMAL
59.09090909090909,32.323232323232325,243,180.0,0.0,0.0,180.0,OPTIMAL
59.09090909090909,34.343434343434346,243,180.0,0.0,0.0,180.0,OPTIMAL
59.09090909090909,36.36363636363637,243,180.0,0.0,0.0,180.0,OPTIMAL
59.09090909090909,38.38383838383839,243,180.0,0.0,0.0,180.0,OPTIMAL
56.06060606060606,121.21212121212122,212,2530.0,0.0,3757.575757575758,-1227.575757575758,OPTIMAL
56.06060606060606,123.23232323232324,212,2530.0,0.0,3820.2020202020203,-1290.2020202020203,OPTIMAL
56.06060606060606,125.25252525252526,212,2530.0,0.0,3882.828282828283,-1352.8282828282831,OPTIMAL
56.06060606060606,127.27272727272728,212,2530.0,0.0,3945.4545454545455,-1415.4545454545455,OPTIMAL
56.06060606060606,129.2929292929293,212,2530.0,0.0,4008.0808080808083,-1478.0808080808083,OPTIMAL
56.06060606060606,131.31313131313132,212,2530.0,0.0,4070.707070707071,-1540.7070707070711,OPTIMAL
56.06060606060606,133.33333333333334,212,2530.0,0.0,4133.333333333334,-1603.333333333334,OPTIMAL
56.06060606060606,135.35353535353536,212,2530.0,0.0,4195.959595959596,-1665.9595959595963,OPTIMAL
56.06060606060606,137.37373737373738,212,2530.0,0.0,4258.585858585859,-1728.5858585858587,OPTIMAL
56.06060606060606,139.3939393939394,212,2530.0,0.0,4321.212121212122,-1791.212121212122,OPTIMAL
59.09090909090909,40.40404040404041,237,420.0,0.0,242.42424242424244,177.57575757575756,OPTIMAL
59.09090909090909,42.42424242424243,237,420.0,0.0,254.54545454545456,165.45454545454544,OPTIMAL
59.09090909090909,44.44444444444445,237,420.0,0.0,266.6666666666667,153.33333333333331,OPTIMAL
59.09090909090909,46.46464646464647,237,420.0,0.0,278.7878787878788,141.2121212121212,OPTIMAL
59.09090909090909,48.484848484848484,237,420.0,0.0,290.9090909090909,129.09090909090912,OPTIMAL
59.09090909090909,50.505050505050505,237,420.0,0.0,303.030303030303,116.969696969697,OPTIMAL
59.09090909090909,52.525252525252526,237,420.0,0.0,315.1515151515151,104.84848484848487,OPTIMAL
59.09090909090909,54.54545454545455,237,420.0,0.0,327.27272727272725,92.72727272727275,OPTIMAL
59.09090909090909,56.56565656565657,237,420.0,0.0,339.3939393939394,80.60606060606062,OPTIMAL
59.09090909090909,58.58585858585859,237,420.0,0.0,351.5151515151515,68.4848484848485,OPTIMAL
56.06060606060606,101.01010101010101,217,1980.0,0.0,2626.2626262626263,-646.2626262626263,OPTIMAL
56.06060606060606,103.03030303030303,217,1980.0,0.0,2678.787878787879,-698.787878787879,OPTIMAL
56.06060606060606,105.05050505050505,217,1980.0,0.0,2731.313131313131,-751.3131313131312,OPTIMAL
56.06060606060606,107.07070707070707,217,1980.0,0.0,2783.838383838384,-803.8383838383838,OPTIMAL
56.06060606060606,109.0909090909091,217,1980.0,0.0,2836.3636363636365,-856.3636363636365,OPTIMAL
56.06060606060606,111.11111111111111,212,2530.0,0.0,3444.4444444444443,-914.4444444444443,OPTIMAL
56.06060606060606,113.13131313131314,212,2530.0,0.0,3507.070707070707,-977.0707070707072,OPTIMAL
56.06060606060606,115.15151515151516,212,2530.0,0.0,3569.69696969697,-1039.69696969697,OPTIMAL
56.06060606060606,117.17171717171718,212,2530.0,0.0,3632.3232323232323,-1102.3232323232323,OPTIMAL
56.06060606060606,119.1919191919192,212,2530.0,0.0,3694.949494949495,-1164.9494949494951,OPTIMAL
56.06060606060606,141.41414141414143,212,2530.0,0.0,4383.838383838384,-1853.8383838383843,OPTIMAL
56.06060606060606,143.43434343434345,212,2530.0,0.0,4446.464646464647,-1916.4646464646466,OPTIMAL
56.06060606060606,145.45454545454547,212,2530.0,0.0,4509.09090909091,-1979.09090909091,OPTIMAL
56.06060606060606,147.4747474747475,212,2530.0,0.0,4571.717171717172,-2041.7171717171723,OPTIMAL
56.06060606060606,149.4949494949495,212,2530.0,0.0,4634.343434343435,-2104.3434343434346,OPTIMAL
56.06060606060606,151.51515151515153,212,2530.0,0.0,4696.969696969697,-2166.969696969697,OPTIMAL
56.06060606060606,153.53535353535355,212,2530.0,0.0,4759.59595959596,-2229.5959595959603,OPTIMAL
56.06060606060606,155.55555555555557,212,2530.0,0.0,4822.222222222223,-2292.2222222222226,OPTIMAL
56.06060606060606,157.5757575757576,212,2530.0,0.0,4884.848484848485,-2354.848484848485,OPTIMAL
56.06060606060606,159.5959595959596,212,2530.0,0.0,4947.474747474748,-2417.4747474747483,OPTIMAL
59.09090909090909,60.60606060606061,234,600.0,0.0,545.4545454545455,54.545454545454504,OPTIMAL
59.09090909090909,62.62626262626263,234,600.0,0.0,563.6363636363636,36.363636363636374,OPTIMAL
59.09090909090909,64.64646464646465,234,600.0,0.0,581.8181818181819,18.18181818181813,OPTIMAL
59.09090909090909,66.66666666666667,234,600.0,0.0,600.0,0.0,OPTIMAL
59.09090909090909,68.68686868686869,234,600.0,0.0,618.1818181818182,-18.181818181818244,OPTIMAL
59.09090909090909,70.70707070707071,231,810.0,0.0,848.4848484848485,-38.4848484848485,OPTIMAL
59.09090909090909,72.72727272727273,231,810.0,0.0,872.7272727272727,-62.72727272727275,OPTIMAL
59.09090909090909,74.74747474747475,231,810.0,0.0,896.969696969697,-86.969696969697,OPTIMAL
59.09090909090909,76.76767676767678,231,810.0,0.0,921.2121212121212,-111.21212121212125,OPTIMAL
59.09090909090909,78.7878787878788,231,810.0,0.0,945.4545454545455,-135.4545454545455,OPTIMAL
56.06060606060606,161.61616161616163,212,2530.0,0.0,5010.101010101011,-2480.1010101010106,OPTIMAL
56.06060606060606,163.63636363636365,212,2530.0,0.0,5072.727272727273,-2542.727272727273,OPTIMAL
56.06060606060606,165.65656565656568,212,2530.0,0.0,5135.353535353536,-2605.3535353535362,OPTIMAL
56.06060606060606,167.6767676767677,212,2530.0,0.0,5197.979797979799,-2667.9797979797986,OPTIMAL
56.06060606060606,169.69696969696972,212,2530.0,0.0,5260.606060606061,-2730.606060606061,OPTIMAL
56.06060606060606,171.71717171717174,212,2530.0,0.0,5323.232323232324,-2793.2323232323242,OPTIMAL
56.06060606060606,173.73737373737376,212,2530.0,0.0,5385.858585858587,-2855.8585858585866,OPTIMAL
56.06060606060606,175.75757575757578,212,2530.0,0.0,5448.484848484849,-2918.484848484849,OPTIMAL
56.06060606060606,177.7777777777778,212,2530.0,0.0,5511.111111111112,-2981.111111111112,OPTIMAL
56.06060606060606,179.79797979797982,212,2530.0,0.0,5573.737373737375,-3043.7373737373746,OPTIMAL
57.57575757575758,80.80808080808082,222,1530.0,0.0,1696.9696969696972,-166.96969696969722,OPTIMAL
57.57575757575758,82.82828282828284,222,1530.0,0.0,1739.3939393939395,-209.3939393939395,OPTIMAL
57.57575757575758,84.84848484848486,222,1530.0,0.0,1781.818181818182,-251.81818181818198,OPTIMAL
57.57575757575758,86.86868686868688,222,1530.0,0.0,1824.2424242424245,-294.2424242424245,OPTIMAL
57.57575757575758,88.8888888888889,222,1530.0,0.0,1866.666666666667,-336.66666666666697,OPTIMAL
57.57575757575758,90.90909090909092,217,1980.0,0.0,2363.636363636364,-383.63636363636397,OPTIMAL
57.57575757575758,92.92929292929294,217,1980.0,0.0,2416.1616161616166,-436.1616161616166,OPTIMAL
57.57575757575758,94.94949494949496,217,1980.0,0.0,2468.686868686869,-488.6868686868688,OPTIMAL
57.57575757575758,96.96969696969697,217,1980.0,0.0,2521.212121212121,-541.212121212121,OPTIMAL
57.57575757575758,98.98989898989899,217,1980.0,0.0,2573.7373737373737,-593.7373737373737,OPTIMAL
57.57575757575758,101.01010101010101,217,1980.0,0.0,2626.2626262626263,-646.2626262626263,OPTIMAL
57.57575757575758,103.03030303030303,217,1980.0,0.0,2678.787878787879,-698.787878787879,OPTIMAL
57.57575757575758,105.05050505050505,217,1980.0,0.0,2731.313131313131,-751.3131313131312,OPTIMAL
57.57575757575758,107.07070707070707,217,1980.0,0.0,2783.838383838384,-803.8383838383838,OPTIMAL
57.57575757575758,109.0909090909091,217,1980.0,0.0,2836.3636363636365,-856.3636363636365,OPTIMAL
57.57575757575758,111.11111111111111,212,2530.0,0.0,3444.4444444444443,-914.4444444444443,OPTIMAL
57.57575757575758,113.13131313131314,212,2530.0,0.0,3507.070707070707,-977.0707070707072,OPTIMAL
57.57575757575758,115.15151515151516,212,2530.0,0.0,3569.69696969697,-1039.69696969697,OPTIMAL
57.57575757575758,117.17171717171718,212,2530.0,0.0,3632.3232323232323,-1102.3232323232323,OPTIMAL
57.57575757575758,119.1919191919192,212,2530.0,0.0,3694.949494949495,-1164.9494949494951,OPTIMAL
60.60606060606061,0.0,243,180.0,0.0,0.0,180.0,OPTIMAL
60.60606060606061,2.0202020202020203,243,180.0,0.0,0.0,180.0,OPTIMAL
60.60606060606061,4.040404040404041,243,180.0,0.0,0.0,180.0,OPTIMAL
60.60606060606061,6.0606060606060606,243,180.0,0.0,0.0,180.0,OPTIMAL
60.60606060606061,8.080808080808081,243,180.0,0.0,0.0,180.0,OPTIMAL
60.60606060606061,10.101010101010102,243,180.0,0.0,0.0,180.0,OPTIMAL
60.60606060606061,12.121212121212121,243,180.0,0.0,0.0,180.0,OPTIMAL
60.60606060606061,14.141414141414142,243,180.0,0.0,0.0,180.0,OPTIMAL
60.60606060606061,16.161616161616163,243,180.0,0.0,0.0,180.0,OPTIMAL
60.60606060606061,18.181818181818183,243,180.0,0.0,0.0,180.0,OPTIMAL
59.09090909090909,80.80808080808082,222,1530.0,0.0,1696.9696969696972,-166.96969696969722,OPTIMAL
59.09090909090909,82.82828282828284,222,1530.0,0.0,1739.3939393939395,-209.3939393939395,OPTIMAL
59.09090909090909,84.84848484848486,222,1530.0,0.0,1781.818181818182,-251.81818181818198,OPTIMAL
59.09090909090909,86.86868686868688,222,1530.0,0.0,1824.2424242424245,-294.2424242424245,OPTIMAL
59.09090909090909,88.8888888888889,222,1530.0,0.0,1866.666666666667,-336.66666666666697,OPTIMAL
59.09090909090909,90.90909090909092,217,1980.0,0.0,2363.636363636364,-383.63636363636397,OPTIMAL
59.09090909090909,92.92929292929294,217,1980.0,0.0,2416.1616161616166,-436.1616161616166,OPTIMAL
59.09090909090909,94.94949494949496,217,1980.0,0.0,2468.686868686869,-488.6868686868688,OPTIMAL
59.09090909090909,96.96969696969697,217,1980.0,0.0,2521.212121212121,-541.212121212121,OPTIMAL
59.09090909090909,98.98989898989899,217,1980.0,0.0,2573.7373737373737,-593.7373737373737,OPTIMAL
56.06060606060606,181.81818181818184,202,4330.0,0.0,7454.545454545456,-3124.545454545456,OPTIMAL
56.06060606060606,183.83838383838386,202,4330.0,0.0,7537.373737373739,-3207.3737373737385,OPTIMAL
56.06060606060606,185.85858585858588,202,4330.0,0.0,7620.202020202021,-3290.2020202020212,OPTIMAL
56.06060606060606,187.8787878787879,202,4330.0,0.0,7703.030303030304,-3373.030303030304,OPTIMAL
56.06060606060606,189.89898989898992,202,4330.0,0.0,7785.858585858587,-3455.8585858585866,OPTIMAL
56.06060606060606,191.91919191919195,202,4330.0,0.0,7868.68686868687,-3538.68686868687,OPTIMAL
56.06060606060606,193.93939393939394,202,4330.0,0.0,7951.515151515151,-3621.515151515151,OPTIMAL
56.06060606060606,195.95959595959596,202,4330.0,0.0,8034.343434343435,-3704.3434343434346,OPTIMAL
56.06060606060606,197.97979797979798,202,4330.0,0.0,8117.171717171717,-3787.1717171717173,OPTIMAL
56.06060606060606,200.0,202,4330.0,0.0,8200.0,-3870.0,OPTIMAL
60.60606060606061,20.202020202020204,243,180.0,0.0,0.0,180.0,OPTIMAL
60.60606060606061,22.222222222222225,243,180.0,0.0,0.0,180.0,OPTIMAL
60.60606060606061,24.242424242424242,243,180.0,0.0,0.0,180.0,OPTIMAL
60.60606060606061,26.262626262626263,243,180.0,0.0,0.0,180.0,OPTIMAL
60.60606060606061,28.282828282828284,243,180.0,0.0,0.0,180.0,OPTIMAL
60.60606060606061,30.303030303030305,243,180.0,0.0,0.0,180.0,OPTIMAL
60.60606060606061,32.323232323232325,243,180.0,0.0,0.0,180.0,OPTIMAL
60.60606060606061,34.343434343434346,243,180.0,0.0,0.0,180.0,OPTIMAL
60.60606060606061,36.36363636363637,243,180.0,0.0,0.0,180.0,OPTIMAL
60.60606060606061,38.38383838383839,243,180.0,0.0,0.0,180.0,OPTIMAL
60.60606060606061,40.40404040404041,237,420.0,0.0,242.42424242424244,177.57575757575756,OPTIMAL
60.60606060606061,42.42424242424243,237,420.0,0.0,254.54545454545456,165.45454545454544,OPTIMAL
60.60606060606061,44.44444444444445,237,420.0,0.0,266.6666666666667,153.33333333333331,OPTIMAL
60.60606060606061,46.46464646464647,237,420.0,0.0,278.7878787878788,141.2121212121212,OPTIMAL
60.60606060606061,48.484848484848484,237,420.0,0.0,290.9090909090909,129.09090909090912,OPTIMAL
60.60606060606061,50.505050505050505,237,420.0,0.0,303.030303030303,116.969696969697,OPTIMAL
60.60606060606061,52.525252525252526,237,420.0,0.0,315.1515151515151,104.84848484848487,OPTIMAL
60.60606060606061,54.54545454545455,237,420.0,0.0,327.27272727272725,92.72727272727275,OPTIMAL
60.60606060606061,56.56565656565657,237,420.0,0.0,339.3939393939394,80.60606060606062,OPTIMAL
60.60606060606061,58.58585858585859,237,420.0,0.0,351.5151515151515,68.4848484848485,OPTIMAL
57.57575757575758,121.21212121212122,212,2530.0,0.0,3757.575757575758,-1227.575757575758,OPTIMAL
57.57575757575758,123.23232323232324,212,2530.0,0.0,3820.2020202020203,-1290.2020202020203,OPTIMAL
57.57575757575758,125.25252525252526,212,2530.0,0.0,3882.828282828283,-1352.8282828282831,OPTIMAL
57.57575757575758,127.27272727272728,212,2530.0,0.0,3945.4545454545455,-1415.4545454545455,OPTIMAL
57.57575757575758,129.2929292929293,212,2530.0,0.0,4008.0808080808083,-1478.0808080808083,OPTIMAL
57.57575757575758,131.31313131313132,212,2530.0,0.0,4070.707070707071,-1540.7070707070711,OPTIMAL
57.57575757575758,133.33333333333334,212,2530.0,0.0,4133.333333333334,-1603.333333333334,OPTIMAL
57.57575757575758,135.35353535353536,212,2530.0,0.0,4195.959595959596,-1665.9595959595963,OPTIMAL
57.57575757575758,137.37373737373738,212,2530.0,0.0,4258.585858585859,-1728.5858585858587,OPTIMAL
57.57575757575758,139.3939393939394,212,2530.0,0.0,4321.212121212122,-1791.212121212122,OPTIMAL
57.57575757575758,161.61616161616163,212,2530.0,0.0,5010.101010101011,-2480.1010101010106,OPTIMAL
57.57575757575758,163.63636363636365,212,2530.0,0.0,5072.727272727273,-2542.727272727273,OPTIMAL
57.57575757575758,165.65656565656568,212,2530.0,0.0,5135.353535353536,-2605.3535353535362,OPTIMAL
57.57575757575758,167.6767676767677,212,2530.0,0.0,5197.979797979799,-2667.9797979797986,OPTIMAL
57.57575757575758,169.69696969696972,212,2530.0,0.0,5260.606060606061,-2730.606060606061,OPTIMAL
57.57575757575758,171.71717171717174,212,2530.0,0.0,5323.232323232324,-2793.2323232323242,OPTIMAL
57.57575757575758,173.73737373737376,212,2530.0,0.0,5385.858585858587,-2855.8585858585866,OPTIMAL
57.57575757575758,175.75757575757578,212,2530.0,0.0,5448.484848484849,-2918.484848484849,OPTIMAL
57.57575757575758,177.7777777777778,212,2530.0,0.0,5511.111111111112,-2981.111111111112,OPTIMAL
57.57575757575758,179.79797979797982,212,2530.0,0.0,5573.737373737375,-3043.7373737373746,OPTIMAL
57.57575757575758,141.41414141414143,212,2530.0,0.0,4383.838383838384,-1853.8383838383843,OPTIMAL
57.57575757575758,143.43434343434345,212,2530.0,0.0,4446.464646464647,-1916.4646464646466,OPTIMAL
57.57575757575758,145.45454545454547,212,2530.0,0.0,4509.09090909091,-1979.09090909091,OPTIMAL
57.57575757575758,147.4747474747475,212,2530.0,0.0,4571.717171717172,-2041.7171717171723,OPTIMAL
57.57575757575758,149.4949494949495,212,2530.0,0.0,4634.343434343435,-2104.3434343434346,OPTIMAL
57.57575757575758,151.51515151515153,212,2530.0,0.0,4696.969696969697,-2166.969696969697,OPTIMAL
57.57575757575758,153.53535353535355,212,2530.0,0.0,4759.59595959596,-2229.5959595959603,OPTIMAL
57.57575757575758,155.55555555555557,212,2530.0,0.0,4822.222222222223,-2292.2222222222226,OPTIMAL
57.57575757575758,157.5757575757576,212,2530.0,0.0,4884.848484848485,-2354.848484848485,OPTIMAL
57.57575757575758,159.5959595959596,212,2530.0,0.0,4947.474747474748,-2417.4747474747483,OPTIMAL
57.57575757575758,181.81818181818184,202,4330.0,0.0,7454.545454545456,-3124.545454545456,OPTIMAL
57.57575757575758,183.83838383838386,202,4330.0,0.0,7537.373737373739,-3207.3737373737385,OPTIMAL
57.57575757575758,185.85858585858588,202,4330.0,0.0,7620.202020202021,-3290.2020202020212,OPTIMAL
57.57575757575758,187.8787878787879,202,4330.0,0.0,7703.030303030304,-3373.030303030304,OPTIMAL
57.57575757575758,189.89898989898992,202,4330.0,0.0,7785.858585858587,-3455.8585858585866,OPTIMAL
57.57575757575758,191.91919191919195,202,4330.0,0.0,7868.68686868687,-3538.68686868687,OPTIMAL
57.57575757575758,193.93939393939394,202,4330.0,0.0,7951.515151515151,-3621.515151515151,OPTIMAL
57.57575757575758,195.95959595959596,202,4330.0,0.0,8034.343434343435,-3704.3434343434346,OPTIMAL
57.57575757575758,197.97979797979798,202,4330.0,0.0,8117.171717171717,-3787.1717171717173,OPTIMAL
57.57575757575758,200.0,202,4330.0,0.0,8200.0,-3870.0,OPTIMAL
60.60606060606061,60.60606060606061,234,600.0,0.0,545.4545454545455,54.545454545454504,OPTIMAL
60.60606060606061,62.62626262626263,234,600.0,0.0,563.6363636363636,36.363636363636374,OPTIMAL
60.60606060606061,64.64646464646465,234,600.0,0.0,581.8181818181819,18.18181818181813,OPTIMAL
60.60606060606061,66.66666666666667,234,600.0,0.0,600.0,0.0,OPTIMAL
60.60606060606061,68.68686868686869,234,600.0,0.0,618.1818181818182,-18.181818181818244,OPTIMAL
60.60606060606061,70.70707070707071,231,810.0,0.0,848.4848484848485,-38.4848484848485,OPTIMAL
60.60606060606061,72.72727272727273,231,810.0,0.0,872.7272727272727,-62.72727272727275,OPTIMAL
60.60606060606061,74.74747474747475,231,810.0,0.0,896.969696969697,-86.969696969697,OPTIMAL
60.60606060606061,76.76767676767678,231,810.0,0.0,921.2121212121212,-111.21212121212125,OPTIMAL
60.60606060606061,78.7878787878788,231,810.0,0.0,945.4545454545455,-135.4545454545455,OPTIMAL
62.12121212121212,0.0,243,180.0,0.0,0.0,180.0,OPTIMAL
62.12121212121212,2.0202020202020203,243,180.0,0.0,0.0,180.0,OPTIMAL
62.12121212121212,4.040404040404041,243,180.0,0.0,0.0,180.0,OPTIMAL
62.12121212121212,6.0606060606060606,243,180.0,0.0,0.0,180.0,OPTIMAL
62.12121212121212,8.080808080808081,243,180.0,0.0,0.0,180.0,OPTIMAL
62.12121212121212,10.101010101010102,243,180.0,0.0,0.0,180.0,OPTIMAL
62.12121212121212,12.121212121212121,243,180.0,0.0,0.0,180.0,OPTIMAL
62.12121212121212,14.141414141414142,243,180.0,0.0,0.0,180.0,OPTIMAL
62.12121212121212,16.161616161616163,243,180.0,0.0,0.0,180.0,OPTIMAL
62.12121212121212,18.181818181818183,243,180.0,0.0,0.0,180.0,OPTIMAL
59.09090909090909,121.21212121212122,212,2530.0,0.0,3757.575757575758,-1227.575757575758,OPTIMAL
59.09090909090909,123.23232323232324,212,2530.0,0.0,3820.2020202020203,-1290.2020202020203,OPTIMAL
59.09090909090909,125.25252525252526,212,2530.0,0.0,3882.828282828283,-1352.8282828282831,OPTIMAL
59.09090909090909,127.27272727272728,212,2530.0,0.0,3945.4545454545455,-1415.4545454545455,OPTIMAL
59.09090909090909,129.2929292929293,212,2530.0,0.0,4008.0808080808083,-1478.0808080808083,OPTIMAL
59.09090909090909,131.31313131313132,212,2530.0,0.0,4070.707070707071,-1540.7070707070711,OPTIMAL
59.09090909090909,133.33333333333334,212,2530.0,0.0,4133.333333333334,-1603.333333333334,OPTIMAL
59.09090909090909,135.35353535353536,212,2530.0,0.0,4195.959595959596,-1665.9595959595963,OPTIMAL
59.09090909090909,137.37373737373738,212,2530.0,0.0,4258.585858585859,-1728.5858585858587,OPTIMAL
59.09090909090909,139.3939393939394,212,2530.0,0.0,4321.212121212122,-1791.212121212122,OPTIMAL
59.09090909090909,101.01010101010101,217,1980.0,0.0,2626.2626262626263,-646.2626262626263,OPTIMAL
59.09090909090909,103.03030303030303,217,1980.0,0.0,2678.787878787879,-698.787878787879,OPTIMAL
59.09090909090909,105.05050505050505,217,1980.0,0.0,2731.313131313131,-751.3131313131312,OPTIMAL
59.09090909090909,107.07070707070707,217,1980.0,0.0,2783.838383838384,-803.8383838383838,OPTIMAL
59.09090909090909,109.0909090909091,217,1980.0,0.0,2836.3636363636365,-856.3636363636365,OPTIMAL
59.09090909090909,111.11111111111111,212,2530.0,0.0,3444.4444444444443,-914.4444444444443,OPTIMAL
59.09090909090909,113.13131313131314,212,2530.0,0.0,3507.070707070707,-977.0707070707072,OPTIMAL
59.09090909090909,115.15151515151516,212,2530.0,0.0,3569.69696969697,-1039.69696969697,OPTIMAL
59.09090909090909,117.17171717171718,212,2530.0,0.0,3632.3232323232323,-1102.3232323232323,OPTIMAL
59.09090909090909,119.1919191919192,212,2530.0,0.0,3694.949494949495,-1164.9494949494951,OPTIMAL
62.12121212121212,40.40404040404041,237,420.0,0.0,242.42424242424244,177.57575757575756,OPTIMAL
62.12121212121212,42.42424242424243,237,420.0,0.0,254.54545454545456,165.45454545454544,OPTIMAL
62.12121212121212,44.44444444444445,237,420.0,0.0,266.6666666666667,153.33333333333331,OPTIMAL
62.12121212121212,46.46464646464647,237,420.0,0.0,278.7878787878788,141.2121212121212,OPTIMAL
62.12121212121212,48.484848484848484,237,420.0,0.0,290.9090909090909,129.09090909090912,OPTIMAL
62.12121212121212,50.505050505050505,237,420.0,0.0,303.030303030303,116.969696969697,OPTIMAL
62.12121212121212,52.525252525252526,237,420.0,0.0,315.1515151515151,104.84848484848487,OPTIMAL
62.12121212121212,54.54545454545455,237,420.0,0.0,327.27272727272725,92.72727272727275,OPTIMAL
62.12121212121212,56.56565656565657,237,420.0,0.0,339.3939393939394,80.60606060606062,OPTIMAL
62.12121212121212,58.58585858585859,237,420.0,0.0,351.5151515151515,68.4848484848485,OPTIMAL
62.12121212121212,20.202020202020204,243,180.0,0.0,0.0,180.0,OPTIMAL
62.12121212121212,22.222222222222225,243,180.0,0.0,0.0,180.0,OPTIMAL
62.12121212121212,24.242424242424242,243,180.0,0.0,0.0,180.0,OPTIMAL
62.12121212121212,26.262626262626263,243,180.0,0.0,0.0,180.0,OPTIMAL
62.12121212121212,28.282828282828284,243,180.0,0.0,0.0,180.0,OPTIMAL
62.12121212121212,30.303030303030305,243,180.0,0.0,0.0,180.0,OPTIMAL
62.12121212121212,32.323232323232325,243,180.0,0.0,0.0,180.0,OPTIMAL
62.12121212121212,34.343434343434346,243,180.0,0.0,0.0,180.0,OPTIMAL
62.12121212121212,36.36363636363637,243,180.0,0.0,0.0,180.0,OPTIMAL
62.12121212121212,38.38383838383839,243,180.0,0.0,0.0,180.0,OPTIMAL
59.09090909090909,161.61616161616163,212,2530.0,0.0,5010.101010101011,-2480.1010101010106,OPTIMAL
59.09090909090909,163.63636363636365,212,2530.0,0.0,5072.727272727273,-2542.727272727273,OPTIMAL
59.09090909090909,165.65656565656568,212,2530.0,0.0,5135.353535353536,-2605.3535353535362,OPTIMAL
59.09090909090909,167.6767676767677,212,2530.0,0.0,5197.979797979799,-2667.9797979797986,OPTIMAL
59.09090909090909,169.69696969696972,212,2530.0,0.0,5260.606060606061,-2730.606060606061,OPTIMAL
59.09090909090909,171.71717171717174,212,2530.0,0.0,5323.232323232324,-2793.2323232323242,OPTIMAL
59.09090909090909,173.73737373737376,212,2530.0,0.0,5385.858585858587,-2855.8585858585866,OPTIMAL
59.09090909090909,175.75757575757578,212,2530.0,0.0,5448.484848484849,-2918.484848484849,OPTIMAL
59.09090909090909,177.7777777777778,212,2530.0,0.0,5511.111111111112,-2981.111111111112,OPTIMAL
59.09090909090909,179.79797979797982,212,2530.0,0.0,5573.737373737375,-3043.7373737373746,OPTIMAL
60.60606060606061,80.80808080808082,222,1530.0,0.0,1696.9696969696972,-166.96969696969722,OPTIMAL
60.60606060606061,82.82828282828284,222,1530.0,0.0,1739.3939393939395,-209.3939393939395,OPTIMAL
60.60606060606061,84.84848484848486,222,1530.0,0.0,1781.818181818182,-251.81818181818198,OPTIMAL
60.60606060606061,86.86868686868688,222,1530.0,0.0,1824.2424242424245,-294.2424242424245,OPTIMAL
60.60606060606061,88.8888888888889,222,1530.0,0.0,1866.666666666667,-336.66666666666697,OPTIMAL
60.60606060606061,90.90909090909092,217,1980.0,0.0,2363.636363636364,-383.63636363636397,OPTIMAL
60.60606060606061,92.92929292929294,217,1980.0,0.0,2416.1616161616166,-436.1616161616166,OPTIMAL
60.60606060606061,94.94949494949496,217,1980.0,0.0,2468.686868686869,-488.6868686868688,OPTIMAL
60.60606060606061,96.96969696969697,217,1980.0,0.0,2521.212121212121,-541.212121212121,OPTIMAL
60.60606060606061,98.98989898989899,217,1980.0,0.0,2573.7373737373737,-593.7373737373737,OPTIMAL
59.09090909090909,181.81818181818184,202,4330.0,0.0,7454.545454545456,-3124.545454545456,OPTIMAL
59.09090909090909,183.83838383838386,202,4330.0,0.0,7537.373737373739,-3207.3737373737385,OPTIMAL
59.09090909090909,185.85858585858588,202,4330.0,0.0,7620.202020202021,-3290.2020202020212,OPTIMAL
59.09090909090909,187.8787878787879,202,4330.0,0.0,7703.030303030304,-3373.030303030304,OPTIMAL
59.09090909090909,189.89898989898992,202,4330.0,0.0,7785.858585858587,-3455.8585858585866,OPTIMAL
59.09090909090909,191.91919191919195,202,4330.0,0.0,7868.68686868687,-3538.68686868687,OPTIMAL
59.09090909090909,193.93939393939394,202,4330.0,0.0,7951.515151515151,-3621.515151515151,OPTIMAL
59.09090909090909,195.95959595959596,202,4330.0,0.0,8034.343434343435,-3704.3434343434346,OPTIMAL
59.09090909090909,197.97979797979798,202,4330.0,0.0,8117.171717171717,-3787.1717171717173,OPTIMAL
59.09090909090909,200.0,202,4330.0,0.0,8200.0,-3870.0,OPTIMAL
59.09090909090909,141.41414141414143,212,2530.0,0.0,4383.838383838384,-1853.8383838383843,OPTIMAL
59.09090909090909,143.43434343434345,212,2530.0,0.0,4446.464646464647,-1916.4646464646466,OPTIMAL
59.09090909090909,145.45454545454547,212,2530.0,0.0,4509.09090909091,-1979.09090909091,OPTIMAL
59.09090909090909,147.4747474747475,212,2530.0,0.0,4571.717171717172,-2041.7171717171723,OPTIMAL
59.09090909090909,149.4949494949495,212,2530.0,0.0,4634.343434343435,-2104.3434343434346,OPTIMAL
59.09090909090909,151.51515151515153,212,2530.0,0.0,4696.969696969697,-2166.969696969697,OPTIMAL
59.09090909090909,153.53535353535355,212,2530.0,0.0,4759.59595959596,-2229.5959595959603,OPTIMAL
59.09090909090909,155.55555555555557,212,2530.0,0.0,4822.222222222223,-2292.2222222222226,OPTIMAL
59.09090909090909,157.5757575757576,212,2530.0,0.0,4884.848484848485,-2354.848484848485,OPTIMAL
59.09090909090909,159.5959595959596,212,2530.0,0.0,4947.474747474748,-2417.4747474747483,OPTIMAL
62.12121212121212,60.60606060606061,234,600.0,0.0,545.4545454545455,54.545454545454504,OPTIMAL
62.12121212121212,62.62626262626263,234,600.0,0.0,563.6363636363636,36.363636363636374,OPTIMAL
62.12121212121212,64.64646464646465,234,600.0,0.0,581.8181818181819,18.18181818181813,OPTIMAL
62.12121212121212,66.66666666666667,234,600.0,0.0,600.0,0.0,OPTIMAL
62.12121212121212,68.68686868686869,234,600.0,0.0,618.1818181818182,-18.181818181818244,OPTIMAL
62.12121212121212,70.70707070707071,231,810.0,0.0,848.4848484848485,-38.4848484848485,OPTIMAL
62.12121212121212,72.72727272727273,231,810.0,0.0,872.7272727272727,-62.72727272727275,OPTIMAL
62.12121212121212,74.74747474747475,231,810.0,0.0,896.969696969697,-86.969696969697,OPTIMAL
62.12121212121212,76.76767676767678,231,810.0,0.0,921.2121212121212,-111.21212121212125,OPTIMAL
62.12121212121212,78.7878787878788,231,810.0,0.0,945.4545454545455,-135.4545454545455,OPTIMAL
63.63636363636363,0.0,243,180.0,0.0,0.0,180.0,OPTIMAL
63.63636363636363,2.0202020202020203,243,180.0,0.0,0.0,180.0,OPTIMAL
63.63636363636363,4.040404040404041,243,180.0,0.0,0.0,180.0,OPTIMAL
63.63636363636363,6.0606060606060606,243,180.0,0.0,0.0,180.0,OPTIMAL
63.63636363636363,8.080808080808081,243,180.0,0.0,0.0,180.0,OPTIMAL
63.63636363636363,10.101010101010102,243,180.0,0.0,0.0,180.0,OPTIMAL
63.63636363636363,12.121212121212121,243,180.0,0.0,0.0,180.0,OPTIMAL
63.63636363636363,14.141414141414142,243,180.0,0.0,0.0,180.0,OPTIMAL
63.63636363636363,16.161616161616163,243,180.0,0.0,0.0,180.0,OPTIMAL
63.63636363636363,18.181818181818183,243,180.0,0.0,0.0,180.0,OPTIMAL
63.63636363636363,20.202020202020204,243,180.0,0.0,0.0,180.0,OPTIMAL
63.63636363636363,22.222222222222225,243,180.0,0.0,0.0,180.0,OPTIMAL
63.63636363636363,24.242424242424242,243,180.0,0.0,0.0,180.0,OPTIMAL
63.63636363636363,26.262626262626263,243,180.0,0.0,0.0,180.0,OPTIMAL
63.63636363636363,28.282828282828284,243,180.0,0.0,0.0,180.0,OPTIMAL
63.63636363636363,30.303030303030305,243,180.0,0.0,0.0,180.0,OPTIMAL
63.63636363636363,32.323232323232325,243,180.0,0.0,0.0,180.0,OPTIMAL
63.63636363636363,34.343434343434346,243,180.0,0.0,0.0,180.0,OPTIMAL
63.63636363636363,36.36363636363637,243,180.0,0.0,0.0,180.0,OPTIMAL
63.63636363636363,38.38383838383839,243,180.0,0.0,0.0,180.0,OPTIMAL
60.60606060606061,101.01010101010101,217,1980.0,0.0,2626.2626262626263,-646.2626262626263,OPTIMAL
60.60606060606061,103.03030303030303,217,1980.0,0.0,2678.787878787879,-698.787878787879,OPTIMAL
60.60606060606061,105.05050505050505,217,1980.0,0.0,2731.313131313131,-751.3131313131312,OPTIMAL
60.60606060606061,107.07070707070707,217,1980.0,0.0,2783.838383838384,-803.8383838383838,OPTIMAL
60.60606060606061,109.0909090909091,217,1980.0,0.0,2836.3636363636365,-856.3636363636365,OPTIMAL
60.60606060606061,111.11111111111111,212,2530.0,0.0,3444.4444444444443,-914.4444444444443,OPTIMAL
60.60606060606061,113.13131313131314,212,2530.0,0.0,3507.070707070707,-977.0707070707072,OPTIMAL
60.60606060606061,115.15151515151516,212,2530.0,0.0,3569.69696969697,-1039.69696969697,OPTIMAL
60.60606060606061,117.17171717171718,212,2530.0,0.0,3632.3232323232323,-1102.3232323232323,OPTIMAL
60.60606060606061,119.1919191919192,212,2530.0,0.0,3694.949494949495,-1164.9494949494951,OPTIMAL
62.12121212121212,80.80808080808082,222,1530.0,0.0,1696.9696969696972,-166.96969696969722,OPTIMAL
62.12121212121212,82.82828282828284,222,1530.0,0.0,1739.3939393939395,-209.3939393939395,OPTIMAL
62.12121212121212,84.84848484848486,222,1530.0,0.0,1781.818181818182,-251.81818181818198,OPTIMAL
62.12121212121212,86.86868686868688,222,1530.0,0.0,1824.2424242424245,-294.2424242424245,OPTIMAL
62.12121212121212,88.8888888888889,222,1530.0,0.0,1866.666666666667,-336.66666666666697,OPTIMAL
62.12121212121212,90.90909090909092,217,1980.0,0.0,2363.636363636364,-383.63636363636397,OPTIMAL
62.12121212121212,92.92929292929294,217,1980.0,0.0,2416.1616161616166,-436.1616161616166,OPTIMAL
62.12121212121212,94.94949494949496,217,1980.0,0.0,2468.686868686869,-488.6868686868688,OPTIMAL
62.12121212121212,96.96969696969697,217,1980.0,0.0,2521.212121212121,-541.212121212121,OPTIMAL
62.12121212121212,98.98989898989899,217,1980.0,0.0,2573.7373737373737,-593.7373737373737,OPTIMAL
60.60606060606061,121.21212121212122,212,2530.0,0.0,3757.575757575758,-1227.575757575758,OPTIMAL
60.60606060606061,123.23232323232324,212,2530.0,0.0,3820.2020202020203,-1290.2020202020203,OPTIMAL
60.60606060606061,125.25252525252526,212,2530.0,0.0,3882.828282828283,-1352.8282828282831,OPTIMAL
60.60606060606061,127.27272727272728,212,2530.0,0.0,3945.4545454545455,-1415.4545454545455,OPTIMAL
60.60606060606061,129.2929292929293,212,2530.0,0.0,4008.0808080808083,-1478.0808080808083,OPTIMAL
60.60606060606061,131.31313131313132,212,2530.0,0.0,4070.707070707071,-1540.7070707070711,OPTIMAL
60.60606060606061,133.33333333333334,212,2530.0,0.0,4133.333333333334,-1603.333333333334,OPTIMAL
60.60606060606061,135.35353535353536,212,2530.0,0.0,4195.959595959596,-1665.9595959595963,OPTIMAL
60.60606060606061,137.37373737373738,212,2530.0,0.0,4258.585858585859,-1728.5858585858587,OPTIMAL
60.60606060606061,139.3939393939394,212,2530.0,0.0,4321.212121212122,-1791.212121212122,OPTIMAL
63.63636363636363,40.40404040404041,237,420.0,0.0,242.42424242424244,177.57575757575756,OPTIMAL
63.63636363636363,42.42424242424243,237,420.0,0.0,254.54545454545456,165.45454545454544,OPTIMAL
63.63636363636363,44.44444444444445,237,420.0,0.0,266.6666666666667,153.33333333333331,OPTIMAL
63.63636363636363,46.46464646464647,237,420.0,0.0,278.7878787878788,141.2121212121212,OPTIMAL
63.63636363636363,48.484848484848484,237,420.0,0.0,290.9090909090909,129.09090909090912,OPTIMAL
63.63636363636363,50.505050505050505,237,420.0,0.0,303.030303030303,116.969696969697,OPTIMAL
63.63636363636363,52.525252525252526,237,420.0,0.0,315.1515151515151,104.84848484848487,OPTIMAL
63.63636363636363,54.54545454545455,237,420.0,0.0,327.27272727272725,92.72727272727275,OPTIMAL
63.63636363636363,56.56565656565657,237,420.0,0.0,339.3939393939394,80.60606060606062,OPTIMAL
63.63636363636363,58.58585858585859,237,420.0,0.0,351.5151515151515,68.4848484848485,OPTIMAL
60.60606060606061,161.61616161616163,212,2530.0,0.0,5010.101010101011,-2480.1010101010106,OPTIMAL
60.60606060606061,163.63636363636365,212,2530.0,0.0,5072.727272727273,-2542.727272727273,OPTIMAL
60.60606060606061,165.65656565656568,212,2530.0,0.0,5135.353535353536,-2605.3535353535362,OPTIMAL
60.60606060606061,167.6767676767677,212,2530.0,0.0,5197.979797979799,-2667.9797979797986,OPTIMAL
60.60606060606061,169.69696969696972,212,2530.0,0.0,5260.606060606061,-2730.606060606061,OPTIMAL
60.60606060606061,171.71717171717174,212,2530.0,0.0,5323.232323232324,-2793.2323232323242,OPTIMAL
60.60606060606061,173.73737373737376,212,2530.0,0.0,5385.858585858587,-2855.8585858585866,OPTIMAL
60.60606060606061,175.75757575757578,212,2530.0,0.0,5448.484848484849,-2918.484848484849,OPTIMAL
60.60606060606061,177.7777777777778,212,2530.0,0.0,5511.111111111112,-2981.111111111112,OPTIMAL
60.60606060606061,179.79797979797982,212,2530.0,0.0,5573.737373737375,-3043.7373737373746,OPTIMAL
63.63636363636363,60.60606060606061,234,600.0,0.0,545.4545454545455,54.545454545454504,OPTIMAL
63.63636363636363,62.62626262626263,234,600.0,0.0,563.6363636363636,36.363636363636374,OPTIMAL
63.63636363636363,64.64646464646465,234,600.0,0.0,581.8181818181819,18.18181818181813,OPTIMAL
63.63636363636363,66.66666666666667,234,600.0,0.0,600.0,0.0,OPTIMAL
63.63636363636363,68.68686868686869,234,600.0,0.0,618.1818181818182,-18.181818181818244,OPTIMAL
63.63636363636363,70.70707070707071,231,810.0,0.0,848.4848484848485,-38.4848484848485,OPTIMAL
63.63636363636363,72.72727272727273,231,810.0,0.0,872.7272727272727,-62.72727272727275,OPTIMAL
63.63636363636363,74.74747474747475,231,810.0,0.0,896.969696969697,-86.969696969697,OPTIMAL
63.63636363636363,76.76767676767678,231,810.0,0.0,921.2121212121212,-111.21212121212125,OPTIMAL
63.63636363636363,78.7878787878788,231,810.0,0.0,945.4545454545455,-135.4545454545455,OPTIMAL
60.60606060606061,141.41414141414143,212,2530.0,0.0,4383.838383838384,-1853.8383838383843,OPTIMAL
60.60606060606061,143.43434343434345,212,2530.0,0.0,4446.464646464647,-1916.4646464646466,OPTIMAL
60.60606060606061,145.45454545454547,212,2530.0,0.0,4509.09090909091,-1979.09090909091,OPTIMAL
60.60606060606061,147.4747474747475,212,2530.0,0.0,4571.717171717172,-2041.7171717171723,OPTIMAL
60.60606060606061,149.4949494949495,212,2530.0,0.0,4634.343434343435,-2104.3434343434346,OPTIMAL
60.60606060606061,151.51515151515153,212,2530.0,0.0,4696.969696969697,-2166.969696969697,OPTIMAL
60.60606060606061,153.53535353535355,212,2530.0,0.0,4759.59595959596,-2229.5959595959603,OPTIMAL
60.60606060606061,155.55555555555557,212,2530.0,0.0,4822.222222222223,-2292.2222222222226,OPTIMAL
60.60606060606061,157.5757575757576,212,2530.0,0.0,4884.848484848485,-2354.848484848485,OPTIMAL
60.60606060606061,159.5959595959596,212,2530.0,0.0,4947.474747474748,-2417.4747474747483,OPTIMAL
65.15151515151516,0.0,243,180.0,0.0,0.0,180.0,OPTIMAL
65.15151515151516,2.0202020202020203,243,180.0,0.0,0.0,180.0,OPTIMAL
65.15151515151516,4.040404040404041,243,180.0,0.0,0.0,180.0,OPTIMAL
65.15151515151516,6.0606060606060606,243,180.0,0.0,0.0,180.0,OPTIMAL
65.15151515151516,8.080808080808081,243,180.0,0.0,0.0,180.0,OPTIMAL
65.15151515151516,10.101010101010102,243,180.0,0.0,0.0,180.0,OPTIMAL
65.15151515151516,12.121212121212121,243,180.0,0.0,0.0,180.0,OPTIMAL
65.15151515151516,14.141414141414142,243,180.0,0.0,0.0,180.0,OPTIMAL
65.15151515151516,16.161616161616163,243,180.0,0.0,0.0,180.0,OPTIMAL
65.15151515151516,18.181818181818183,243,180.0,0.0,0.0,180.0,OPTIMAL
62.12121212121212,101.01010101010101,217,1980.0,0.0,2626.2626262626263,-646.2626262626263,OPTIMAL
62.12121212121212,103.03030303030303,217,1980.0,0.0,2678.787878787879,-698.787878787879,OPTIMAL
62.12121212121212,105.05050505050505,217,1980.0,0.0,2731.313131313131,-751.3131313131312,OPTIMAL
62.12121212121212,107.07070707070707,217,1980.0,0.0,2783.838383838384,-803.8383838383838,OPTIMAL
62.12121212121212,109.0909090909091,217,1980.0,0.0,2836.3636363636365,-856.3636363636365,OPTIMAL
62.12121212121212,111.11111111111111,212,2530.0,0.0,3444.4444444444443,-914.4444444444443,OPTIMAL
62.12121212121212,113.13131313131314,212,2530.0,0.0,3507.070707070707,-977.0707070707072,OPTIMAL
62.12121212121212,115.15151515151516,212,2530.0,0.0,3569.69696969697,-1039.69696969697,OPTIMAL
62.12121212121212,117.17171717171718,212,2530.0,0.0,3632.3232323232323,-1102.3232323232323,OPTIMAL
62.12121212121212,119.1919191919192,212,2530.0,0.0,3694.949494949495,-1164.9494949494951,OPTIMAL
60.60606060606061,181.81818181818184,202,4330.0,0.0,7454.545454545456,-3124.545454545456,OPTIMAL
60.60606060606061,183.83838383838386,202,4330.0,0.0,7537.373737373739,-3207.3737373737385,OPTIMAL
60.60606060606061,185.85858585858588,202,4330.0,0.0,7620.202020202021,-3290.2020202020212,OPTIMAL
60.60606060606061,187.8787878787879,202,4330.0,0.0,7703.030303030304,-3373.030303030304,OPTIMAL
60.60606060606061,189.89898989898992,202,4330.0,0.0,7785.858585858587,-3455.8585858585866,OPTIMAL
60.60606060606061,191.91919191919195,202,4330.0,0.0,7868.68686868687,-3538.68686868687,OPTIMAL
60.60606060606061,193.93939393939394,202,4330.0,0.0,7951.515151515151,-3621.515151515151,OPTIMAL
60.60606060606061,195.95959595959596,202,4330.0,0.0,8034.343434343435,-3704.3434343434346,OPTIMAL
60.60606060606061,197.97979797979798,202,4330.0,0.0,8117.171717171717,-3787.1717171717173,OPTIMAL
60.60606060606061,200.0,202,4330.0,0.0,8200.0,-3870.0,OPTIMAL
65.15151515151516,20.202020202020204,243,180.0,0.0,0.0,180.0,OPTIMAL
65.15151515151516,22.222222222222225,243,180.0,0.0,0.0,180.0,OPTIMAL
65.15151515151516,24.242424242424242,243,180.0,0.0,0.0,180.0,OPTIMAL
65.15151515151516,26.262626262626263,243,180.0,0.0,0.0,180.0,OPTIMAL
65.15151515151516,28.282828282828284,243,180.0,0.0,0.0,180.0,OPTIMAL
65.15151515151516,30.303030303030305,243,180.0,0.0,0.0,180.0,OPTIMAL
65.15151515151516,32.323232323232325,243,180.0,0.0,0.0,180.0,OPTIMAL
65.15151515151516,34.343434343434346,243,180.0,0.0,0.0,180.0,OPTIMAL
65.15151515151516,36.36363636363637,243,180.0,0.0,0.0,180.0,OPTIMAL
65.15151515151516,38.38383838383839,243,180.0,0.0,0.0,180.0,OPTIMAL
62.12121212121212,121.21212121212122,212,2530.0,0.0,3757.575757575758,-1227.575757575758,OPTIMAL
62.12121212121212,123.23232323232324,212,2530.0,0.0,3820.2020202020203,-1290.2020202020203,OPTIMAL
62.12121212121212,125.25252525252526,212,2530.0,0.0,3882.828282828283,-1352.8282828282831,OPTIMAL
62.12121212121212,127.27272727272728,212,2530.0,0.0,3945.4545454545455,-1415.4545454545455,OPTIMAL
62.12121212121212,129.2929292929293,212,2530.0,0.0,4008.0808080808083,-1478.0808080808083,OPTIMAL
62.12121212121212,131.31313131313132,212,2530.0,0.0,4070.707070707071,-1540.7070707070711,OPTIMAL
62.12121212121212,133.33333333333334,212,2530.0,0.0,4133.333333333334,-1603.333333333334,OPTIMAL
62.12121212121212,135.35353535353536,212,2530.0,0.0,4195.959595959596,-1665.9595959595963,OPTIMAL
62.12121212121212,137.37373737373738,212,2530.0,0.0,4258.585858585859,-1728.5858585858587,OPTIMAL
62.12121212121212,139.3939393939394,212,2530.0,0.0,4321.212121212122,-1791.212121212122,OPTIMAL
65.15151515151516,40.40404040404041,237,420.0,0.0,242.42424242424244,177.57575757575756,OPTIMAL
65.15151515151516,42.42424242424243,237,420.0,0.0,254.54545454545456,165.45454545454544,OPTIMAL
65.15151515151516,44.44444444444445,237,420.0,0.0,266.6666666666667,153.33333333333331,OPTIMAL
65.15151515151516,46.46464646464647,237,420.0,0.0,278.7878787878788,141.2121212121212,OPTIMAL
65.15151515151516,48.484848484848484,237,420.0,0.0,290.9090909090909,129.09090909090912,OPTIMAL
65.15151515151516,50.505050505050505,237,420.0,0.0,303.030303030303,116.969696969697,OPTIMAL
65.15151515151516,52.525252525252526,237,420.0,0.0,315.1515151515151,104.84848484848487,OPTIMAL
65.15151515151516,54.54545454545455,237,420.0,0.0,327.27272727272725,92.72727272727275,OPTIMAL
65.15151515151516,56.56565656565657,237,420.0,0.0,339.3939393939394,80.60606060606062,OPTIMAL
65.15151515151516,58.58585858585859,237,420.0,0.0,351.5151515151515,68.4848484848485,OPTIMAL
63.63636363636363,80.80808080808082,222,1530.0,0.0,1696.9696969696972,-166.96969696969722,OPTIMAL
63.63636363636363,82.82828282828284,222,1530.0,0.0,1739.3939393939395,-209.3939393939395,OPTIMAL
63.63636363636363,84.84848484848486,222,1530.0,0.0,1781.818181818182,-251.81818181818198,OPTIMAL
63.63636363636363,86.86868686868688,222,1530.0,0.0,1824.2424242424245,-294.2424242424245,OPTIMAL
63.63636363636363,88.8888888888889,222,1530.0,0.0,1866.666666666667,-336.66666666666697,OPTIMAL
63.63636363636363,90.90909090909092,217,1980.0,0.0,2363.636363636364,-383.63636363636397,OPTIMAL
63.63636363636363,92.92929292929294,217,1980.0,0.0,2416.1616161616166,-436.1616161616166,OPTIMAL
63.63636363636363,94.94949494949496,217,1980.0,0.0,2468.686868686869,-488.6868686868688,OPTIMAL
63.63636363636363,96.96969696969697,217,1980.0,0.0,2521.212121212121,-541.212121212121,OPTIMAL
63.63636363636363,98.98989898989899,217,1980.0,0.0,2573.7373737373737,-593.7373737373737,OPTIMAL
62.12121212121212,161.61616161616163,212,2530.0,0.0,5010.101010101011,-2480.1010101010106,OPTIMAL
62.12121212121212,163.63636363636365,212,2530.0,0.0,5072.727272727273,-2542.727272727273,OPTIMAL
62.12121212121212,165.65656565656568,212,2530.0,0.0,5135.353535353536,-2605.3535353535362,OPTIMAL
62.12121212121212,167.6767676767677,212,2530.0,0.0,5197.979797979799,-2667.9797979797986,OPTIMAL
62.12121212121212,169.69696969696972,212,2530.0,0.0,5260.606060606061,-2730.606060606061,OPTIMAL
62.12121212121212,171.71717171717174,212,2530.0,0.0,5323.232323232324,-2793.2323232323242,OPTIMAL
62.12121212121212,173.73737373737376,212,2530.0,0.0,5385.858585858587,-2855.8585858585866,OPTIMAL
62.12121212121212,175.75757575757578,212,2530.0,0.0,5448.484848484849,-2918.484848484849,OPTIMAL
62.12121212121212,177.7777777777778,212,2530.0,0.0,5511.111111111112,-2981.111111111112,OPTIMAL
62.12121212121212,179.79797979797982,212,2530.0,0.0,5573.737373737375,-3043.7373737373746,OPTIMAL
65.15151515151516,60.60606060606061,234,600.0,0.0,545.4545454545455,54.545454545454504,OPTIMAL
65.15151515151516,62.62626262626263,234,600.0,0.0,563.6363636363636,36.363636363636374,OPTIMAL
65.15151515151516,64.64646464646465,234,600.0,0.0,581.8181818181819,18.18181818181813,OPTIMAL
65.15151515151516,66.66666666666667,234,600.0,0.0,600.0,0.0,OPTIMAL
65.15151515151516,68.68686868686869,234,600.0,0.0,618.1818181818182,-18.181818181818244,OPTIMAL
65.15151515151516,70.70707070707071,231,810.0,0.0,848.4848484848485,-38.4848484848485,OPTIMAL
65.15151515151516,72.72727272727273,231,810.0,0.0,872.7272727272727,-62.72727272727275,OPTIMAL
65.15151515151516,74.74747474747475,231,810.0,0.0,896.969696969697,-86.969696969697,OPTIMAL
65.15151515151516,76.76767676767678,231,810.0,0.0,921.2121212121212,-111.21212121212125,OPTIMAL
65.15151515151516,78.7878787878788,231,810.0,0.0,945.4545454545455,-135.4545454545455,OPTIMAL
66.66666666666667,0.0,243,180.0,0.0,0.0,180.0,OPTIMAL
66.66666666666667,2.0202020202020203,243,180.0,0.0,0.0,180.0,OPTIMAL
66.66666666666667,4.040404040404041,243,180.0,0.0,0.0,180.0,OPTIMAL
66.66666666666667,6.0606060606060606,243,180.0,0.0,0.0,180.0,OPTIMAL
66.66666666666667,8.080808080808081,243,180.0,0.0,0.0,180.0,OPTIMAL
66.66666666666667,10.101010101010102,243,180.0,0.0,0.0,180.0,OPTIMAL
66.66666666666667,12.121212121212121,243,180.0,0.0,0.0,180.0,OPTIMAL
66.66666666666667,14.141414141414142,243,180.0,0.0,0.0,180.0,OPTIMAL
66.66666666666667,16.161616161616163,243,180.0,0.0,0.0,180.0,OPTIMAL
66.66666666666667,18.181818181818183,243,180.0,0.0,0.0,180.0,OPTIMAL
63.63636363636363,101.01010101010101,217,1980.0,0.0,2626.2626262626263,-646.2626262626263,OPTIMAL
63.63636363636363,103.03030303030303,217,1980.0,0.0,2678.787878787879,-698.787878787879,OPTIMAL
63.63636363636363,105.05050505050505,217,1980.0,0.0,2731.313131313131,-751.3131313131312,OPTIMAL
63.63636363636363,107.07070707070707,217,1980.0,0.0,2783.838383838384,-803.8383838383838,OPTIMAL
63.63636363636363,109.0909090909091,217,1980.0,0.0,2836.3636363636365,-856.3636363636365,OPTIMAL
63.63636363636363,111.11111111111111,212,2530.0,0.0,3444.4444444444443,-914.4444444444443,OPTIMAL
63.63636363636363,113.13131313131314,212,2530.0,0.0,3507.070707070707,-977.0707070707072,OPTIMAL
63.63636363636363,115.15151515151516,212,2530.0,0.0,3569.69696969697,-1039.69696969697,OPTIMAL
63.63636363636363,117.17171717171718,212,2530.0,0.0,3632.3232323232323,-1102.3232323232323,OPTIMAL
63.63636363636363,119.1919191919192,212,2530.0,0.0,3694.949494949495,-1164.9494949494951,OPTIMAL
62.12121212121212,141.41414141414143,212,2530.0,0.0,4383.838383838384,-1853.8383838383843,OPTIMAL
62.12121212121212,143.43434343434345,212,2530.0,0.0,4446.464646464647,-1916.4646464646466,OPTIMAL
62.12121212121212,145.45454545454547,212,2530.0,0.0,4509.09090909091,-1979.09090909091,OPTIMAL
62.12121212121212,147.4747474747475,212,2530.0,0.0,4571.717171717172,-2041.7171717171723,OPTIMAL
62.12121212121212,149.4949494949495,212,2530.0,0.0,4634.343434343435,-2104.3434343434346,OPTIMAL
62.12121212121212,151.51515151515153,212,2530.0,0.0,4696.969696969697,-2166.969696969697,OPTIMAL
62.12121212121212,153.53535353535355,212,2530.0,0.0,4759.59595959596,-2229.5959595959603,OPTIMAL
62.12121212121212,155.55555555555557,212,2530.0,0.0,4822.222222222223,-2292.2222222222226,OPTIMAL
62.12121212121212,157.5757575757576,212,2530.0,0.0,4884.848484848485,-2354.848484848485,OPTIMAL
62.12121212121212,159.5959595959596,212,2530.0,0.0,4947.474747474748,-2417.4747474747483,OPTIMAL
65.15151515151516,80.80808080808082,222,1530.0,0.0,1696.9696969696972,-166.96969696969722,OPTIMAL
65.15151515151516,82.82828282828284,222,1530.0,0.0,1739.3939393939395,-209.3939393939395,OPTIMAL
65.15151515151516,84.84848484848486,222,1530.0,0.0,1781.818181818182,-251.81818181818198,OPTIMAL
65.15151515151516,86.86868686868688,222,1530.0,0.0,1824.2424242424245,-294.2424242424245,OPTIMAL
65.15151515151516,88.8888888888889,222,1530.0,0.0,1866.666666666667,-336.66666666666697,OPTIMAL
65.15151515151516,90.90909090909092,217,1980.0,0.0,2363.636363636364,-383.63636363636397,OPTIMAL
65.15151515151516,92.92929292929294,217,1980.0,0.0,2416.1616161616166,-436.1616161616166,OPTIMAL
65.15151515151516,94.94949494949496,217,1980.0,0.0,2468.686868686869,-488.6868686868688,OPTIMAL
65.15151515151516,96.96969696969697,217,1980.0,0.0,2521.212121212121,-541.212121212121,OPTIMAL
65.15151515151516,98.98989898989899,217,1980.0,0.0,2573.7373737373737,-593.7373737373737,OPTIMAL
62.12121212121212,181.81818181818184,202,4330.0,0.0,7454.545454545456,-3124.545454545456,OPTIMAL
62.12121212121212,183.83838383838386,202,4330.0,0.0,7537.373737373739,-3207.3737373737385,OPTIMAL
62.12121212121212,185.85858585858588,202,4330.0,0.0,7620.202020202021,-3290.2020202020212,OPTIMAL
62.12121212121212,187.8787878787879,202,4330.0,0.0,7703.030303030304,-3373.030303030304,OPTIMAL
62.12121212121212,189.89898989898992,202,4330.0,0.0,7785.858585858587,-3455.8585858585866,OPTIMAL
62.12121212121212,191.91919191919195,202,4330.0,0.0,7868.68686868687,-3538.68686868687,OPTIMAL
62.12121212121212,193.93939393939394,202,4330.0,0.0,7951.515151515151,-3621.515151515151,OPTIMAL
62.12121212121212,195.95959595959596,202,4330.0,0.0,8034.343434343435,-3704.3434343434346,OPTIMAL
62.12121212121212,197.97979797979798,202,4330.0,0.0,8117.171717171717,-3787.1717171717173,OPTIMAL
62.12121212121212,200.0,202,4330.0,0.0,8200.0,-3870.0,OPTIMAL
63.63636363636363,121.21212121212122,212,2530.0,0.0,3757.575757575758,-1227.575757575758,OPTIMAL
63.63636363636363,123.23232323232324,212,2530.0,0.0,3820.2020202020203,-1290.2020202020203,OPTIMAL
63.63636363636363,125.25252525252526,212,2530.0,0.0,3882.828282828283,-1352.8282828282831,OPTIMAL
63.63636363636363,127.27272727272728,212,2530.0,0.0,3945.4545454545455,-1415.4545454545455,OPTIMAL
63.63636363636363,129.2929292929293,212,2530.0,0.0,4008.0808080808083,-1478.0808080808083,OPTIMAL
63.63636363636363,131.31313131313132,212,2530.0,0.0,4070.707070707071,-1540.7070707070711,OPTIMAL
63.63636363636363,133.33333333333334,212,2530.0,0.0,4133.333333333334,-1603.333333333334,OPTIMAL
63.63636363636363,135.35353535353536,212,2530.0,0.0,4195.959595959596,-1665.9595959595963,OPTIMAL
63.63636363636363,137.37373737373738,212,2530.0,0.0,4258.585858585859,-1728.5858585858587,OPTIMAL
63.63636363636363,139.3939393939394,212,2530.0,0.0,4321.212121212122,-1791.212121212122,OPTIMAL
63.63636363636363,141.41414141414143,212,2530.0,0.0,4383.838383838384,-1853.8383838383843,OPTIMAL
63.63636363636363,143.43434343434345,212,2530.0,0.0,4446.464646464647,-1916.4646464646466,OPTIMAL
63.63636363636363,145.45454545454547,212,2530.0,0.0,4509.09090909091,-1979.09090909091,OPTIMAL
63.63636363636363,147.4747474747475,212,2530.0,0.0,4571.717171717172,-2041.7171717171723,OPTIMAL
63.63636363636363,149.4949494949495,212,2530.0,0.0,4634.343434343435,-2104.3434343434346,OPTIMAL
63.63636363636363,151.51515151515153,212,2530.0,0.0,4696.969696969697,-2166.969696969697,OPTIMAL
63.63636363636363,153.53535353535355,212,2530.0,0.0,4759.59595959596,-2229.5959595959603,OPTIMAL
63.63636363636363,155.55555555555557,212,2530.0,0.0,4822.222222222223,-2292.2222222222226,OPTIMAL
63.63636363636363,157.5757575757576,212,2530.0,0.0,4884.848484848485,-2354.848484848485,OPTIMAL
63.63636363636363,159.5959595959596,212,2530.0,0.0,4947.474747474748,-2417.4747474747483,OPTIMAL
66.66666666666667,20.202020202020204,243,180.0,0.0,0.0,180.0,OPTIMAL
66.66666666666667,22.222222222222225,243,180.0,0.0,0.0,180.0,OPTIMAL
66.66666666666667,24.242424242424242,243,180.0,0.0,0.0,180.0,OPTIMAL
66.66666666666667,26.262626262626263,243,180.0,0.0,0.0,180.0,OPTIMAL
66.66666666666667,28.282828282828284,243,180.0,0.0,0.0,180.0,OPTIMAL
66.66666666666667,30.303030303030305,243,180.0,0.0,0.0,180.0,OPTIMAL
66.66666666666667,32.323232323232325,243,180.0,0.0,0.0,180.0,OPTIMAL
66.66666666666667,34.343434343434346,243,180.0,0.0,0.0,180.0,OPTIMAL
66.66666666666667,36.36363636363637,243,180.0,0.0,0.0,180.0,OPTIMAL
66.66666666666667,38.38383838383839,243,180.0,0.0,0.0,180.0,OPTIMAL
63.63636363636363,161.61616161616163,212,2530.0,0.0,5010.101010101011,-2480.1010101010106,OPTIMAL
63.63636363636363,163.63636363636365,212,2530.0,0.0,5072.727272727273,-2542.727272727273,OPTIMAL
63.63636363636363,165.65656565656568,212,2530.0,0.0,5135.353535353536,-2605.3535353535362,OPTIMAL
63.63636363636363,167.6767676767677,212,2530.0,0.0,5197.979797979799,-2667.9797979797986,OPTIMAL
63.63636363636363,169.69696969696972,212,2530.0,0.0,5260.606060606061,-2730.606060606061,OPTIMAL
63.63636363636363,171.71717171717174,212,2530.0,0.0,5323.232323232324,-2793.2323232323242,OPTIMAL
63.63636363636363,173.73737373737376,212,2530.0,0.0,5385.858585858587,-2855.8585858585866,OPTIMAL
63.63636363636363,175.75757575757578,212,2530.0,0.0,5448.484848484849,-2918.484848484849,OPTIMAL
63.63636363636363,177.7777777777778,212,2530.0,0.0,5511.111111111112,-2981.111111111112,OPTIMAL
63.63636363636363,179.79797979797982,212,2530.0,0.0,5573.737373737375,-3043.7373737373746,OPTIMAL
66.66666666666667,40.40404040404041,237,420.0,0.0,242.42424242424244,177.57575757575756,OPTIMAL
66.66666666666667,42.42424242424243,237,420.0,0.0,254.54545454545456,165.45454545454544,OPTIMAL
66.66666666666667,44.44444444444445,237,420.0,0.0,266.6666666666667,153.33333333333331,OPTIMAL
66.66666666666667,46.46464646464647,237,420.0,0.0,278.7878787878788,141.2121212121212,OPTIMAL
66.66666666666667,48.484848484848484,237,420.0,0.0,290.9090909090909,129.09090909090912,OPTIMAL
66.66666666666667,50.505050505050505,237,420.0,0.0,303.030303030303,116.969696969697,OPTIMAL
66.66666666666667,52.525252525252526,237,420.0,0.0,315.1515151515151,104.84848484848487,OPTIMAL
66.66666666666667,54.54545454545455,237,420.0,0.0,327.27272727272725,92.72727272727275,OPTIMAL
66.66666666666667,56.56565656565657,237,420.0,0.0,339.3939393939394,80.60606060606062,OPTIMAL
66.66666666666667,58.58585858585859,237,420.0,0.0,351.5151515151515,68.4848484848485,OPTIMAL
66.66666666666667,60.60606060606061,234,600.0,0.0,545.4545454545455,54.545454545454504,OPTIMAL
66.66666666666667,62.62626262626263,234,600.0,0.0,563.6363636363636,36.363636363636374,OPTIMAL
66.66666666666667,64.64646464646465,234,600.0,0.0,581.8181818181819,18.18181818181813,OPTIMAL
66.66666666666667,66.66666666666667,234,600.0,0.0,600.0,0.0,OPTIMAL
66.66666666666667,68.68686868686869,234,600.0,0.0,618.1818181818182,-18.181818181818244,OPTIMAL
66.66666666666667,70.70707070707071,231,810.0,0.0,848.4848484848485,-38.4848484848485,OPTIMAL
66.66666666666667,72.72727272727273,231,810.0,0.0,872.7272727272727,-62.72727272727275,OPTIMAL
66.66666666666667,74.74747474747475,231,810.0,0.0,896.969696969697,-86.969696969697,OPTIMAL
66.66666666666667,76.76767676767678,231,810.0,0.0,921.2121212121212,-111.21212121212125,OPTIMAL
66.66666666666667,78.7878787878788,231,810.0,0.0,945.4545454545455,-135.4545454545455,OPTIMAL
63.63636363636363,181.81818181818184,202,4330.0,0.0,7454.545454545456,-3124.545454545456,OPTIMAL
63.63636363636363,183.83838383838386,202,4330.0,0.0,7537.373737373739,-3207.3737373737385,OPTIMAL
63.63636363636363,185.85858585858588,202,4330.0,0.0,7620.202020202021,-3290.2020202020212,OPTIMAL
63.63636363636363,187.8787878787879,202,4330.0,0.0,7703.030303030304,-3373.030303030304,OPTIMAL
63.63636363636363,189.89898989898992,202,4330.0,0.0,7785.858585858587,-3455.8585858585866,OPTIMAL
63.63636363636363,191.91919191919195,202,4330.0,0.0,7868.68686868687,-3538.68686868687,OPTIMAL
63.63636363636363,193.93939393939394,202,4330.0,0.0,7951.515151515151,-3621.515151515151,OPTIMAL
63.63636363636363,195.95959595959596,202,4330.0,0.0,8034.343434343435,-3704.3434343434346,OPTIMAL
63.63636363636363,197.97979797979798,202,4330.0,0.0,8117.171717171717,-3787.1717171717173,OPTIMAL
63.63636363636363,200.0,202,4330.0,0.0,8200.0,-3870.0,OPTIMAL
68.18181818181819,0.0,243,180.0,0.0,0.0,180.0,OPTIMAL
68.18181818181819,2.0202020202020203,243,180.0,0.0,0.0,180.0,OPTIMAL
68.18181818181819,4.040404040404041,243,180.0,0.0,0.0,180.0,OPTIMAL
68.18181818181819,6.0606060606060606,243,180.0,0.0,0.0,180.0,OPTIMAL
68.18181818181819,8.080808080808081,243,180.0,0.0,0.0,180.0,OPTIMAL
68.18181818181819,10.101010101010102,243,180.0,0.0,0.0,180.0,OPTIMAL
68.18181818181819,12.121212121212121,243,180.0,0.0,0.0,180.0,OPTIMAL
68.18181818181819,14.141414141414142,243,180.0,0.0,0.0,180.0,OPTIMAL
68.18181818181819,16.161616161616163,243,180.0,0.0,0.0,180.0,OPTIMAL
68.18181818181819,18.181818181818183,243,180.0,0.0,0.0,180.0,OPTIMAL
65.15151515151516,101.01010101010101,217,1980.0,0.0,2626.2626262626263,-646.2626262626263,OPTIMAL
65.15151515151516,103.03030303030303,217,1980.0,0.0,2678.787878787879,-698.787878787879,OPTIMAL
65.15151515151516,105.05050505050505,217,1980.0,0.0,2731.313131313131,-751.3131313131312,OPTIMAL
65.15151515151516,107.07070707070707,217,1980.0,0.0,2783.838383838384,-803.8383838383838,OPTIMAL
65.15151515151516,109.0909090909091,217,1980.0,0.0,2836.3636363636365,-856.3636363636365,OPTIMAL
65.15151515151516,111.11111111111111,212,2530.0,0.0,3444.4444444444443,-914.4444444444443,OPTIMAL
65.15151515151516,113.13131313131314,212,2530.0,0.0,3507.070707070707,-977.0707070707072,OPTIMAL
65.15151515151516,115.15151515151516,212,2530.0,0.0,3569.69696969697,-1039.69696969697,OPTIMAL
65.15151515151516,117.17171717171718,212,2530.0,0.0,3632.3232323232323,-1102.3232323232323,OPTIMAL
65.15151515151516,119.1919191919192,212,2530.0,0.0,3694.949494949495,-1164.9494949494951,OPTIMAL
68.18181818181819,20.202020202020204,243,180.0,0.0,0.0,180.0,OPTIMAL
68.18181818181819,22.222222222222225,243,180.0,0.0,0.0,180.0,OPTIMAL
68.18181818181819,24.242424242424242,243,180.0,0.0,0.0,180.0,OPTIMAL
68.18181818181819,26.262626262626263,243,180.0,0.0,0.0,180.0,OPTIMAL
68.18181818181819,28.282828282828284,243,180.0,0.0,0.0,180.0,OPTIMAL
68.18181818181819,30.303030303030305,243,180.0,0.0,0.0,180.0,OPTIMAL
68.18181818181819,32.323232323232325,243,180.0,0.0,0.0,180.0,OPTIMAL
68.18181818181819,34.343434343434346,243,180.0,0.0,0.0,180.0,OPTIMAL
68.18181818181819,36.36363636363637,243,180.0,0.0,0.0,180.0,OPTIMAL
68.18181818181819,38.38383838383839,243,180.0,0.0,0.0,180.0,OPTIMAL
65.15151515151516,161.61616161616163,212,2530.0,0.0,5010.101010101011,-2480.1010101010106,OPTIMAL
65.15151515151516,163.63636363636365,212,2530.0,0.0,5072.727272727273,-2542.727272727273,OPTIMAL
65.15151515151516,165.65656565656568,212,2530.0,0.0,5135.353535353536,-2605.3535353535362,OPTIMAL
65.15151515151516,167.6767676767677,212,2530.0,0.0,5197.979797979799,-2667.9797979797986,OPTIMAL
65.15151515151516,169.69696969696972,212,2530.0,0.0,5260.606060606061,-2730.606060606061,OPTIMAL
65.15151515151516,171.71717171717174,212,2530.0,0.0,5323.232323232324,-2793.2323232323242,OPTIMAL
65.15151515151516,173.73737373737376,212,2530.0,0.0,5385.858585858587,-2855.8585858585866,OPTIMAL
65.15151515151516,175.75757575757578,212,2530.0,0.0,5448.484848484849,-2918.484848484849,OPTIMAL
65.15151515151516,177.7777777777778,212,2530.0,0.0,5511.111111111112,-2981.111111111112,OPTIMAL
65.15151515151516,179.79797979797982,212,2530.0,0.0,5573.737373737375,-3043.7373737373746,OPTIMAL
65.15151515151516,121.21212121212122,212,2530.0,0.0,3757.575757575758,-1227.575757575758,OPTIMAL
65.15151515151516,123.23232323232324,212,2530.0,0.0,3820.2020202020203,-1290.2020202020203,OPTIMAL
65.15151515151516,125.25252525252526,212,2530.0,0.0,3882.828282828283,-1352.8282828282831,OPTIMAL
65.15151515151516,127.27272727272728,212,2530.0,0.0,3945.4545454545455,-1415.4545454545455,OPTIMAL
65.15151515151516,129.2929292929293,212,2530.0,0.0,4008.0808080808083,-1478.0808080808083,OPTIMAL
65.15151515151516,131.31313131313132,212,2530.0,0.0,4070.707070707071,-1540.7070707070711,OPTIMAL
65.15151515151516,133.33333333333334,212,2530.0,0.0,4133.333333333334,-1603.333333333334,OPTIMAL
65.15151515151516,135.35353535353536,212,2530.0,0.0,4195.959595959596,-1665.9595959595963,OPTIMAL
65.15151515151516,137.37373737373738,212,2530.0,0.0,4258.585858585859,-1728.5858585858587,OPTIMAL
65.15151515151516,139.3939393939394,212,2530.0,0.0,4321.212121212122,-1791.212121212122,OPTIMAL
66.66666666666667,101.01010101010101,217,1980.0,0.0,2626.2626262626263,-646.2626262626263,OPTIMAL
66.66666666666667,103.03030303030303,217,1980.0,0.0,2678.787878787879,-698.787878787879,OPTIMAL
66.66666666666667,105.05050505050505,217,1980.0,0.0,2731.313131313131,-751.3131313131312,OPTIMAL
66.66666666666667,107.07070707070707,217,1980.0,0.0,2783.838383838384,-803.8383838383838,OPTIMAL
66.66666666666667,109.0909090909091,217,1980.0,0.0,2836.3636363636365,-856.3636363636365,OPTIMAL
66.66666666666667,111.11111111111111,212,2530.0,0.0,3444.4444444444443,-914.4444444444443,OPTIMAL
66.66666666666667,113.13131313131314,212,2530.0,0.0,3507.070707070707,-977.0707070707072,OPTIMAL
66.66666666666667,115.15151515151516,212,2530.0,0.0,3569.69696969697,-1039.69696969697,OPTIMAL
66.66666666666667,117.17171717171718,212,2530.0,0.0,3632.3232323232323,-1102.3232323232323,OPTIMAL
66.66666666666667,119.1919191919192,212,2530.0,0.0,3694.949494949495,-1164.9494949494951,OPTIMAL
66.66666666666667,80.80808080808082,222,1530.0,0.0,1696.9696969696972,-166.96969696969722,OPTIMAL
66.66666666666667,82.82828282828284,222,1530.0,0.0,1739.3939393939395,-209.3939393939395,OPTIMAL
66.66666666666667,84.84848484848486,222,1530.0,0.0,1781.818181818182,-251.81818181818198,OPTIMAL
66.66666666666667,86.86868686868688,222,1530.0,0.0,1824.2424242424245,-294.2424242424245,OPTIMAL
66.66666666666667,88.8888888888889,222,1530.0,0.0,1866.666666666667,-336.66666666666697,OPTIMAL
66.66666666666667,90.90909090909092,217,1980.0,0.0,2363.636363636364,-383.63636363636397,OPTIMAL
66.66666666666667,92.92929292929294,217,1980.0,0.0,2416.1616161616166,-436.1616161616166,OPTIMAL
66.66666666666667,94.94949494949496,217,1980.0,0.0,2468.686868686869,-488.6868686868688,OPTIMAL
66.66666666666667,96.96969696969697,217,1980.0,0.0,2521.212121212121,-541.212121212121,OPTIMAL
66.66666666666667,98.98989898989899,217,1980.0,0.0,2573.7373737373737,-593.7373737373737,OPTIMAL
65.15151515151516,141.41414141414143,212,2530.0,0.0,4383.838383838384,-1853.8383838383843,OPTIMAL
65.15151515151516,143.43434343434345,212,2530.0,0.0,4446.464646464647,-1916.4646464646466,OPTIMAL
65.15151515151516,145.45454545454547,212,2530.0,0.0,4509.09090909091,-1979.09090909091,OPTIMAL
65.15151515151516,147.4747474747475,212,2530.0,0.0,4571.717171717172,-2041.7171717171723,OPTIMAL
65.15151515151516,149.4949494949495,212,2530.0,0.0,4634.343434343435,-2104.3434343434346,OPTIMAL
65.15151515151516,151.51515151515153,212,2530.0,0.0,4696.969696969697,-2166.969696969697,OPTIMAL
65.15151515151516,153.53535353535355,212,2530.0,0.0,4759.59595959596,-2229.5959595959603,OPTIMAL
65.15151515151516,155.55555555555557,212,2530.0,0.0,4822.222222222223,-2292.2222222222226,OPTIMAL
65.15151515151516,157.5757575757576,212,2530.0,0.0,4884.848484848485,-2354.848484848485,OPTIMAL
65.15151515151516,159.5959595959596,212,2530.0,0.0,4947.474747474748,-2417.4747474747483,OPTIMAL
68.18181818181819,40.40404040404041,237,420.0,0.0,242.42424242424244,177.57575757575756,OPTIMAL
68.18181818181819,42.42424242424243,237,420.0,0.0,254.54545454545456,165.45454545454544,OPTIMAL
68.18181818181819,44.44444444444445,237,420.0,0.0,266.6666666666667,153.33333333333331,OPTIMAL
68.18181818181819,46.46464646464647,237,420.0,0.0,278.7878787878788,141.2121212121212,OPTIMAL
68.18181818181819,48.484848484848484,237,420.0,0.0,290.9090909090909,129.09090909090912,OPTIMAL
68.18181818181819,50.505050505050505,237,420.0,0.0,303.030303030303,116.969696969697,OPTIMAL
68.18181818181819,52.525252525252526,237,420.0,0.0,315.1515151515151,104.84848484848487,OPTIMAL
68.18181818181819,54.54545454545455,237,420.0,0.0,327.27272727272725,92.72727272727275,OPTIMAL
68.18181818181819,56.56565656565657,237,420.0,0.0,339.3939393939394,80.60606060606062,OPTIMAL
68.18181818181819,58.58585858585859,237,420.0,0.0,351.5151515151515,68.4848484848485,OPTIMAL
65.15151515151516,181.81818181818184,202,4330.0,0.0,7454.545454545456,-3124.545454545456,OPTIMAL
65.15151515151516,183.83838383838386,202,4330.0,0.0,7537.373737373739,-3207.3737373737385,OPTIMAL
65.15151515151516,185.85858585858588,202,4330.0,0.0,7620.202020202021,-3290.2020202020212,OPTIMAL
65.15151515151516,187.8787878787879,202,4330.0,0.0,7703.030303030304,-3373.030303030304,OPTIMAL
65.15151515151516,189.89898989898992,202,4330.0,0.0,7785.858585858587,-3455.8585858585866,OPTIMAL
65.15151515151516,191.91919191919195,202,4330.0,0.0,7868.68686868687,-3538.68686868687,OPTIMAL
65.15151515151516,193.93939393939394,202,4330.0,0.0,7951.515151515151,-3621.515151515151,OPTIMAL
65.15151515151516,195.95959595959596,202,4330.0,0.0,8034.343434343435,-3704.3434343434346,OPTIMAL
65.15151515151516,197.97979797979798,202,4330.0,0.0,8117.171717171717,-3787.1717171717173,OPTIMAL
65.15151515151516,200.0,202,4330.0,0.0,8200.0,-3870.0,OPTIMAL
68.18181818181819,60.60606060606061,234,600.0,0.0,545.4545454545455,54.545454545454504,OPTIMAL
68.18181818181819,62.62626262626263,234,600.0,0.0,563.6363636363636,36.363636363636374,OPTIMAL
68.18181818181819,64.64646464646465,234,600.0,0.0,581.8181818181819,18.18181818181813,OPTIMAL
68.18181818181819,66.66666666666667,234,600.0,0.0,600.0,0.0,OPTIMAL
68.18181818181819,68.68686868686869,234,600.0,0.0,618.1818181818182,-18.181818181818244,OPTIMAL
68.18181818181819,70.70707070707071,231,810.0,0.0,848.4848484848485,-38.4848484848485,OPTIMAL
68.18181818181819,72.72727272727273,231,810.0,0.0,872.7272727272727,-62.72727272727275,OPTIMAL
68.18181818181819,74.74747474747475,231,810.0,0.0,896.969696969697,-86.969696969697,OPTIMAL
68.18181818181819,76.76767676767678,231,810.0,0.0,921.2121212121212,-111.21212121212125,OPTIMAL
68.18181818181819,78.7878787878788,231,810.0,0.0,945.4545454545455,-135.4545454545455,OPTIMAL
69.6969696969697,0.0,243,180.0,0.0,0.0,180.0,OPTIMAL
69.6969696969697,2.0202020202020203,243,180.0,0.0,0.0,180.0,OPTIMAL
69.6969696969697,4.040404040404041,243,180.0,0.0,0.0,180.0,OPTIMAL
69.6969696969697,6.0606060606060606,243,180.0,0.0,0.0,180.0,OPTIMAL
69.6969696969697,8.080808080808081,243,180.0,0.0,0.0,180.0,OPTIMAL
69.6969696969697,10.101010101010102,243,180.0,0.0,0.0,180.0,OPTIMAL
69.6969696969697,12.121212121212121,243,180.0,0.0,0.0,180.0,OPTIMAL
69.6969696969697,14.141414141414142,243,180.0,0.0,0.0,180.0,OPTIMAL
69.6969696969697,16.161616161616163,243,180.0,0.0,0.0,180.0,OPTIMAL
69.6969696969697,18.181818181818183,243,180.0,0.0,0.0,180.0,OPTIMAL
66.66666666666667,121.21212121212122,212,2530.0,0.0,3757.575757575758,-1227.575757575758,OPTIMAL
66.66666666666667,123.23232323232324,212,2530.0,0.0,3820.2020202020203,-1290.2020202020203,OPTIMAL
66.66666666666667,125.25252525252526,212,2530.0,0.0,3882.828282828283,-1352.8282828282831,OPTIMAL
66.66666666666667,127.27272727272728,212,2530.0,0.0,3945.4545454545455,-1415.4545454545455,OPTIMAL
66.66666666666667,129.2929292929293,212,2530.0,0.0,4008.0808080808083,-1478.0808080808083,OPTIMAL
66.66666666666667,131.31313131313132,212,2530.0,0.0,4070.707070707071,-1540.7070707070711,OPTIMAL
66.66666666666667,133.33333333333334,212,2530.0,0.0,4133.333333333334,-1603.333333333334,OPTIMAL
66.66666666666667,135.35353535353536,212,2530.0,0.0,4195.959595959596,-1665.9595959595963,OPTIMAL
66.66666666666667,137.37373737373738,212,2530.0,0.0,4258.585858585859,-1728.5858585858587,OPTIMAL
66.66666666666667,139.3939393939394,212,2530.0,0.0,4321.212121212122,-1791.212121212122,OPTIMAL
68.18181818181819,80.80808080808082,222,1530.0,0.0,1696.9696969696972,-166.96969696969722,OPTIMAL
68.18181818181819,82.82828282828284,222,1530.0,0.0,1739.3939393939395,-209.3939393939395,OPTIMAL
68.18181818181819,84.84848484848486,222,1530.0,0.0,1781.818181818182,-251.81818181818198,OPTIMAL
68.18181818181819,86.86868686868688,222,1530.0,0.0,1824.2424242424245,-294.2424242424245,OPTIMAL
68.18181818181819,88.8888888888889,222,1530.0,0.0,1866.666666666667,-336.66666666666697,OPTIMAL
68.18181818181819,90.90909090909092,217,1980.0,0.0,2363.636363636364,-383.63636363636397,OPTIMAL
68.18181818181819,92.92929292929294,217,1980.0,0.0,2416.1616161616166,-436.1616161616166,OPTIMAL
68.18181818181819,94.94949494949496,217,1980.0,0.0,2468.686868686869,-488.6868686868688,OPTIMAL
68.18181818181819,96.96969696969697,217,1980.0,0.0,2521.212121212121,-541.212121212121,OPTIMAL
68.18181818181819,98.98989898989899,217,1980.0,0.0,2573.7373737373737,-593.7373737373737,OPTIMAL
66.66666666666667,141.41414141414143,212,2530.0,0.0,4383.838383838384,-1853.8383838383843,OPTIMAL
66.66666666666667,143.43434343434345,212,2530.0,0.0,4446.464646464647,-1916.4646464646466,OPTIMAL
66.66666666666667,145.45454545454547,212,2530.0,0.0,4509.09090909091,-1979.09090909091,OPTIMAL
66.66666666666667,147.4747474747475,212,2530.0,0.0,4571.717171717172,-2041.7171717171723,OPTIMAL
66.66666666666667,149.4949494949495,212,2530.0,0.0,4634.343434343435,-2104.3434343434346,OPTIMAL
66.66666666666667,151.51515151515153,212,2530.0,0.0,4696.969696969697,-2166.969696969697,OPTIMAL
66.66666666666667,153.53535353535355,212,2530.0,0.0,4759.59595959596,-2229.5959595959603,OPTIMAL
66.66666666666667,155.55555555555557,212,2530.0,0.0,4822.222222222223,-2292.2222222222226,OPTIMAL
66.66666666666667,157.5757575757576,212,2530.0,0.0,4884.848484848485,-2354.848484848485,OPTIMAL
66.66666666666667,159.5959595959596,212,2530.0,0.0,4947.474747474748,-2417.4747474747483,OPTIMAL
69.6969696969697,20.202020202020204,243,180.0,0.0,0.0,180.0,OPTIMAL
69.6969696969697,22.222222222222225,243,180.0,0.0,0.0,180.0,OPTIMAL
69.6969696969697,24.242424242424242,243,180.0,0.0,0.0,180.0,OPTIMAL
69.6969696969697,26.262626262626263,243,180.0,0.0,0.0,180.0,OPTIMAL
69.6969696969697,28.282828282828284,243,180.0,0.0,0.0,180.0,OPTIMAL
69.6969696969697,30.303030303030305,243,180.0,0.0,0.0,180.0,OPTIMAL
69.6969696969697,32.323232323232325,243,180.0,0.0,0.0,180.0,OPTIMAL
69.6969696969697,34.343434343434346,243,180.0,0.0,0.0,180.0,OPTIMAL
69.6969696969697,36.36363636363637,243,180.0,0.0,0.0,180.0,OPTIMAL
69.6969696969697,38.38383838383839,243,180.0,0.0,0.0,180.0,OPTIMAL
66.66666666666667,181.81818181818184,202,4330.0,0.0,7454.545454545456,-3124.545454545456,OPTIMAL
66.66666666666667,183.83838383838386,202,4330.0,0.0,7537.373737373739,-3207.3737373737385,OPTIMAL
66.66666666666667,185.85858585858588,202,4330.0,0.0,7620.202020202021,-3290.2020202020212,OPTIMAL
66.66666666666667,187.8787878787879,202,4330.0,0.0,7703.030303030304,-3373.030303030304,OPTIMAL
66.66666666666667,189.89898989898992,202,4330.0,0.0,7785.858585858587,-3455.8585858585866,OPTIMAL
66.66666666666667,191.91919191919195,202,4330.0,0.0,7868.68686868687,-3538.68686868687,OPTIMAL
66.66666666666667,193.93939393939394,202,4330.0,0.0,7951.515151515151,-3621.515151515151,OPTIMAL
66.66666666666667,195.95959595959596,202,4330.0,0.0,8034.343434343435,-3704.3434343434346,OPTIMAL
66.66666666666667,197.97979797979798,202,4330.0,0.0,8117.171717171717,-3787.1717171717173,OPTIMAL
66.66666666666667,200.0,202,4330.0,0.0,8200.0,-3870.0,OPTIMAL
69.6969696969697,40.40404040404041,237,420.0,0.0,242.42424242424244,177.57575757575756,OPTIMAL
69.6969696969697,42.42424242424243,237,420.0,0.0,254.54545454545456,165.45454545454544,OPTIMAL
69.6969696969697,44.44444444444445,237,420.0,0.0,266.6666666666667,153.33333333333331,OPTIMAL
69.6969696969697,46.46464646464647,237,420.0,0.0,278.7878787878788,141.2121212121212,OPTIMAL
69.6969696969697,48.484848484848484,237,420.0,0.0,290.9090909090909,129.09090909090912,OPTIMAL
69.6969696969697,50.505050505050505,237,420.0,0.0,303.030303030303,116.969696969697,OPTIMAL
69.6969696969697,52.525252525252526,237,420.0,0.0,315.1515151515151,104.84848484848487,OPTIMAL
69.6969696969697,54.54545454545455,237,420.0,0.0,327.27272727272725,92.72727272727275,OPTIMAL
69.6969696969697,56.56565656565657,237,420.0,0.0,339.3939393939394,80.60606060606062,OPTIMAL
69.6969696969697,58.58585858585859,237,420.0,0.0,351.5151515151515,68.4848484848485,OPTIMAL
66.66666666666667,161.61616161616163,212,2530.0,0.0,5010.101010101011,-2480.1010101010106,OPTIMAL
66.66666666666667,163.63636363636365,212,2530.0,0.0,5072.727272727273,-2542.727272727273,OPTIMAL
66.66666666666667,165.65656565656568,212,2530.0,0.0,5135.353535353536,-2605.3535353535362,OPTIMAL
66.66666666666667,167.6767676767677,212,2530.0,0.0,5197.979797979799,-2667.9797979797986,OPTIMAL
66.66666666666667,169.69696969696972,212,2530.0,0.0,5260.606060606061,-2730.606060606061,OPTIMAL
66.66666666666667,171.71717171717174,212,2530.0,0.0,5323.232323232324,-2793.2323232323242,OPTIMAL
66.66666666666667,173.73737373737376,212,2530.0,0.0,5385.858585858587,-2855.8585858585866,OPTIMAL
66.66666666666667,175.75757575757578,212,2530.0,0.0,5448.484848484849,-2918.484848484849,OPTIMAL
66.66666666666667,177.7777777777778,212,2530.0,0.0,5511.111111111112,-2981.111111111112,OPTIMAL
66.66666666666667,179.79797979797982,212,2530.0,0.0,5573.737373737375,-3043.7373737373746,OPTIMAL
71.21212121212122,0.0,243,180.0,0.0,0.0,180.0,OPTIMAL
71.21212121212122,2.0202020202020203,243,180.0,0.0,0.0,180.0,OPTIMAL
71.21212121212122,4.040404040404041,243,180.0,0.0,0.0,180.0,OPTIMAL
71.21212121212122,6.0606060606060606,243,180.0,0.0,0.0,180.0,OPTIMAL
71.21212121212122,8.080808080808081,243,180.0,0.0,0.0,180.0,OPTIMAL
71.21212121212122,10.101010101010102,243,180.0,0.0,0.0,180.0,OPTIMAL
71.21212121212122,12.121212121212121,243,180.0,0.0,0.0,180.0,OPTIMAL
71.21212121212122,14.141414141414142,243,180.0,0.0,0.0,180.0,OPTIMAL
71.21212121212122,16.161616161616163,243,180.0,0.0,0.0,180.0,OPTIMAL
71.21212121212122,18.181818181818183,243,180.0,0.0,0.0,180.0,OPTIMAL
69.6969696969697,60.60606060606061,234,600.0,0.0,545.4545454545455,54.545454545454504,OPTIMAL
69.6969696969697,62.62626262626263,234,600.0,0.0,563.6363636363636,36.363636363636374,OPTIMAL
69.6969696969697,64.64646464646465,234,600.0,0.0,581.8181818181819,18.18181818181813,OPTIMAL
69.6969696969697,66.66666666666667,234,600.0,0.0,600.0,0.0,OPTIMAL
69.6969696969697,68.68686868686869,234,600.0,0.0,618.1818181818182,-18.181818181818244,OPTIMAL
69.6969696969697,70.70707070707071,231,810.0,0.0,848.4848484848485,-38.4848484848485,OPTIMAL
69.6969696969697,72.72727272727273,231,810.0,0.0,872.7272727272727,-62.72727272727275,OPTIMAL
69.6969696969697,74.74747474747475,231,810.0,0.0,896.969696969697,-86.969696969697,OPTIMAL
69.6969696969697,76.76767676767678,231,810.0,0.0,921.2121212121212,-111.21212121212125,OPTIMAL
69.6969696969697,78.7878787878788,231,810.0,0.0,945.4545454545455,-135.4545454545455,OPTIMAL
68.18181818181819,101.01010101010101,217,1980.0,0.0,2626.2626262626263,-646.2626262626263,OPTIMAL
68.18181818181819,103.03030303030303,217,1980.0,0.0,2678.787878787879,-698.787878787879,OPTIMAL
68.18181818181819,105.05050505050505,217,1980.0,0.0,2731.313131313131,-751.3131313131312,OPTIMAL
68.18181818181819,107.07070707070707,217,1980.0,0.0,2783.838383838384,-803.8383838383838,OPTIMAL
68.18181818181819,109.0909090909091,217,1980.0,0.0,2836.3636363636365,-856.3636363636365,OPTIMAL
68.18181818181819,111.11111111111111,212,2530.0,0.0,3444.4444444444443,-914.4444444444443,OPTIMAL
68.18181818181819,113.13131313131314,212,2530.0,0.0,3507.070707070707,-977.0707070707072,OPTIMAL
68.18181818181819,115.15151515151516,212,2530.0,0.0,3569.69696969697,-1039.69696969697,OPTIMAL
68.18181818181819,117.17171717171718,212,2530.0,0.0,3632.3232323232323,-1102.3232323232323,OPTIMAL
68.18181818181819,119.1919191919192,212,2530.0,0.0,3694.949494949495,-1164.9494949494951,OPTIMAL
69.6969696969697,80.80808080808082,222,1530.0,0.0,1696.9696969696972,-166.96969696969722,OPTIMAL
69.6969696969697,82.82828282828284,222,1530.0,0.0,1739.3939393939395,-209.3939393939395,OPTIMAL
69.6969696969697,84.84848484848486,222,1530.0,0.0,1781.818181818182,-251.81818181818198,OPTIMAL
69.6969696969697,86.86868686868688,222,1530.0,0.0,1824.2424242424245,-294.2424242424245,OPTIMAL
69.6969696969697,88.8888888888889,222,1530.0,0.0,1866.666666666667,-336.66666666666697,OPTIMAL
69.6969696969697,90.90909090909092,217,1980.0,0.0,2363.636363636364,-383.63636363636397,OPTIMAL
69.6969696969697,92.92929292929294,217,1980.0,0.0,2416.1616161616166,-436.1616161616166,OPTIMAL
69.6969696969697,94.94949494949496,217,1980.0,0.0,2468.686868686869,-488.6868686868688,OPTIMAL
69.6969696969697,96.96969696969697,217,1980.0,0.0,2521.212121212121,-541.212121212121,OPTIMAL
69.6969696969697,98.98989898989899,217,1980.0,0.0,2573.7373737373737,-593.7373737373737,OPTIMAL
68.18181818181819,121.21212121212122,212,2530.0,0.0,3757.575757575758,-1227.575757575758,OPTIMAL
68.18181818181819,123.23232323232324,212,2530.0,0.0,3820.2020202020203,-1290.2020202020203,OPTIMAL
68.18181818181819,125.25252525252526,212,2530.0,0.0,3882.828282828283,-1352.8282828282831,OPTIMAL
68.18181818181819,127.27272727272728,212,2530.0,0.0,3945.4545454545455,-1415.4545454545455,OPTIMAL
68.18181818181819,129.2929292929293,212,2530.0,0.0,4008.0808080808083,-1478.0808080808083,OPTIMAL
68.18181818181819,131.31313131313132,212,2530.0,0.0,4070.707070707071,-1540.7070707070711,OPTIMAL
68.18181818181819,133.33333333333334,212,2530.0,0.0,4133.333333333334,-1603.333333333334,OPTIMAL
68.18181818181819,135.35353535353536,212,2530.0,0.0,4195.959595959596,-1665.9595959595963,OPTIMAL
68.18181818181819,137.37373737373738,212,2530.0,0.0,4258.585858585859,-1728.5858585858587,OPTIMAL
68.18181818181819,139.3939393939394,212,2530.0,0.0,4321.212121212122,-1791.212121212122,OPTIMAL
71.21212121212122,20.202020202020204,243,180.0,0.0,0.0,180.0,OPTIMAL
71.21212121212122,22.222222222222225,243,180.0,0.0,0.0,180.0,OPTIMAL
71.21212121212122,24.242424242424242,243,180.0,0.0,0.0,180.0,OPTIMAL
71.21212121212122,26.262626262626263,243,180.0,0.0,0.0,180.0,OPTIMAL
71.21212121212122,28.282828282828284,243,180.0,0.0,0.0,180.0,OPTIMAL
71.21212121212122,30.303030303030305,243,180.0,0.0,0.0,180.0,OPTIMAL
71.21212121212122,32.323232323232325,243,180.0,0.0,0.0,180.0,OPTIMAL
71.21212121212122,34.343434343434346,243,180.0,0.0,0.0,180.0,OPTIMAL
71.21212121212122,36.36363636363637,243,180.0,0.0,0.0,180.0,OPTIMAL
71.21212121212122,38.38383838383839,243,180.0,0.0,0.0,180.0,OPTIMAL
71.21212121212122,40.40404040404041,237,420.0,0.0,242.42424242424244,177.57575757575756,OPTIMAL
71.21212121212122,42.42424242424243,237,420.0,0.0,254.54545454545456,165.45454545454544,OPTIMAL
71.21212121212122,44.44444444444445,237,420.0,0.0,266.6666666666667,153.33333333333331,OPTIMAL
71.21212121212122,46.46464646464647,237,420.0,0.0,278.7878787878788,141.2121212121212,OPTIMAL
71.21212121212122,48.484848484848484,237,420.0,0.0,290.9090909090909,129.09090909090912,OPTIMAL
71.21212121212122,50.505050505050505,237,420.0,0.0,303.030303030303,116.969696969697,OPTIMAL
71.21212121212122,52.525252525252526,237,420.0,0.0,315.1515151515151,104.84848484848487,OPTIMAL
71.21212121212122,54.54545454545455,237,420.0,0.0,327.27272727272725,92.72727272727275,OPTIMAL
71.21212121212122,56.56565656565657,237,420.0,0.0,339.3939393939394,80.60606060606062,OPTIMAL
71.21212121212122,58.58585858585859,237,420.0,0.0,351.5151515151515,68.4848484848485,OPTIMAL
71.21212121212122,60.60606060606061,234,600.0,0.0,545.4545454545455,54.545454545454504,OPTIMAL
71.21212121212122,62.62626262626263,234,600.0,0.0,563.6363636363636,36.363636363636374,OPTIMAL
71.21212121212122,64.64646464646465,234,600.0,0.0,581.8181818181819,18.18181818181813,OPTIMAL
71.21212121212122,66.66666666666667,234,600.0,0.0,600.0,0.0,OPTIMAL
71.21212121212122,68.68686868686869,234,600.0,0.0,618.1818181818182,-18.181818181818244,OPTIMAL
71.21212121212122,70.70707070707071,231,810.0,0.0,848.4848484848485,-38.4848484848485,OPTIMAL
71.21212121212122,72.72727272727273,231,810.0,0.0,872.7272727272727,-62.72727272727275,OPTIMAL
71.21212121212122,74.74747474747475,231,810.0,0.0,896.969696969697,-86.969696969697,OPTIMAL
71.21212121212122,76.76767676767678,231,810.0,0.0,921.2121212121212,-111.21212121212125,OPTIMAL
71.21212121212122,78.7878787878788,231,810.0,0.0,945.4545454545455,-135.4545454545455,OPTIMAL
68.18181818181819,141.41414141414143,212,2530.0,0.0,4383.838383838384,-1853.8383838383843,OPTIMAL
68.18181818181819,143.43434343434345,212,2530.0,0.0,4446.464646464647,-1916.4646464646466,OPTIMAL
68.18181818181819,145.45454545454547,212,2530.0,0.0,4509.09090909091,-1979.09090909091,OPTIMAL
68.18181818181819,147.4747474747475,212,2530.0,0.0,4571.717171717172,-2041.7171717171723,OPTIMAL
68.18181818181819,149.4949494949495,212,2530.0,0.0,4634.343434343435,-2104.3434343434346,OPTIMAL
68.18181818181819,151.51515151515153,212,2530.0,0.0,4696.969696969697,-2166.969696969697,OPTIMAL
68.18181818181819,153.53535353535355,212,2530.0,0.0,4759.59595959596,-2229.5959595959603,OPTIMAL
68.18181818181819,155.55555555555557,212,2530.0,0.0,4822.222222222223,-2292.2222222222226,OPTIMAL
68.18181818181819,157.5757575757576,212,2530.0,0.0,4884.848484848485,-2354.848484848485,OPTIMAL
68.18181818181819,159.5959595959596,212,2530.0,0.0,4947.474747474748,-2417.4747474747483,OPTIMAL
69.6969696969697,101.01010101010101,217,1980.0,0.0,2626.2626262626263,-646.2626262626263,OPTIMAL
69.6969696969697,103.03030303030303,217,1980.0,0.0,2678.787878787879,-698.787878787879,OPTIMAL
69.6969696969697,105.05050505050505,217,1980.0,0.0,2731.313131313131,-751.3131313131312,OPTIMAL
69.6969696969697,107.07070707070707,217,1980.0,0.0,2783.838383838384,-803.8383838383838,OPTIMAL
69.6969696969697,109.0909090909091,217,1980.0,0.0,2836.3636363636365,-856.3636363636365,OPTIMAL
69.6969696969697,111.11111111111111,212,2530.0,0.0,3444.4444444444443,-914.4444444444443,OPTIMAL
69.6969696969697,113.13131313131314,212,2530.0,0.0,3507.070707070707,-977.0707070707072,OPTIMAL
69.6969696969697,115.15151515151516,212,2530.0,0.0,3569.69696969697,-1039.69696969697,OPTIMAL
69.6969696969697,117.17171717171718,212,2530.0,0.0,3632.3232323232323,-1102.3232323232323,OPTIMAL
69.6969696969697,119.1919191919192,212,2530.0,0.0,3694.949494949495,-1164.9494949494951,OPTIMAL
68.18181818181819,161.61616161616163,212,2530.0,0.0,5010.101010101011,-2480.1010101010106,OPTIMAL
68.18181818181819,163.63636363636365,212,2530.0,0.0,5072.727272727273,-2542.727272727273,OPTIMAL
68.18181818181819,165.65656565656568,212,2530.0,0.0,5135.353535353536,-2605.3535353535362,OPTIMAL
68.18181818181819,167.6767676767677,212,2530.0,0.0,5197.979797979799,-2667.9797979797986,OPTIMAL
68.18181818181819,169.69696969696972,212,2530.0,0.0,5260.606060606061,-2730.606060606061,OPTIMAL
68.18181818181819,171.71717171717174,212,2530.0,0.0,5323.232323232324,-2793.2323232323242,OPTIMAL
68.18181818181819,173.73737373737376,212,2530.0,0.0,5385.858585858587,-2855.8585858585866,OPTIMAL
68.18181818181819,175.75757575757578,212,2530.0,0.0,5448.484848484849,-2918.484848484849,OPTIMAL
68.18181818181819,177.7777777777778,212,2530.0,0.0,5511.111111111112,-2981.111111111112,OPTIMAL
68.18181818181819,179.79797979797982,212,2530.0,0.0,5573.737373737375,-3043.7373737373746,OPTIMAL
72.72727272727272,0.0,243,180.0,0.0,0.0,180.0,OPTIMAL
72.72727272727272,2.0202020202020203,243,180.0,0.0,0.0,180.0,OPTIMAL
72.72727272727272,4.040404040404041,243,180.0,0.0,0.0,180.0,OPTIMAL
72.72727272727272,6.0606060606060606,243,180.0,0.0,0.0,180.0,OPTIMAL
72.72727272727272,8.080808080808081,243,180.0,0.0,0.0,180.0,OPTIMAL
72.72727272727272,10.101010101010102,243,180.0,0.0,0.0,180.0,OPTIMAL
72.72727272727272,12.121212121212121,243,180.0,0.0,0.0,180.0,OPTIMAL
72.72727272727272,14.141414141414142,243,180.0,0.0,0.0,180.0,OPTIMAL
72.72727272727272,16.161616161616163,243,180.0,0.0,0.0,180.0,OPTIMAL
72.72727272727272,18.181818181818183,243,180.0,0.0,0.0,180.0,OPTIMAL
71.21212121212122,80.80808080808082,222,1530.0,0.0,1696.9696969696972,-166.96969696969722,OPTIMAL
71.21212121212122,82.82828282828284,222,1530.0,0.0,1739.3939393939395,-209.3939393939395,OPTIMAL
71.21212121212122,84.84848484848486,222,1530.0,0.0,1781.818181818182,-251.81818181818198,OPTIMAL
71.21212121212122,86.86868686868688,222,1530.0,0.0,1824.2424242424245,-294.2424242424245,OPTIMAL
71.21212121212122,88.8888888888889,222,1530.0,0.0,1866.666666666667,-336.66666666666697,OPTIMAL
71.21212121212122,90.90909090909092,217,1980.0,0.0,2363.636363636364,-383.63636363636397,OPTIMAL
71.21212121212122,92.92929292929294,217,1980.0,0.0,2416.1616161616166,-436.1616161616166,OPTIMAL
71.21212121212122,94.94949494949496,217,1980.0,0.0,2468.686868686869,-488.6868686868688,OPTIMAL
71.21212121212122,96.96969696969697,217,1980.0,0.0,2521.212121212121,-541.212121212121,OPTIMAL
71.21212121212122,98.98989898989899,217,1980.0,0.0,2573.7373737373737,-593.7373737373737,OPTIMAL
69.6969696969697,121.21212121212122,212,2530.0,0.0,3757.575757575758,-1227.575757575758,OPTIMAL
69.6969696969697,123.23232323232324,212,2530.0,0.0,3820.2020202020203,-1290.2020202020203,OPTIMAL
69.6969696969697,125.25252525252526,212,2530.0,0.0,3882.828282828283,-1352.8282828282831,OPTIMAL
69.6969696969697,127.27272727272728,212,2530.0,0.0,3945.4545454545455,-1415.4545454545455,OPTIMAL
69.6969696969697,129.2929292929293,212,2530.0,0.0,4008.0808080808083,-1478.0808080808083,OPTIMAL
69.6969696969697,131.31313131313132,212,2530.0,0.0,4070.707070707071,-1540.7070707070711,OPTIMAL
69.6969696969697,133.33333333333334,212,2530.0,0.0,4133.333333333334,-1603.333333333334,OPTIMAL
69.6969696969697,135.35353535353536,212,2530.0,0.0,4195.959595959596,-1665.9595959595963,OPTIMAL
69.6969696969697,137.37373737373738,212,2530.0,0.0,4258.585858585859,-1728.5858585858587,OPTIMAL
69.6969696969697,139.3939393939394,212,2530.0,0.0,4321.212121212122,-1791.212121212122,OPTIMAL
68.18181818181819,181.81818181818184,202,4330.0,0.0,7454.545454545456,-3124.545454545456,OPTIMAL
68.18181818181819,183.83838383838386,202,4330.0,0.0,7537.373737373739,-3207.3737373737385,OPTIMAL
68.18181818181819,185.85858585858588,202,4330.0,0.0,7620.202020202021,-3290.2020202020212,OPTIMAL
68.18181818181819,187.8787878787879,202,4330.0,0.0,7703.030303030304,-3373.030303030304,OPTIMAL
68.18181818181819,189.89898989898992,202,4330.0,0.0,7785.858585858587,-3455.8585858585866,OPTIMAL
68.18181818181819,191.91919191919195,202,4330.0,0.0,7868.68686868687,-3538.68686868687,OPTIMAL
68.18181818181819,193.93939393939394,202,4330.0,0.0,7951.515151515151,-3621.515151515151,OPTIMAL
68.18181818181819,195.95959595959596,202,4330.0,0.0,8034.343434343435,-3704.3434343434346,OPTIMAL
68.18181818181819,197.97979797979798,202,4330.0,0.0,8117.171717171717,-3787.1717171717173,OPTIMAL
68.18181818181819,200.0,202,4330.0,0.0,8200.0,-3870.0,OPTIMAL
72.72727272727272,20.202020202020204,243,180.0,0.0,0.0,180.0,OPTIMAL
72.72727272727272,22.222222222222225,243,180.0,0.0,0.0,180.0,OPTIMAL
72.72727272727272,24.242424242424242,243,180.0,0.0,0.0,180.0,OPTIMAL
72.72727272727272,26.262626262626263,243,180.0,0.0,0.0,180.0,OPTIMAL
72.72727272727272,28.282828282828284,243,180.0,0.0,0.0,180.0,OPTIMAL
72.72727272727272,30.303030303030305,243,180.0,0.0,0.0,180.0,OPTIMAL
72.72727272727272,32.323232323232325,243,180.0,0.0,0.0,180.0,OPTIMAL
72.72727272727272,34.343434343434346,243,180.0,0.0,0.0,180.0,OPTIMAL
72.72727272727272,36.36363636363637,243,180.0,0.0,0.0,180.0,OPTIMAL
72.72727272727272,38.38383838383839,243,180.0,0.0,0.0,180.0,OPTIMAL
69.6969696969697,141.41414141414143,212,2530.0,0.0,4383.838383838384,-1853.8383838383843,OPTIMAL
69.6969696969697,143.43434343434345,212,2530.0,0.0,4446.464646464647,-1916.4646464646466,OPTIMAL
69.6969696969697,145.45454545454547,212,2530.0,0.0,4509.09090909091,-1979.09090909091,OPTIMAL
69.6969696969697,147.4747474747475,212,2530.0,0.0,4571.717171717172,-2041.7171717171723,OPTIMAL
69.6969696969697,149.4949494949495,212,2530.0,0.0,4634.343434343435,-2104.3434343434346,OPTIMAL
69.6969696969697,151.51515151515153,212,2530.0,0.0,4696.969696969697,-2166.969696969697,OPTIMAL
69.6969696969697,153.53535353535355,212,2530.0,0.0,4759.59595959596,-2229.5959595959603,OPTIMAL
69.6969696969697,155.55555555555557,212,2530.0,0.0,4822.222222222223,-2292.2222222222226,OPTIMAL
69.6969696969697,157.5757575757576,212,2530.0,0.0,4884.848484848485,-2354.848484848485,OPTIMAL
69.6969696969697,159.5959595959596,212,2530.0,0.0,4947.474747474748,-2417.4747474747483,OPTIMAL
69.6969696969697,161.61616161616163,212,2530.0,0.0,5010.101010101011,-2480.1010101010106,OPTIMAL
69.6969696969697,163.63636363636365,212,2530.0,0.0,5072.727272727273,-2542.727272727273,OPTIMAL
69.6969696969697,165.65656565656568,212,2530.0,0.0,5135.353535353536,-2605.3535353535362,OPTIMAL
69.6969696969697,167.6767676767677,212,2530.0,0.0,5197.979797979799,-2667.9797979797986,OPTIMAL
69.6969696969697,169.69696969696972,212,2530.0,0.0,5260.606060606061,-2730.606060606061,OPTIMAL
69.6969696969697,171.71717171717174,212,2530.0,0.0,5323.232323232324,-2793.2323232323242,OPTIMAL
69.6969696969697,173.73737373737376,212,2530.0,0.0,5385.858585858587,-2855.8585858585866,OPTIMAL
69.6969696969697,175.75757575757578,212,2530.0,0.0,5448.484848484849,-2918.484848484849,OPTIMAL
69.6969696969697,177.7777777777778,212,2530.0,0.0,5511.111111111112,-2981.111111111112,OPTIMAL
69.6969696969697,179.79797979797982,212,2530.0,0.0,5573.737373737375,-3043.7373737373746,OPTIMAL
72.72727272727272,40.40404040404041,237,420.0,0.0,242.42424242424244,177.57575757575756,OPTIMAL
72.72727272727272,42.42424242424243,237,420.0,0.0,254.54545454545456,165.45454545454544,OPTIMAL
72.72727272727272,44.44444444444445,237,420.0,0.0,266.6666666666667,153.33333333333331,OPTIMAL
72.72727272727272,46.46464646464647,237,420.0,0.0,278.7878787878788,141.2121212121212,OPTIMAL
72.72727272727272,48.484848484848484,237,420.0,0.0,290.9090909090909,129.09090909090912,OPTIMAL
72.72727272727272,50.505050505050505,237,420.0,0.0,303.030303030303,116.969696969697,OPTIMAL
72.72727272727272,52.525252525252526,237,420.0,0.0,315.1515151515151,104.84848484848487,OPTIMAL
72.72727272727272,54.54545454545455,237,420.0,0.0,327.27272727272725,92.72727272727275,OPTIMAL
72.72727272727272,56.56565656565657,237,420.0,0.0,339.3939393939394,80.60606060606062,OPTIMAL
72.72727272727272,58.58585858585859,237,420.0,0.0,351.5151515151515,68.4848484848485,OPTIMAL
71.21212121212122,101.01010101010101,217,1980.0,0.0,2626.2626262626263,-646.2626262626263,OPTIMAL
71.21212121212122,103.03030303030303,217,1980.0,0.0,2678.787878787879,-698.787878787879,OPTIMAL
71.21212121212122,105.05050505050505,217,1980.0,0.0,2731.313131313131,-751.3131313131312,OPTIMAL
71.21212121212122,107.07070707070707,217,1980.0,0.0,2783.838383838384,-803.8383838383838,OPTIMAL
71.21212121212122,109.0909090909091,217,1980.0,0.0,2836.3636363636365,-856.3636363636365,OPTIMAL
71.21212121212122,111.11111111111111,212,2530.0,0.0,3444.4444444444443,-914.4444444444443,OPTIMAL
71.21212121212122,113.13131313131314,212,2530.0,0.0,3507.070707070707,-977.0707070707072,OPTIMAL
71.21212121212122,115.15151515151516,212,2530.0,0.0,3569.69696969697,-1039.69696969697,OPTIMAL
71.21212121212122,117.17171717171718,212,2530.0,0.0,3632.3232323232323,-1102.3232323232323,OPTIMAL
71.21212121212122,119.1919191919192,212,2530.0,0.0,3694.949494949495,-1164.9494949494951,OPTIMAL
69.6969696969697,181.81818181818184,202,4330.0,0.0,7454.545454545456,-3124.545454545456,OPTIMAL
69.6969696969697,183.83838383838386,202,4330.0,0.0,7537.373737373739,-3207.3737373737385,OPTIMAL
69.6969696969697,185.85858585858588,202,4330.0,0.0,7620.202020202021,-3290.2020202020212,OPTIMAL
69.6969696969697,187.8787878787879,202,4330.0,0.0,7703.030303030304,-3373.030303030304,OPTIMAL
69.6969696969697,189.89898989898992,202,4330.0,0.0,7785.858585858587,-3455.8585858585866,OPTIMAL
69.6969696969697,191.91919191919195,202,4330.0,0.0,7868.68686868687,-3538.68686868687,OPTIMAL
69.6969696969697,193.93939393939394,202,4330.0,0.0,7951.515151515151,-3621.515151515151,OPTIMAL
69.6969696969697,195.95959595959596,202,4330.0,0.0,8034.343434343435,-3704.3434343434346,OPTIMAL
69.6969696969697,197.97979797979798,202,4330.0,0.0,8117.171717171717,-3787.1717171717173,OPTIMAL
69.6969696969697,200.0,202,4330.0,0.0,8200.0,-3870.0,OPTIMAL
74.24242424242424,0.0,243,180.0,0.0,0.0,180.0,OPTIMAL
74.24242424242424,2.0202020202020203,243,180.0,0.0,0.0,180.0,OPTIMAL
74.24242424242424,4.040404040404041,243,180.0,0.0,0.0,180.0,OPTIMAL
74.24242424242424,6.0606060606060606,243,180.0,0.0,0.0,180.0,OPTIMAL
74.24242424242424,8.080808080808081,243,180.0,0.0,0.0,180.0,OPTIMAL
74.24242424242424,10.101010101010102,243,180.0,0.0,0.0,180.0,OPTIMAL
74.24242424242424,12.121212121212121,243,180.0,0.0,0.0,180.0,OPTIMAL
74.24242424242424,14.141414141414142,243,180.0,0.0,0.0,180.0,OPTIMAL
74.24242424242424,16.161616161616163,243,180.0,0.0,0.0,180.0,OPTIMAL
74.24242424242424,18.181818181818183,243,180.0,0.0,0.0,180.0,OPTIMAL
74.24242424242424,20.202020202020204,243,180.0,0.0,0.0,180.0,OPTIMAL
74.24242424242424,22.222222222222225,243,180.0,0.0,0.0,180.0,OPTIMAL
74.24242424242424,24.242424242424242,243,180.0,0.0,0.0,180.0,OPTIMAL
74.24242424242424,26.262626262626263,243,180.0,0.0,0.0,180.0,OPTIMAL
74.24242424242424,28.282828282828284,243,180.0,0.0,0.0,180.0,OPTIMAL
74.24242424242424,30.303030303030305,243,180.0,0.0,0.0,180.0,OPTIMAL
74.24242424242424,32.323232323232325,243,180.0,0.0,0.0,180.0,OPTIMAL
74.24242424242424,34.343434343434346,243,180.0,0.0,0.0,180.0,OPTIMAL
74.24242424242424,36.36363636363637,243,180.0,0.0,0.0,180.0,OPTIMAL
74.24242424242424,38.38383838383839,243,180.0,0.0,0.0,180.0,OPTIMAL
72.72727272727272,60.60606060606061,234,600.0,0.0,545.4545454545455,54.545454545454504,OPTIMAL
72.72727272727272,62.62626262626263,234,600.0,0.0,563.6363636363636,36.363636363636374,OPTIMAL
72.72727272727272,64.64646464646465,234,600.0,0.0,581.8181818181819,18.18181818181813,OPTIMAL
72.72727272727272,66.66666666666667,234,600.0,0.0,600.0,0.0,OPTIMAL
72.72727272727272,68.68686868686869,234,600.0,0.0,618.1818181818182,-18.181818181818244,OPTIMAL
72.72727272727272,70.70707070707071,231,810.0,0.0,848.4848484848485,-38.4848484848485,OPTIMAL
72.72727272727272,72.72727272727273,231,810.0,0.0,872.7272727272727,-62.72727272727275,OPTIMAL
72.72727272727272,74.74747474747475,231,810.0,0.0,896.969696969697,-86.969696969697,OPTIMAL
72.72727272727272,76.76767676767678,231,810.0,0.0,921.2121212121212,-111.21212121212125,OPTIMAL
72.72727272727272,78.7878787878788,231,810.0,0.0,945.4545454545455,-135.4545454545455,OPTIMAL
72.72727272727272,80.80808080808082,222,1530.0,0.0,1696.9696969696972,-166.96969696969722,OPTIMAL
72.72727272727272,82.82828282828284,222,1530.0,0.0,1739.3939393939395,-209.3939393939395,OPTIMAL
72.72727272727272,84.84848484848486,222,1530.0,0.0,1781.818181818182,-251.81818181818198,OPTIMAL
72.72727272727272,86.86868686868688,222,1530.0,0.0,1824.2424242424245,-294.2424242424245,OPTIMAL
72.72727272727272,88.8888888888889,222,1530.0,0.0,1866.666666666667,-336.66666666666697,OPTIMAL
72.72727272727272,90.90909090909092,217,1980.0,0.0,2363.636363636364,-383.63636363636397,OPTIMAL
72.72727272727272,92.92929292929294,217,1980.0,0.0,2416.1616161616166,-436.1616161616166,OPTIMAL
72.72727272727272,94.94949494949496,217,1980.0,0.0,2468.686868686869,-488.6868686868688,OPTIMAL
72.72727272727272,96.96969696969697,217,1980.0,0.0,2521.212121212121,-541.212121212121,OPTIMAL
72.72727272727272,98.98989898989899,217,1980.0,0.0,2573.7373737373737,-593.7373737373737,OPTIMAL
74.24242424242424,40.40404040404041,237,420.0,0.0,242.42424242424244,177.57575757575756,OPTIMAL
74.24242424242424,42.42424242424243,237,420.0,0.0,254.54545454545456,165.45454545454544,OPTIMAL
74.24242424242424,44.44444444444445,237,420.0,0.0,266.6666666666667,153.33333333333331,OPTIMAL
74.24242424242424,46.46464646464647,237,420.0,0.0,278.7878787878788,141.2121212121212,OPTIMAL
74.24242424242424,48.484848484848484,237,420.0,0.0,290.9090909090909,129.09090909090912,OPTIMAL
74.24242424242424,50.505050505050505,237,420.0,0.0,303.030303030303,116.969696969697,OPTIMAL
74.24242424242424,52.525252525252526,237,420.0,0.0,315.1515151515151,104.84848484848487,OPTIMAL
74.24242424242424,54.54545454545455,237,420.0,0.0,327.27272727272725,92.72727272727275,OPTIMAL
74.24242424242424,56.56565656565657,237,420.0,0.0,339.3939393939394,80.60606060606062,OPTIMAL
74.24242424242424,58.58585858585859,237,420.0,0.0,351.5151515151515,68.4848484848485,OPTIMAL
71.21212121212122,121.21212121212122,212,2530.0,0.0,3757.575757575758,-1227.575757575758,OPTIMAL
71.21212121212122,123.23232323232324,212,2530.0,0.0,3820.2020202020203,-1290.2020202020203,OPTIMAL
71.21212121212122,125.25252525252526,212,2530.0,0.0,3882.828282828283,-1352.8282828282831,OPTIMAL
71.21212121212122,127.27272727272728,212,2530.0,0.0,3945.4545454545455,-1415.4545454545455,OPTIMAL
71.21212121212122,129.2929292929293,212,2530.0,0.0,4008.0808080808083,-1478.0808080808083,OPTIMAL
71.21212121212122,131.31313131313132,212,2530.0,0.0,4070.707070707071,-1540.7070707070711,OPTIMAL
71.21212121212122,133.33333333333334,212,2530.0,0.0,4133.333333333334,-1603.333333333334,OPTIMAL
71.21212121212122,135.35353535353536,212,2530.0,0.0,4195.959595959596,-1665.9595959595963,OPTIMAL
71.21212121212122,137.37373737373738,212,2530.0,0.0,4258.585858585859,-1728.5858585858587,OPTIMAL
71.21212121212122,139.3939393939394,212,2530.0,0.0,4321.212121212122,-1791.212121212122,OPTIMAL
71.21212121212122,141.41414141414143,212,2530.0,0.0,4383.838383838384,-1853.8383838383843,OPTIMAL
71.21212121212122,143.43434343434345,212,2530.0,0.0,4446.464646464647,-1916.4646464646466,OPTIMAL
71.21212121212122,145.45454545454547,212,2530.0,0.0,4509.09090909091,-1979.09090909091,OPTIMAL
71.21212121212122,147.4747474747475,212,2530.0,0.0,4571.717171717172,-2041.7171717171723,OPTIMAL
71.21212121212122,149.4949494949495,212,2530.0,0.0,4634.343434343435,-2104.3434343434346,OPTIMAL
71.21212121212122,151.51515151515153,212,2530.0,0.0,4696.969696969697,-2166.969696969697,OPTIMAL
71.21212121212122,153.53535353535355,212,2530.0,0.0,4759.59595959596,-2229.5959595959603,OPTIMAL
71.21212121212122,155.55555555555557,212,2530.0,0.0,4822.222222222223,-2292.2222222222226,OPTIMAL
71.21212121212122,157.5757575757576,212,2530.0,0.0,4884.848484848485,-2354.848484848485,OPTIMAL
71.21212121212122,159.5959595959596,212,2530.0,0.0,4947.474747474748,-2417.4747474747483,OPTIMAL
74.24242424242424,60.60606060606061,234,600.0,0.0,545.4545454545455,54.545454545454504,OPTIMAL
74.24242424242424,62.62626262626263,234,600.0,0.0,563.6363636363636,36.363636363636374,OPTIMAL
74.24242424242424,64.64646464646465,234,600.0,0.0,581.8181818181819,18.18181818181813,OPTIMAL
74.24242424242424,66.66666666666667,234,600.0,0.0,600.0,0.0,OPTIMAL
74.24242424242424,68.68686868686869,234,600.0,0.0,618.1818181818182,-18.181818181818244,OPTIMAL
74.24242424242424,70.70707070707071,231,810.0,0.0,848.4848484848485,-38.4848484848485,OPTIMAL
74.24242424242424,72.72727272727273,231,810.0,0.0,872.7272727272727,-62.72727272727275,OPTIMAL
74.24242424242424,74.74747474747475,231,810.0,0.0,896.969696969697,-86.969696969697,OPTIMAL
74.24242424242424,76.76767676767678,231,810.0,0.0,921.2121212121212,-111.21212121212125,OPTIMAL
74.24242424242424,78.7878787878788,231,810.0,0.0,945.4545454545455,-135.4545454545455,OPTIMAL
72.72727272727272,101.01010101010101,217,1980.0,0.0,2626.2626262626263,-646.2626262626263,OPTIMAL
72.72727272727272,103.03030303030303,217,1980.0,0.0,2678.787878787879,-698.787878787879,OPTIMAL
72.72727272727272,105.05050505050505,217,1980.0,0.0,2731.313131313131,-751.3131313131312,OPTIMAL
72.72727272727272,107.07070707070707,217,1980.0,0.0,2783.838383838384,-803.8383838383838,OPTIMAL
72.72727272727272,109.0909090909091,217,1980.0,0.0,2836.3636363636365,-856.3636363636365,OPTIMAL
72.72727272727272,111.11111111111111,212,2530.0,0.0,3444.4444444444443,-914.4444444444443,OPTIMAL
72.72727272727272,113.13131313131314,212,2530.0,0.0,3507.070707070707,-977.0707070707072,OPTIMAL
72.72727272727272,115.15151515151516,212,2530.0,0.0,3569.69696969697,-1039.69696969697,OPTIMAL
72.72727272727272,117.17171717171718,212,2530.0,0.0,3632.3232323232323,-1102.3232323232323,OPTIMAL
72.72727272727272,119.1919191919192,212,2530.0,0.0,3694.949494949495,-1164.9494949494951,OPTIMAL
71.21212121212122,161.61616161616163,212,2530.0,0.0,5010.101010101011,-2480.1010101010106,OPTIMAL
71.21212121212122,163.63636363636365,212,2530.0,0.0,5072.727272727273,-2542.727272727273,OPTIMAL
71.21212121212122,165.65656565656568,212,2530.0,0.0,5135.353535353536,-2605.3535353535362,OPTIMAL
71.21212121212122,167.6767676767677,212,2530.0,0.0,5197.979797979799,-2667.9797979797986,OPTIMAL
71.21212121212122,169.69696969696972,212,2530.0,0.0,5260.606060606061,-2730.606060606061,OPTIMAL
71.21212121212122,171.71717171717174,212,2530.0,0.0,5323.232323232324,-2793.2323232323242,OPTIMAL
71.21212121212122,173.73737373737376,212,2530.0,0.0,5385.858585858587,-2855.8585858585866,OPTIMAL
71.21212121212122,175.75757575757578,212,2530.0,0.0,5448.484848484849,-2918.484848484849,OPTIMAL
71.21212121212122,177.7777777777778,212,2530.0,0.0,5511.111111111112,-2981.111111111112,OPTIMAL
71.21212121212122,179.79797979797982,212,2530.0,0.0,5573.737373737375,-3043.7373737373746,OPTIMAL
75.75757575757575,0.0,243,180.0,0.0,0.0,180.0,OPTIMAL
75.75757575757575,2.0202020202020203,243,180.0,0.0,0.0,180.0,OPTIMAL
75.75757575757575,4.040404040404041,243,180.0,0.0,0.0,180.0,OPTIMAL
75.75757575757575,6.0606060606060606,243,180.0,0.0,0.0,180.0,OPTIMAL
75.75757575757575,8.080808080808081,243,180.0,0.0,0.0,180.0,OPTIMAL
75.75757575757575,10.101010101010102,243,180.0,0.0,0.0,180.0,OPTIMAL
75.75757575757575,12.121212121212121,243,180.0,0.0,0.0,180.0,OPTIMAL
75.75757575757575,14.141414141414142,243,180.0,0.0,0.0,180.0,OPTIMAL
75.75757575757575,16.161616161616163,243,180.0,0.0,0.0,180.0,OPTIMAL
75.75757575757575,18.181818181818183,243,180.0,0.0,0.0,180.0,OPTIMAL
71.21212121212122,181.81818181818184,202,4330.0,0.0,7454.545454545456,-3124.545454545456,OPTIMAL
71.21212121212122,183.83838383838386,202,4330.0,0.0,7537.373737373739,-3207.3737373737385,OPTIMAL
71.21212121212122,185.85858585858588,202,4330.0,0.0,7620.202020202021,-3290.2020202020212,OPTIMAL
71.21212121212122,187.8787878787879,202,4330.0,0.0,7703.030303030304,-3373.030303030304,OPTIMAL
71.21212121212122,189.89898989898992,202,4330.0,0.0,7785.858585858587,-3455.8585858585866,OPTIMAL
71.21212121212122,191.91919191919195,202,4330.0,0.0,7868.68686868687,-3538.68686868687,OPTIMAL
71.21212121212122,193.93939393939394,202,4330.0,0.0,7951.515151515151,-3621.515151515151,OPTIMAL
71.21212121212122,195.95959595959596,202,4330.0,0.0,8034.343434343435,-3704.3434343434346,OPTIMAL
71.21212121212122,197.97979797979798,202,4330.0,0.0,8117.171717171717,-3787.1717171717173,OPTIMAL
71.21212121212122,200.0,202,4330.0,0.0,8200.0,-3870.0,OPTIMAL
75.75757575757575,20.202020202020204,243,180.0,0.0,0.0,180.0,OPTIMAL
75.75757575757575,22.222222222222225,243,180.0,0.0,0.0,180.0,OPTIMAL
75.75757575757575,24.242424242424242,243,180.0,0.0,0.0,180.0,OPTIMAL
75.75757575757575,26.262626262626263,243,180.0,0.0,0.0,180.0,OPTIMAL
75.75757575757575,28.282828282828284,243,180.0,0.0,0.0,180.0,OPTIMAL
75.75757575757575,30.303030303030305,243,180.0,0.0,0.0,180.0,OPTIMAL
75.75757575757575,32.323232323232325,243,180.0,0.0,0.0,180.0,OPTIMAL
75.75757575757575,34.343434343434346,243,180.0,0.0,0.0,180.0,OPTIMAL
75.75757575757575,36.36363636363637,243,180.0,0.0,0.0,180.0,OPTIMAL
75.75757575757575,38.38383838383839,243,180.0,0.0,0.0,180.0,OPTIMAL
74.24242424242424,80.80808080808082,222,1530.0,0.0,1696.9696969696972,-166.96969696969722,OPTIMAL
74.24242424242424,82.82828282828284,222,1530.0,0.0,1739.3939393939395,-209.3939393939395,OPTIMAL
74.24242424242424,84.84848484848486,222,1530.0,0.0,1781.818181818182,-251.81818181818198,OPTIMAL
74.24242424242424,86.86868686868688,222,1530.0,0.0,1824.2424242424245,-294.2424242424245,OPTIMAL
74.24242424242424,88.8888888888889,222,1530.0,0.0,1866.666666666667,-336.66666666666697,OPTIMAL
74.24242424242424,90.90909090909092,217,1980.0,0.0,2363.636363636364,-383.63636363636397,OPTIMAL
74.24242424242424,92.92929292929294,217,1980.0,0.0,2416.1616161616166,-436.1616161616166,OPTIMAL
74.24242424242424,94.94949494949496,217,1980.0,0.0,2468.686868686869,-488.6868686868688,OPTIMAL
74.24242424242424,96.96969696969697,217,1980.0,0.0,2521.212121212121,-541.212121212121,OPTIMAL
74.24242424242424,98.98989898989899,217,1980.0,0.0,2573.7373737373737,-593.7373737373737,OPTIMAL
75.75757575757575,40.40404040404041,237,420.0,0.0,242.42424242424244,177.57575757575756,OPTIMAL
75.75757575757575,42.42424242424243,237,420.0,0.0,254.54545454545456,165.45454545454544,OPTIMAL
75.75757575757575,44.44444444444445,237,420.0,0.0,266.6666666666667,153.33333333333331,OPTIMAL
75.75757575757575,46.46464646464647,237,420.0,0.0,278.7878787878788,141.2121212121212,OPTIMAL
75.75757575757575,48.484848484848484,237,420.0,0.0,290.9090909090909,129.09090909090912,OPTIMAL
75.75757575757575,50.505050505050505,237,420.0,0.0,303.030303030303,116.969696969697,OPTIMAL
75.75757575757575,52.525252525252526,237,420.0,0.0,315.1515151515151,104.84848484848487,OPTIMAL
75.75757575757575,54.54545454545455,237,420.0,0.0,327.27272727272725,92.72727272727275,OPTIMAL
75.75757575757575,56.56565656565657,237,420.0,0.0,339.3939393939394,80.60606060606062,OPTIMAL
75.75757575757575,58.58585858585859,237,420.0,0.0,351.5151515151515,68.4848484848485,OPTIMAL
72.72727272727272,121.21212121212122,212,2530.0,0.0,3757.575757575758,-1227.575757575758,OPTIMAL
72.72727272727272,123.23232323232324,212,2530.0,0.0,3820.2020202020203,-1290.2020202020203,OPTIMAL
72.72727272727272,125.25252525252526,212,2530.0,0.0,3882.828282828283,-1352.8282828282831,OPTIMAL
72.72727272727272,127.27272727272728,212,2530.0,0.0,3945.4545454545455,-1415.4545454545455,OPTIMAL
72.72727272727272,129.2929292929293,212,2530.0,0.0,4008.0808080808083,-1478.0808080808083,OPTIMAL
72.72727272727272,131.31313131313132,212,2530.0,0.0,4070.707070707071,-1540.7070707070711,OPTIMAL
72.72727272727272,133.33333333333334,212,2530.0,0.0,4133.333333333334,-1603.333333333334,OPTIMAL
72.72727272727272,135.35353535353536,212,2530.0,0.0,4195.959595959596,-1665.9595959595963,OPTIMAL
72.72727272727272,137.37373737373738,212,2530.0,0.0,4258.585858585859,-1728.5858585858587,OPTIMAL
72.72727272727272,139.3939393939394,212,2530.0,0.0,4321.212121212122,-1791.212121212122,OPTIMAL
72.72727272727272,161.61616161616163,212,2530.0,0.0,5010.101010101011,-2480.1010101010106,OPTIMAL
72.72727272727272,163.63636363636365,212,2530.0,0.0,5072.727272727273,-2542.727272727273,OPTIMAL
72.72727272727272,165.65656565656568,212,2530.0,0.0,5135.353535353536,-2605.3535353535362,OPTIMAL
72.72727272727272,167.6767676767677,212,2530.0,0.0,5197.979797979799,-2667.9797979797986,OPTIMAL
72.72727272727272,169.69696969696972,212,2530.0,0.0,5260.606060606061,-2730.606060606061,OPTIMAL
72.72727272727272,171.71717171717174,212,2530.0,0.0,5323.232323232324,-2793.2323232323242,OPTIMAL
72.72727272727272,173.73737373737376,212,2530.0,0.0,5385.858585858587,-2855.8585858585866,OPTIMAL
72.72727272727272,175.75757575757578,212,2530.0,0.0,5448.484848484849,-2918.484848484849,OPTIMAL
72.72727272727272,177.7777777777778,212,2530.0,0.0,5511.111111111112,-2981.111111111112,OPTIMAL
72.72727272727272,179.79797979797982,212,2530.0,0.0,5573.737373737375,-3043.7373737373746,OPTIMAL
75.75757575757575,60.60606060606061,234,600.0,0.0,545.4545454545455,54.545454545454504,OPTIMAL
75.75757575757575,62.62626262626263,234,600.0,0.0,563.6363636363636,36.363636363636374,OPTIMAL
75.75757575757575,64.64646464646465,234,600.0,0.0,581.8181818181819,18.18181818181813,OPTIMAL
75.75757575757575,66.66666666666667,234,600.0,0.0,600.0,0.0,OPTIMAL
75.75757575757575,68.68686868686869,234,600.0,0.0,618.1818181818182,-18.181818181818244,OPTIMAL
75.75757575757575,70.70707070707071,231,810.0,0.0,848.4848484848485,-38.4848484848485,OPTIMAL
75.75757575757575,72.72727272727273,231,810.0,0.0,872.7272727272727,-62.72727272727275,OPTIMAL
75.75757575757575,74.74747474747475,231,810.0,0.0,896.969696969697,-86.969696969697,OPTIMAL
75.75757575757575,76.76767676767678,231,810.0,0.0,921.2121212121212,-111.21212121212125,OPTIMAL
75.75757575757575,78.7878787878788,231,810.0,0.0,945.4545454545455,-135.4545454545455,OPTIMAL
72.72727272727272,141.41414141414143,212,2530.0,0.0,4383.838383838384,-1853.8383838383843,OPTIMAL
72.72727272727272,143.43434343434345,212,2530.0,0.0,4446.464646464647,-1916.4646464646466,OPTIMAL
72.72727272727272,145.45454545454547,212,2530.0,0.0,4509.09090909091,-1979.09090909091,OPTIMAL
72.72727272727272,147.4747474747475,212,2530.0,0.0,4571.717171717172,-2041.7171717171723,OPTIMAL
72.72727272727272,149.4949494949495,212,2530.0,0.0,4634.343434343435,-2104.3434343434346,OPTIMAL
72.72727272727272,151.51515151515153,212,2530.0,0.0,4696.969696969697,-2166.969696969697,OPTIMAL
72.72727272727272,153.53535353535355,212,2530.0,0.0,4759.59595959596,-2229.5959595959603,OPTIMAL
72.72727272727272,155.55555555555557,212,2530.0,0.0,4822.222222222223,-2292.2222222222226,OPTIMAL
72.72727272727272,157.5757575757576,212,2530.0,0.0,4884.848484848485,-2354.848484848485,OPTIMAL
72.72727272727272,159.5959595959596,212,2530.0,0.0,4947.474747474748,-2417.4747474747483,OPTIMAL
74.24242424242424,101.01010101010101,217,1980.0,0.0,2626.2626262626263,-646.2626262626263,OPTIMAL
74.24242424242424,103.03030303030303,217,1980.0,0.0,2678.787878787879,-698.787878787879,OPTIMAL
74.24242424242424,105.05050505050505,217,1980.0,0.0,2731.313131313131,-751.3131313131312,OPTIMAL
74.24242424242424,107.07070707070707,217,1980.0,0.0,2783.838383838384,-803.8383838383838,OPTIMAL
74.24242424242424,109.0909090909091,217,1980.0,0.0,2836.3636363636365,-856.3636363636365,OPTIMAL
74.24242424242424,111.11111111111111,212,2530.0,0.0,3444.4444444444443,-914.4444444444443,OPTIMAL
74.24242424242424,113.13131313131314,212,2530.0,0.0,3507.070707070707,-977.0707070707072,OPTIMAL
74.24242424242424,115.15151515151516,212,2530.0,0.0,3569.69696969697,-1039.69696969697,OPTIMAL
74.24242424242424,117.17171717171718,212,2530.0,0.0,3632.3232323232323,-1102.3232323232323,OPTIMAL
74.24242424242424,119.1919191919192,212,2530.0,0.0,3694.949494949495,-1164.9494949494951,OPTIMAL
77.27272727272727,0.0,243,180.0,0.0,0.0,180.0,OPTIMAL
77.27272727272727,2.0202020202020203,243,180.0,0.0,0.0,180.0,OPTIMAL
77.27272727272727,4.040404040404041,243,180.0,0.0,0.0,180.0,OPTIMAL
77.27272727272727,6.0606060606060606,243,180.0,0.0,0.0,180.0,OPTIMAL
77.27272727272727,8.080808080808081,243,180.0,0.0,0.0,180.0,OPTIMAL
77.27272727272727,10.101010101010102,243,180.0,0.0,0.0,180.0,OPTIMAL
77.27272727272727,12.121212121212121,243,180.0,0.0,0.0,180.0,OPTIMAL
77.27272727272727,14.141414141414142,243,180.0,0.0,0.0,180.0,OPTIMAL
77.27272727272727,16.161616161616163,243,180.0,0.0,0.0,180.0,OPTIMAL
77.27272727272727,18.181818181818183,243,180.0,0.0,0.0,180.0,OPTIMAL
77.27272727272727,20.202020202020204,243,180.0,0.0,0.0,180.0,OPTIMAL
77.27272727272727,22.222222222222225,243,180.0,0.0,0.0,180.0,OPTIMAL
77.27272727272727,24.242424242424242,243,180.0,0.0,0.0,180.0,OPTIMAL
77.27272727272727,26.262626262626263,243,180.0,0.0,0.0,180.0,OPTIMAL
77.27272727272727,28.282828282828284,243,180.0,0.0,0.0,180.0,OPTIMAL
77.27272727272727,30.303030303030305,243,180.0,0.0,0.0,180.0,OPTIMAL
77.27272727272727,32.323232323232325,243,180.0,0.0,0.0,180.0,OPTIMAL
77.27272727272727,34.343434343434346,243,180.0,0.0,0.0,180.0,OPTIMAL
77.27272727272727,36.36363636363637,243,180.0,0.0,0.0,180.0,OPTIMAL
77.27272727272727,38.38383838383839,243,180.0,0.0,0.0,180.0,OPTIMAL
72.72727272727272,181.81818181818184,202,4330.0,0.0,7454.545454545456,-3124.545454545456,OPTIMAL
72.72727272727272,183.83838383838386,202,4330.0,0.0,7537.373737373739,-3207.3737373737385,OPTIMAL
72.72727272727272,185.85858585858588,202,4330.0,0.0,7620.202020202021,-3290.2020202020212,OPTIMAL
72.72727272727272,187.8787878787879,202,4330.0,0.0,7703.030303030304,-3373.030303030304,OPTIMAL
72.72727272727272,189.89898989898992,202,4330.0,0.0,7785.858585858587,-3455.8585858585866,OPTIMAL
72.72727272727272,191.91919191919195,202,4330.0,0.0,7868.68686868687,-3538.68686868687,OPTIMAL
72.72727272727272,193.93939393939394,202,4330.0,0.0,7951.515151515151,-3621.515151515151,OPTIMAL
72.72727272727272,195.95959595959596,202,4330.0,0.0,8034.343434343435,-3704.3434343434346,OPTIMAL
72.72727272727272,197.97979797979798,202,4330.0,0.0,8117.171717171717,-3787.1717171717173,OPTIMAL
72.72727272727272,200.0,202,4330.0,0.0,8200.0,-3870.0,OPTIMAL
77.27272727272727,40.40404040404041,237,420.0,0.0,242.42424242424244,177.57575757575756,OPTIMAL
77.27272727272727,42.42424242424243,237,420.0,0.0,254.54545454545456,165.45454545454544,OPTIMAL
77.27272727272727,44.44444444444445,237,420.0,0.0,266.6666666666667,153.33333333333331,OPTIMAL
77.27272727272727,46.46464646464647,237,420.0,0.0,278.7878787878788,141.2121212121212,OPTIMAL
77.27272727272727,48.484848484848484,237,420.0,0.0,290.9090909090909,129.09090909090912,OPTIMAL
77.27272727272727,50.505050505050505,237,420.0,0.0,303.030303030303,116.969696969697,OPTIMAL
77.27272727272727,52.525252525252526,237,420.0,0.0,315.1515151515151,104.84848484848487,OPTIMAL
77.27272727272727,54.54545454545455,237,420.0,0.0,327.27272727272725,92.72727272727275,OPTIMAL
77.27272727272727,56.56565656565657,237,420.0,0.0,339.3939393939394,80.60606060606062,OPTIMAL
77.27272727272727,58.58585858585859,237,420.0,0.0,351.5151515151515,68.4848484848485,OPTIMAL
74.24242424242424,121.21212121212122,212,2530.0,0.0,3757.575757575758,-1227.575757575758,OPTIMAL
74.24242424242424,123.23232323232324,212,2530.0,0.0,3820.2020202020203,-1290.2020202020203,OPTIMAL
74.24242424242424,125.25252525252526,212,2530.0,0.0,3882.828282828283,-1352.8282828282831,OPTIMAL
74.24242424242424,127.27272727272728,212,2530.0,0.0,3945.4545454545455,-1415.4545454545455,OPTIMAL
74.24242424242424,129.2929292929293,212,2530.0,0.0,4008.0808080808083,-1478.0808080808083,OPTIMAL
74.24242424242424,131.31313131313132,212,2530.0,0.0,4070.707070707071,-1540.7070707070711,OPTIMAL
74.24242424242424,133.33333333333334,212,2530.0,0.0,4133.333333333334,-1603.333333333334,OPTIMAL
74.24242424242424,135.35353535353536,212,2530.0,0.0,4195.959595959596,-1665.9595959595963,OPTIMAL
74.24242424242424,137.37373737373738,212,2530.0,0.0,4258.585858585859,-1728.5858585858587,OPTIMAL
74.24242424242424,139.3939393939394,212,2530.0,0.0,4321.212121212122,-1791.212121212122,OPTIMAL
75.75757575757575,80.80808080808082,222,1530.0,0.0,1696.9696969696972,-166.96969696969722,OPTIMAL
75.75757575757575,82.82828282828284,222,1530.0,0.0,1739.3939393939395,-209.3939393939395,OPTIMAL
75.75757575757575,84.84848484848486,222,1530.0,0.0,1781.818181818182,-251.81818181818198,OPTIMAL
75.75757575757575,86.86868686868688,222,1530.0,0.0,1824.2424242424245,-294.2424242424245,OPTIMAL
75.75757575757575,88.8888888888889,222,1530.0,0.0,1866.666666666667,-336.66666666666697,OPTIMAL
75.75757575757575,90.90909090909092,217,1980.0,0.0,2363.636363636364,-383.63636363636397,OPTIMAL
75.75757575757575,92.92929292929294,217,1980.0,0.0,2416.1616161616166,-436.1616161616166,OPTIMAL
75.75757575757575,94.94949494949496,217,1980.0,0.0,2468.686868686869,-488.6868686868688,OPTIMAL
75.75757575757575,96.96969696969697,217,1980.0,0.0,2521.212121212121,-541.212121212121,OPTIMAL
75.75757575757575,98.98989898989899,217,1980.0,0.0,2573.7373737373737,-593.7373737373737,OPTIMAL
74.24242424242424,141.41414141414143,212,2530.0,0.0,4383.838383838384,-1853.8383838383843,OPTIMAL
74.24242424242424,143.43434343434345,212,2530.0,0.0,4446.464646464647,-1916.4646464646466,OPTIMAL
74.24242424242424,145.45454545454547,212,2530.0,0.0,4509.09090909091,-1979.09090909091,OPTIMAL
74.24242424242424,147.4747474747475,212,2530.0,0.0,4571.717171717172,-2041.7171717171723,OPTIMAL
74.24242424242424,149.4949494949495,212,2530.0,0.0,4634.343434343435,-2104.3434343434346,OPTIMAL
74.24242424242424,151.51515151515153,212,2530.0,0.0,4696.969696969697,-2166.969696969697,OPTIMAL
74.24242424242424,153.53535353535355,212,2530.0,0.0,4759.59595959596,-2229.5959595959603,OPTIMAL
74.24242424242424,155.55555555555557,212,2530.0,0.0,4822.222222222223,-2292.2222222222226,OPTIMAL
74.24242424242424,157.5757575757576,212,2530.0,0.0,4884.848484848485,-2354.848484848485,OPTIMAL
74.24242424242424,159.5959595959596,212,2530.0,0.0,4947.474747474748,-2417.4747474747483,OPTIMAL
78.78787878787878,0.0,243,180.0,0.0,0.0,180.0,OPTIMAL
78.78787878787878,2.0202020202020203,243,180.0,0.0,0.0,180.0,OPTIMAL
78.78787878787878,4.040404040404041,243,180.0,0.0,0.0,180.0,OPTIMAL
78.78787878787878,6.0606060606060606,243,180.0,0.0,0.0,180.0,OPTIMAL
78.78787878787878,8.080808080808081,243,180.0,0.0,0.0,180.0,OPTIMAL
78.78787878787878,10.101010101010102,243,180.0,0.0,0.0,180.0,OPTIMAL
78.78787878787878,12.121212121212121,243,180.0,0.0,0.0,180.0,OPTIMAL
78.78787878787878,14.141414141414142,243,180.0,0.0,0.0,180.0,OPTIMAL
78.78787878787878,16.161616161616163,243,180.0,0.0,0.0,180.0,OPTIMAL
78.78787878787878,18.181818181818183,243,180.0,0.0,0.0,180.0,OPTIMAL
77.27272727272727,60.60606060606061,234,600.0,0.0,545.4545454545455,54.545454545454504,OPTIMAL
77.27272727272727,62.62626262626263,234,600.0,0.0,563.6363636363636,36.363636363636374,OPTIMAL
77.27272727272727,64.64646464646465,234,600.0,0.0,581.8181818181819,18.18181818181813,OPTIMAL
77.27272727272727,66.66666666666667,234,600.0,0.0,600.0,0.0,OPTIMAL
77.27272727272727,68.68686868686869,234,600.0,0.0,618.1818181818182,-18.181818181818244,OPTIMAL
77.27272727272727,70.70707070707071,231,810.0,0.0,848.4848484848485,-38.4848484848485,OPTIMAL
77.27272727272727,72.72727272727273,231,810.0,0.0,872.7272727272727,-62.72727272727275,OPTIMAL
77.27272727272727,74.74747474747475,231,810.0,0.0,896.969696969697,-86.969696969697,OPTIMAL
77.27272727272727,76.76767676767678,231,810.0,0.0,921.2121212121212,-111.21212121212125,OPTIMAL
77.27272727272727,78.7878787878788,231,810.0,0.0,945.4545454545455,-135.4545454545455,OPTIMAL
74.24242424242424,181.81818181818184,202,4330.0,0.0,7454.545454545456,-3124.545454545456,OPTIMAL
74.24242424242424,183.83838383838386,202,4330.0,0.0,7537.373737373739,-3207.3737373737385,OPTIMAL
74.24242424242424,185.85858585858588,202,4330.0,0.0,7620.202020202021,-3290.2020202020212,OPTIMAL
74.24242424242424,187.8787878787879,202,4330.0,0.0,7703.030303030304,-3373.030303030304,OPTIMAL
74.24242424242424,189.89898989898992,202,4330.0,0.0,7785.858585858587,-3455.8585858585866,OPTIMAL
74.24242424242424,191.91919191919195,202,4330.0,0.0,7868.68686868687,-3538.68686868687,OPTIMAL
74.24242424242424,193.93939393939394,202,4330.0,0.0,7951.515151515151,-3621.515151515151,OPTIMAL
74.24242424242424,195.95959595959596,202,4330.0,0.0,8034.343434343435,-3704.3434343434346,OPTIMAL
74.24242424242424,197.97979797979798,202,4330.0,0.0,8117.171717171717,-3787.1717171717173,OPTIMAL
74.24242424242424,200.0,202,4330.0,0.0,8200.0,-3870.0,OPTIMAL
75.75757575757575,101.01010101010101,217,1980.0,0.0,2626.2626262626263,-646.2626262626263,OPTIMAL
75.75757575757575,103.03030303030303,217,1980.0,0.0,2678.787878787879,-698.787878787879,OPTIMAL
75.75757575757575,105.05050505050505,217,1980.0,0.0,2731.313131313131,-751.3131313131312,OPTIMAL
75.75757575757575,107.07070707070707,217,1980.0,0.0,2783.838383838384,-803.8383838383838,OPTIMAL
75.75757575757575,109.0909090909091,217,1980.0,0.0,2836.3636363636365,-856.3636363636365,OPTIMAL
75.75757575757575,111.11111111111111,212,2530.0,0.0,3444.4444444444443,-914.4444444444443,OPTIMAL
75.75757575757575,113.13131313131314,212,2530.0,0.0,3507.070707070707,-977.0707070707072,OPTIMAL
75.75757575757575,115.15151515151516,212,2530.0,0.0,3569.69696969697,-1039.69696969697,OPTIMAL
75.75757575757575,117.17171717171718,212,2530.0,0.0,3632.3232323232323,-1102.3232323232323,OPTIMAL
75.75757575757575,119.1919191919192,212,2530.0,0.0,3694.949494949495,-1164.9494949494951,OPTIMAL
74.24242424242424,161.61616161616163,212,2530.0,0.0,5010.101010101011,-2480.1010101010106,OPTIMAL
74.24242424242424,163.63636363636365,212,2530.0,0.0,5072.727272727273,-2542.727272727273,OPTIMAL
74.24242424242424,165.65656565656568,212,2530.0,0.0,5135.353535353536,-2605.3535353535362,OPTIMAL
74.24242424242424,167.6767676767677,212,2530.0,0.0,5197.979797979799,-2667.9797979797986,OPTIMAL
74.24242424242424,169.69696969696972,212,2530.0,0.0,5260.606060606061,-2730.606060606061,OPTIMAL
74.24242424242424,171.71717171717174,212,2530.0,0.0,5323.232323232324,-2793.2323232323242,OPTIMAL
74.24242424242424,173.73737373737376,212,2530.0,0.0,5385.858585858587,-2855.8585858585866,OPTIMAL
74.24242424242424,175.75757575757578,212,2530.0,0.0,5448.484848484849,-2918.484848484849,OPTIMAL
74.24242424242424,177.7777777777778,212,2530.0,0.0,5511.111111111112,-2981.111111111112,OPTIMAL
74.24242424242424,179.79797979797982,212,2530.0,0.0,5573.737373737375,-3043.7373737373746,OPTIMAL
75.75757575757575,141.41414141414143,212,2530.0,0.0,4383.838383838384,-1853.8383838383843,OPTIMAL
75.75757575757575,143.43434343434345,212,2530.0,0.0,4446.464646464647,-1916.4646464646466,OPTIMAL
75.75757575757575,145.45454545454547,212,2530.0,0.0,4509.09090909091,-1979.09090909091,OPTIMAL
75.75757575757575,147.4747474747475,212,2530.0,0.0,4571.717171717172,-2041.7171717171723,OPTIMAL
75.75757575757575,149.4949494949495,212,2530.0,0.0,4634.343434343435,-2104.3434343434346,OPTIMAL
75.75757575757575,151.51515151515153,212,2530.0,0.0,4696.969696969697,-2166.969696969697,OPTIMAL
75.75757575757575,153.53535353535355,212,2530.0,0.0,4759.59595959596,-2229.5959595959603,OPTIMAL
75.75757575757575,155.55555555555557,212,2530.0,0.0,4822.222222222223,-2292.2222222222226,OPTIMAL
75.75757575757575,157.5757575757576,212,2530.0,0.0,4884.848484848485,-2354.848484848485,OPTIMAL
75.75757575757575,159.5959595959596,212,2530.0,0.0,4947.474747474748,-2417.4747474747483,OPTIMAL
77.27272727272727,80.80808080808082,222,1530.0,0.0,1696.9696969696972,-166.96969696969722,OPTIMAL
77.27272727272727,82.82828282828284,222,1530.0,0.0,1739.3939393939395,-209.3939393939395,OPTIMAL
77.27272727272727,84.84848484848486,222,1530.0,0.0,1781.818181818182,-251.81818181818198,OPTIMAL
77.27272727272727,86.86868686868688,222,1530.0,0.0,1824.2424242424245,-294.2424242424245,OPTIMAL
77.27272727272727,88.8888888888889,222,1530.0,0.0,1866.666666666667,-336.66666666666697,OPTIMAL
77.27272727272727,90.90909090909092,217,1980.0,0.0,2363.636363636364,-383.63636363636397,OPTIMAL
77.27272727272727,92.92929292929294,217,1980.0,0.0,2416.1616161616166,-436.1616161616166,OPTIMAL
77.27272727272727,94.94949494949496,217,1980.0,0.0,2468.686868686869,-488.6868686868688,OPTIMAL
77.27272727272727,96.96969696969697,217,1980.0,0.0,2521.212121212121,-541.212121212121,OPTIMAL
77.27272727272727,98.98989898989899,217,1980.0,0.0,2573.7373737373737,-593.7373737373737,OPTIMAL
78.78787878787878,20.202020202020204,243,180.0,0.0,0.0,180.0,OPTIMAL
78.78787878787878,22.222222222222225,243,180.0,0.0,0.0,180.0,OPTIMAL
78.78787878787878,24.242424242424242,243,180.0,0.0,0.0,180.0,OPTIMAL
78.78787878787878,26.262626262626263,243,180.0,0.0,0.0,180.0,OPTIMAL
78.78787878787878,28.282828282828284,243,180.0,0.0,0.0,180.0,OPTIMAL
78.78787878787878,30.303030303030305,243,180.0,0.0,0.0,180.0,OPTIMAL
78.78787878787878,32.323232323232325,243,180.0,0.0,0.0,180.0,OPTIMAL
78.78787878787878,34.343434343434346,243,180.0,0.0,0.0,180.0,OPTIMAL
78.78787878787878,36.36363636363637,243,180.0,0.0,0.0,180.0,OPTIMAL
78.78787878787878,38.38383838383839,243,180.0,0.0,0.0,180.0,OPTIMAL
75.75757575757575,161.61616161616163,212,2530.0,0.0,5010.101010101011,-2480.1010101010106,OPTIMAL
75.75757575757575,163.63636363636365,212,2530.0,0.0,5072.727272727273,-2542.727272727273,OPTIMAL
75.75757575757575,165.65656565656568,212,2530.0,0.0,5135.353535353536,-2605.3535353535362,OPTIMAL
75.75757575757575,167.6767676767677,212,2530.0,0.0,5197.979797979799,-2667.9797979797986,OPTIMAL
75.75757575757575,169.69696969696972,212,2530.0,0.0,5260.606060606061,-2730.606060606061,OPTIMAL
75.75757575757575,171.71717171717174,212,2530.0,0.0,5323.232323232324,-2793.2323232323242,OPTIMAL
75.75757575757575,173.73737373737376,212,2530.0,0.0,5385.858585858587,-2855.8585858585866,OPTIMAL
75.75757575757575,175.75757575757578,212,2530.0,0.0,5448.484848484849,-2918.484848484849,OPTIMAL
75.75757575757575,177.7777777777778,212,2530.0,0.0,5511.111111111112,-2981.111111111112,OPTIMAL
75.75757575757575,179.79797979797982,212,2530.0,0.0,5573.737373737375,-3043.7373737373746,OPTIMAL
78.78787878787878,40.40404040404041,237,420.0,0.0,242.42424242424244,177.57575757575756,OPTIMAL
78.78787878787878,42.42424242424243,237,420.0,0.0,254.54545454545456,165.45454545454544,OPTIMAL
78.78787878787878,44.44444444444445,237,420.0,0.0,266.6666666666667,153.33333333333331,OPTIMAL
78.78787878787878,46.46464646464647,237,420.0,0.0,278.7878787878788,141.2121212121212,OPTIMAL
78.78787878787878,48.484848484848484,237,420.0,0.0,290.9090909090909,129.09090909090912,OPTIMAL
78.78787878787878,50.505050505050505,237,420.0,0.0,303.030303030303,116.969696969697,OPTIMAL
78.78787878787878,52.525252525252526,237,420.0,0.0,315.1515151515151,104.84848484848487,OPTIMAL
78.78787878787878,54.54545454545455,237,420.0,0.0,327.27272727272725,92.72727272727275,OPTIMAL
78.78787878787878,56.56565656565657,237,420.0,0.0,339.3939393939394,80.60606060606062,OPTIMAL
78.78787878787878,58.58585858585859,237,420.0,0.0,351.5151515151515,68.4848484848485,OPTIMAL
75.75757575757575,121.21212121212122,212,2530.0,0.0,3757.575757575758,-1227.575757575758,OPTIMAL
75.75757575757575,123.23232323232324,212,2530.0,0.0,3820.2020202020203,-1290.2020202020203,OPTIMAL
75.75757575757575,125.25252525252526,212,2530.0,0.0,3882.828282828283,-1352.8282828282831,OPTIMAL
75.75757575757575,127.27272727272728,212,2530.0,0.0,3945.4545454545455,-1415.4545454545455,OPTIMAL
75.75757575757575,129.2929292929293,212,2530.0,0.0,4008.0808080808083,-1478.0808080808083,OPTIMAL
75.75757575757575,131.31313131313132,212,2530.0,0.0,4070.707070707071,-1540.7070707070711,OPTIMAL
75.75757575757575,133.33333333333334,212,2530.0,0.0,4133.333333333334,-1603.333333333334,OPTIMAL
75.75757575757575,135.35353535353536,212,2530.0,0.0,4195.959595959596,-1665.9595959595963,OPTIMAL
75.75757575757575,137.37373737373738,212,2530.0,0.0,4258.585858585859,-1728.5858585858587,OPTIMAL
75.75757575757575,139.3939393939394,212,2530.0,0.0,4321.212121212122,-1791.212121212122,OPTIMAL
77.27272727272727,101.01010101010101,217,1980.0,0.0,2626.2626262626263,-646.2626262626263,OPTIMAL
77.27272727272727,103.03030303030303,217,1980.0,0.0,2678.787878787879,-698.787878787879,OPTIMAL
77.27272727272727,105.05050505050505,217,1980.0,0.0,2731.313131313131,-751.3131313131312,OPTIMAL
77.27272727272727,107.07070707070707,217,1980.0,0.0,2783.838383838384,-803.8383838383838,OPTIMAL
77.27272727272727,109.0909090909091,217,1980.0,0.0,2836.3636363636365,-856.3636363636365,OPTIMAL
77.27272727272727,111.11111111111111,212,2530.0,0.0,3444.4444444444443,-914.4444444444443,OPTIMAL
77.27272727272727,113.13131313131314,212,2530.0,0.0,3507.070707070707,-977.0707070707072,OPTIMAL
77.27272727272727,115.15151515151516,212,2530.0,0.0,3569.69696969697,-1039.69696969697,OPTIMAL
77.27272727272727,117.17171717171718,212,2530.0,0.0,3632.3232323232323,-1102.3232323232323,OPTIMAL
77.27272727272727,119.1919191919192,212,2530.0,0.0,3694.949494949495,-1164.9494949494951,OPTIMAL
78.78787878787878,60.60606060606061,234,600.0,0.0,545.4545454545455,54.545454545454504,OPTIMAL
78.78787878787878,62.62626262626263,234,600.0,0.0,563.6363636363636,36.363636363636374,OPTIMAL
78.78787878787878,64.64646464646465,234,600.0,0.0,581.8181818181819,18.18181818181813,OPTIMAL
78.78787878787878,66.66666666666667,234,600.0,0.0,600.0,0.0,OPTIMAL
78.78787878787878,68.68686868686869,234,600.0,0.0,618.1818181818182,-18.181818181818244,OPTIMAL
78.78787878787878,70.70707070707071,231,810.0,0.0,848.4848484848485,-38.4848484848485,OPTIMAL
78.78787878787878,72.72727272727273,231,810.0,0.0,872.7272727272727,-62.72727272727275,OPTIMAL
78.78787878787878,74.74747474747475,231,810.0,0.0,896.969696969697,-86.969696969697,OPTIMAL
78.78787878787878,76.76767676767678,231,810.0,0.0,921.2121212121212,-111.21212121212125,OPTIMAL
78.78787878787878,78.7878787878788,231,810.0,0.0,945.4545454545455,-135.4545454545455,OPTIMAL
80.3030303030303,0.0,243,180.0,0.0,0.0,180.0,OPTIMAL
80.3030303030303,2.0202020202020203,243,180.0,0.0,0.0,180.0,OPTIMAL
80.3030303030303,4.040404040404041,243,180.0,0.0,0.0,180.0,OPTIMAL
80.3030303030303,6.0606060606060606,243,180.0,0.0,0.0,180.0,OPTIMAL
80.3030303030303,8.080808080808081,243,180.0,0.0,0.0,180.0,OPTIMAL
80.3030303030303,10.101010101010102,243,180.0,0.0,0.0,180.0,OPTIMAL
80.3030303030303,12.121212121212121,243,180.0,0.0,0.0,180.0,OPTIMAL
80.3030303030303,14.141414141414142,243,180.0,0.0,0.0,180.0,OPTIMAL
80.3030303030303,16.161616161616163,243,180.0,0.0,0.0,180.0,OPTIMAL
80.3030303030303,18.181818181818183,243,180.0,0.0,0.0,180.0,OPTIMAL
75.75757575757575,181.81818181818184,202,4330.0,0.0,7454.545454545456,-3124.545454545456,OPTIMAL
75.75757575757575,183.83838383838386,202,4330.0,0.0,7537.373737373739,-3207.3737373737385,OPTIMAL
75.75757575757575,185.85858585858588,202,4330.0,0.0,7620.202020202021,-3290.2020202020212,OPTIMAL
75.75757575757575,187.8787878787879,202,4330.0,0.0,7703.030303030304,-3373.030303030304,OPTIMAL
75.75757575757575,189.89898989898992,202,4330.0,0.0,7785.858585858587,-3455.8585858585866,OPTIMAL
75.75757575757575,191.91919191919195,202,4330.0,0.0,7868.68686868687,-3538.68686868687,OPTIMAL
75.75757575757575,193.93939393939394,202,4330.0,0.0,7951.515151515151,-3621.515151515151,OPTIMAL
75.75757575757575,195.95959595959596,202,4330.0,0.0,8034.343434343435,-3704.3434343434346,OPTIMAL
75.75757575757575,197.97979797979798,202,4330.0,0.0,8117.171717171717,-3787.1717171717173,OPTIMAL
75.75757575757575,200.0,202,4330.0,0.0,8200.0,-3870.0,OPTIMAL
80.3030303030303,20.202020202020204,243,180.0,0.0,0.0,180.0,OPTIMAL
80.3030303030303,22.222222222222225,243,180.0,0.0,0.0,180.0,OPTIMAL
80.3030303030303,24.242424242424242,243,180.0,0.0,0.0,180.0,OPTIMAL
80.3030303030303,26.262626262626263,243,180.0,0.0,0.0,180.0,OPTIMAL
80.3030303030303,28.282828282828284,243,180.0,0.0,0.0,180.0,OPTIMAL
80.3030303030303,30.303030303030305,243,180.0,0.0,0.0,180.0,OPTIMAL
80.3030303030303,32.323232323232325,243,180.0,0.0,0.0,180.0,OPTIMAL
80.3030303030303,34.343434343434346,243,180.0,0.0,0.0,180.0,OPTIMAL
80.3030303030303,36.36363636363637,243,180.0,0.0,0.0,180.0,OPTIMAL
80.3030303030303,38.38383838383839,243,180.0,0.0,0.0,180.0,OPTIMAL
77.27272727272727,121.21212121212122,212,2530.0,0.0,3757.575757575758,-1227.575757575758,OPTIMAL
77.27272727272727,123.23232323232324,212,2530.0,0.0,3820.2020202020203,-1290.2020202020203,OPTIMAL
77.27272727272727,125.25252525252526,212,2530.0,0.0,3882.828282828283,-1352.8282828282831,OPTIMAL
77.27272727272727,127.27272727272728,212,2530.0,0.0,3945.4545454545455,-1415.4545454545455,OPTIMAL
77.27272727272727,129.2929292929293,212,2530.0,0.0,4008.0808080808083,-1478.0808080808083,OPTIMAL
77.27272727272727,131.31313131313132,212,2530.0,0.0,4070.707070707071,-1540.7070707070711,OPTIMAL
77.27272727272727,133.33333333333334,212,2530.0,0.0,4133.333333333334,-1603.333333333334,OPTIMAL
77.27272727272727,135.35353535353536,212,2530.0,0.0,4195.959595959596,-1665.9595959595963,OPTIMAL
77.27272727272727,137.37373737373738,212,2530.0,0.0,4258.585858585859,-1728.5858585858587,OPTIMAL
77.27272727272727,139.3939393939394,212,2530.0,0.0,4321.212121212122,-1791.212121212122,OPTIMAL
80.3030303030303,40.40404040404041,237,420.0,0.0,242.42424242424244,177.57575757575756,OPTIMAL
80.3030303030303,42.42424242424243,237,420.0,0.0,254.54545454545456,165.45454545454544,OPTIMAL
80.3030303030303,44.44444444444445,237,420.0,0.0,266.6666666666667,153.33333333333331,OPTIMAL
80.3030303030303,46.46464646464647,237,420.0,0.0,278.7878787878788,141.2121212121212,OPTIMAL
80.3030303030303,48.484848484848484,237,420.0,0.0,290.9090909090909,129.09090909090912,OPTIMAL
80.3030303030303,50.505050505050505,237,420.0,0.0,303.030303030303,116.969696969697,OPTIMAL
80.3030303030303,52.525252525252526,237,420.0,0.0,315.1515151515151,104.84848484848487,OPTIMAL
80.3030303030303,54.54545454545455,237,420.0,0.0,327.27272727272725,92.72727272727275,OPTIMAL
80.3030303030303,56.56565656565657,237,420.0,0.0,339.3939393939394,80.60606060606062,OPTIMAL
80.3030303030303,58.58585858585859,237,420.0,0.0,351.5151515151515,68.4848484848485,OPTIMAL
78.78787878787878,80.80808080808082,222,1530.0,0.0,1696.9696969696972,-166.96969696969722,OPTIMAL
78.78787878787878,82.82828282828284,222,1530.0,0.0,1739.3939393939395,-209.3939393939395,OPTIMAL
78.78787878787878,84.84848484848486,222,1530.0,0.0,1781.818181818182,-251.81818181818198,OPTIMAL
78.78787878787878,86.86868686868688,222,1530.0,0.0,1824.2424242424245,-294.2424242424245,OPTIMAL
78.78787878787878,88.8888888888889,222,1530.0,0.0,1866.666666666667,-336.66666666666697,OPTIMAL
78.78787878787878,90.90909090909092,217,1980.0,0.0,2363.636363636364,-383.63636363636397,OPTIMAL
78.78787878787878,92.92929292929294,217,1980.0,0.0,2416.1616161616166,-436.1616161616166,OPTIMAL
78.78787878787878,94.94949494949496,217,1980.0,0.0,2468.686868686869,-488.6868686868688,OPTIMAL
78.78787878787878,96.96969696969697,217,1980.0,0.0,2521.212121212121,-541.212121212121,OPTIMAL
78.78787878787878,98.98989898989899,217,1980.0,0.0,2573.7373737373737,-593.7373737373737,OPTIMAL
77.27272727272727,141.41414141414143,212,2530.0,0.0,4383.838383838384,-1853.8383838383843,OPTIMAL
77.27272727272727,143.43434343434345,212,2530.0,0.0,4446.464646464647,-1916.4646464646466,OPTIMAL
77.27272727272727,145.45454545454547,212,2530.0,0.0,4509.09090909091,-1979.09090909091,OPTIMAL
77.27272727272727,147.4747474747475,212,2530.0,0.0,4571.717171717172,-2041.7171717171723,OPTIMAL
77.27272727272727,149.4949494949495,212,2530.0,0.0,4634.343434343435,-2104.3434343434346,OPTIMAL
77.27272727272727,151.51515151515153,212,2530.0,0.0,4696.969696969697,-2166.969696969697,OPTIMAL
77.27272727272727,153.53535353535355,212,2530.0,0.0,4759.59595959596,-2229.5959595959603,OPTIMAL
77.27272727272727,155.55555555555557,212,2530.0,0.0,4822.222222222223,-2292.2222222222226,OPTIMAL
77.27272727272727,157.5757575757576,212,2530.0,0.0,4884.848484848485,-2354.848484848485,OPTIMAL
77.27272727272727,159.5959595959596,212,2530.0,0.0,4947.474747474748,-2417.4747474747483,OPTIMAL
80.3030303030303,60.60606060606061,234,600.0,0.0,545.4545454545455,54.545454545454504,OPTIMAL
80.3030303030303,62.62626262626263,234,600.0,0.0,563.6363636363636,36.363636363636374,OPTIMAL
80.3030303030303,64.64646464646465,234,600.0,0.0,581.8181818181819,18.18181818181813,OPTIMAL
80.3030303030303,66.66666666666667,234,600.0,0.0,600.0,0.0,OPTIMAL
80.3030303030303,68.68686868686869,234,600.0,0.0,618.1818181818182,-18.181818181818244,OPTIMAL
80.3030303030303,70.70707070707071,231,810.0,0.0,848.4848484848485,-38.4848484848485,OPTIMAL
80.3030303030303,72.72727272727273,231,810.0,0.0,872.7272727272727,-62.72727272727275,OPTIMAL
80.3030303030303,74.74747474747475,231,810.0,0.0,896.969696969697,-86.969696969697,OPTIMAL
80.3030303030303,76.76767676767678,231,810.0,0.0,921.2121212121212,-111.21212121212125,OPTIMAL
80.3030303030303,78.7878787878788,231,810.0,0.0,945.4545454545455,-135.4545454545455,OPTIMAL
77.27272727272727,161.61616161616163,212,2530.0,0.0,5010.101010101011,-2480.1010101010106,OPTIMAL
77.27272727272727,163.63636363636365,212,2530.0,0.0,5072.727272727273,-2542.727272727273,OPTIMAL
77.27272727272727,165.65656565656568,212,2530.0,0.0,5135.353535353536,-2605.3535353535362,OPTIMAL
77.27272727272727,167.6767676767677,212,2530.0,0.0,5197.979797979799,-2667.9797979797986,OPTIMAL
77.27272727272727,169.69696969696972,212,2530.0,0.0,5260.606060606061,-2730.606060606061,OPTIMAL
77.27272727272727,171.71717171717174,212,2530.0,0.0,5323.232323232324,-2793.2323232323242,OPTIMAL
77.27272727272727,173.73737373737376,212,2530.0,0.0,5385.858585858587,-2855.8585858585866,OPTIMAL
77.27272727272727,175.75757575757578,212,2530.0,0.0,5448.484848484849,-2918.484848484849,OPTIMAL
77.27272727272727,177.7777777777778,212,2530.0,0.0,5511.111111111112,-2981.111111111112,OPTIMAL
77.27272727272727,179.79797979797982,212,2530.0,0.0,5573.737373737375,-3043.7373737373746,OPTIMAL
81.81818181818181,0.0,243,180.0,0.0,0.0,180.0,OPTIMAL
81.81818181818181,2.0202020202020203,243,180.0,0.0,0.0,180.0,OPTIMAL
81.81818181818181,4.040404040404041,243,180.0,0.0,0.0,180.0,OPTIMAL
81.81818181818181,6.0606060606060606,243,180.0,0.0,0.0,180.0,OPTIMAL
81.81818181818181,8.080808080808081,243,180.0,0.0,0.0,180.0,OPTIMAL
81.81818181818181,10.101010101010102,243,180.0,0.0,0.0,180.0,OPTIMAL
81.81818181818181,12.121212121212121,243,180.0,0.0,0.0,180.0,OPTIMAL
81.81818181818181,14.141414141414142,243,180.0,0.0,0.0,180.0,OPTIMAL
81.81818181818181,16.161616161616163,243,180.0,0.0,0.0,180.0,OPTIMAL
81.81818181818181,18.181818181818183,243,180.0,0.0,0.0,180.0,OPTIMAL
77.27272727272727,181.81818181818184,202,4330.0,0.0,7454.545454545456,-3124.545454545456,OPTIMAL
77.27272727272727,183.83838383838386,202,4330.0,0.0,7537.373737373739,-3207.3737373737385,OPTIMAL
77.27272727272727,185.85858585858588,202,4330.0,0.0,7620.202020202021,-3290.2020202020212,OPTIMAL
77.27272727272727,187.8787878787879,202,4330.0,0.0,7703.030303030304,-3373.030303030304,OPTIMAL
77.27272727272727,189.89898989898992,202,4330.0,0.0,7785.858585858587,-3455.8585858585866,OPTIMAL
77.27272727272727,191.91919191919195,202,4330.0,0.0,7868.68686868687,-3538.68686868687,OPTIMAL
77.27272727272727,193.93939393939394,202,4330.0,0.0,7951.515151515151,-3621.515151515151,OPTIMAL
77.27272727272727,195.95959595959596,202,4330.0,0.0,8034.343434343435,-3704.3434343434346,OPTIMAL
77.27272727272727,197.97979797979798,202,4330.0,0.0,8117.171717171717,-3787.1717171717173,OPTIMAL
77.27272727272727,200.0,202,4330.0,0.0,8200.0,-3870.0,OPTIMAL
78.78787878787878,101.01010101010101,217,1980.0,0.0,2626.2626262626263,-646.2626262626263,OPTIMAL
78.78787878787878,103.03030303030303,217,1980.0,0.0,2678.787878787879,-698.787878787879,OPTIMAL
78.78787878787878,105.05050505050505,217,1980.0,0.0,2731.313131313131,-751.3131313131312,OPTIMAL
78.78787878787878,107.07070707070707,217,1980.0,0.0,2783.838383838384,-803.8383838383838,OPTIMAL
78.78787878787878,109.0909090909091,217,1980.0,0.0,2836.3636363636365,-856.3636363636365,OPTIMAL
78.78787878787878,111.11111111111111,212,2530.0,0.0,3444.4444444444443,-914.4444444444443,OPTIMAL
78.78787878787878,113.13131313131314,212,2530.0,0.0,3507.070707070707,-977.0707070707072,OPTIMAL
78.78787878787878,115.15151515151516,212,2530.0,0.0,3569.69696969697,-1039.69696969697,OPTIMAL
78.78787878787878,117.17171717171718,212,2530.0,0.0,3632.3232323232323,-1102.3232323232323,OPTIMAL
78.78787878787878,119.1919191919192,212,2530.0,0.0,3694.949494949495,-1164.9494949494951,OPTIMAL
78.78787878787878,121.21212121212122,212,2530.0,0.0,3757.575757575758,-1227.575757575758,OPTIMAL
78.78787878787878,123.23232323232324,212,2530.0,0.0,3820.2020202020203,-1290.2020202020203,OPTIMAL
78.78787878787878,125.25252525252526,212,2530.0,0.0,3882.828282828283,-1352.8282828282831,OPTIMAL
78.78787878787878,127.27272727272728,212,2530.0,0.0,3945.4545454545455,-1415.4545454545455,OPTIMAL
78.78787878787878,129.2929292929293,212,2530.0,0.0,4008.0808080808083,-1478.0808080808083,OPTIMAL
78.78787878787878,131.31313131313132,212,2530.0,0.0,4070.707070707071,-1540.7070707070711,OPTIMAL
78.78787878787878,133.33333333333334,212,2530.0,0.0,4133.333333333334,-1603.333333333334,OPTIMAL
78.78787878787878,135.35353535353536,212,2530.0,0.0,4195.959595959596,-1665.9595959595963,OPTIMAL
78.78787878787878,137.37373737373738,212,2530.0,0.0,4258.585858585859,-1728.5858585858587,OPTIMAL
78.78787878787878,139.3939393939394,212,2530.0,0.0,4321.212121212122,-1791.212121212122,OPTIMAL
81.81818181818181,20.202020202020204,243,180.0,0.0,0.0,180.0,OPTIMAL
81.81818181818181,22.222222222222225,243,180.0,0.0,0.0,180.0,OPTIMAL
81.81818181818181,24.242424242424242,243,180.0,0.0,0.0,180.0,OPTIMAL
81.81818181818181,26.262626262626263,243,180.0,0.0,0.0,180.0,OPTIMAL
81.81818181818181,28.282828282828284,243,180.0,0.0,0.0,180.0,OPTIMAL
81.81818181818181,30.303030303030305,243,180.0,0.0,0.0,180.0,OPTIMAL
81.81818181818181,32.323232323232325,243,180.0,0.0,0.0,180.0,OPTIMAL
81.81818181818181,34.343434343434346,243,180.0,0.0,0.0,180.0,OPTIMAL
81.81818181818181,36.36363636363637,243,180.0,0.0,0.0,180.0,OPTIMAL
81.81818181818181,38.38383838383839,243,180.0,0.0,0.0,180.0,OPTIMAL
78.78787878787878,161.61616161616163,212,2530.0,0.0,5010.101010101011,-2480.1010101010106,OPTIMAL
78.78787878787878,163.63636363636365,212,2530.0,0.0,5072.727272727273,-2542.727272727273,OPTIMAL
78.78787878787878,165.65656565656568,212,2530.0,0.0,5135.353535353536,-2605.3535353535362,OPTIMAL
78.78787878787878,167.6767676767677,212,2530.0,0.0,5197.979797979799,-2667.9797979797986,OPTIMAL
78.78787878787878,169.69696969696972,212,2530.0,0.0,5260.606060606061,-2730.606060606061,OPTIMAL
78.78787878787878,171.71717171717174,212,2530.0,0.0,5323.232323232324,-2793.2323232323242,OPTIMAL
78.78787878787878,173.73737373737376,212,2530.0,0.0,5385.858585858587,-2855.8585858585866,OPTIMAL
78.78787878787878,175.75757575757578,212,2530.0,0.0,5448.484848484849,-2918.484848484849,OPTIMAL
78.78787878787878,177.7777777777778,212,2530.0,0.0,5511.111111111112,-2981.111111111112,OPTIMAL
78.78787878787878,179.79797979797982,212,2530.0,0.0,5573.737373737375,-3043.7373737373746,OPTIMAL
81.81818181818181,40.40404040404041,237,420.0,0.0,242.42424242424244,177.57575757575756,OPTIMAL
81.81818181818181,42.42424242424243,237,420.0,0.0,254.54545454545456,165.45454545454544,OPTIMAL
81.81818181818181,44.44444444444445,237,420.0,0.0,266.6666666666667,153.33333333333331,OPTIMAL
81.81818181818181,46.46464646464647,237,420.0,0.0,278.7878787878788,141.2121212121212,OPTIMAL
81.81818181818181,48.484848484848484,237,420.0,0.0,290.9090909090909,129.09090909090912,OPTIMAL
81.81818181818181,50.505050505050505,237,420.0,0.0,303.030303030303,116.969696969697,OPTIMAL
81.81818181818181,52.525252525252526,237,420.0,0.0,315.1515151515151,104.84848484848487,OPTIMAL
81.81818181818181,54.54545454545455,237,420.0,0.0,327.27272727272725,92.72727272727275,OPTIMAL
81.81818181818181,56.56565656565657,237,420.0,0.0,339.3939393939394,80.60606060606062,OPTIMAL
81.81818181818181,58.58585858585859,237,420.0,0.0,351.5151515151515,68.4848484848485,OPTIMAL
80.3030303030303,80.80808080808082,222,1530.0,0.0,1696.9696969696972,-166.96969696969722,OPTIMAL
80.3030303030303,82.82828282828284,222,1530.0,0.0,1739.3939393939395,-209.3939393939395,OPTIMAL
80.3030303030303,84.84848484848486,222,1530.0,0.0,1781.818181818182,-251.81818181818198,OPTIMAL
80.3030303030303,86.86868686868688,222,1530.0,0.0,1824.2424242424245,-294.2424242424245,OPTIMAL
80.3030303030303,88.8888888888889,222,1530.0,0.0,1866.666666666667,-336.66666666666697,OPTIMAL
80.3030303030303,90.90909090909092,217,1980.0,0.0,2363.636363636364,-383.63636363636397,OPTIMAL
80.3030303030303,92.92929292929294,217,1980.0,0.0,2416.1616161616166,-436.1616161616166,OPTIMAL
80.3030303030303,94.94949494949496,217,1980.0,0.0,2468.686868686869,-488.6868686868688,OPTIMAL
80.3030303030303,96.96969696969697,217,1980.0,0.0,2521.212121212121,-541.212121212121,OPTIMAL
80.3030303030303,98.98989898989899,217,1980.0,0.0,2573.7373737373737,-593.7373737373737,OPTIMAL
81.81818181818181,60.60606060606061,234,600.0,0.0,545.4545454545455,54.545454545454504,OPTIMAL
81.81818181818181,62.62626262626263,234,600.0,0.0,563.6363636363636,36.363636363636374,OPTIMAL
81.81818181818181,64.64646464646465,234,600.0,0.0,581.8181818181819,18.18181818181813,OPTIMAL
81.81818181818181,66.66666666666667,234,600.0,0.0,600.0,0.0,OPTIMAL
81.81818181818181,68.68686868686869,234,600.0,0.0,618.1818181818182,-18.181818181818244,OPTIMAL
81.81818181818181,70.70707070707071,231,810.0,0.0,848.4848484848485,-38.4848484848485,OPTIMAL
81.81818181818181,72.72727272727273,231,810.0,0.0,872.7272727272727,-62.72727272727275,OPTIMAL
81.81818181818181,74.74747474747475,231,810.0,0.0,896.969696969697,-86.969696969697,OPTIMAL
81.81818181818181,76.76767676767678,231,810.0,0.0,921.2121212121212,-111.21212121212125,OPTIMAL
81.81818181818181,78.7878787878788,231,810.0,0.0,945.4545454545455,-135.4545454545455,OPTIMAL
80.3030303030303,101.01010101010101,217,1980.0,0.0,2626.2626262626263,-646.2626262626263,OPTIMAL
80.3030303030303,103.03030303030303,217,1980.0,0.0,2678.787878787879,-698.787878787879,OPTIMAL
80.3030303030303,105.05050505050505,217,1980.0,0.0,2731.313131313131,-751.3131313131312,OPTIMAL
80.3030303030303,107.07070707070707,217,1980.0,0.0,2783.838383838384,-803.8383838383838,OPTIMAL
80.3030303030303,109.0909090909091,217,1980.0,0.0,2836.3636363636365,-856.3636363636365,OPTIMAL
80.3030303030303,111.11111111111111,212,2530.0,0.0,3444.4444444444443,-914.4444444444443,OPTIMAL
80.3030303030303,113.13131313131314,212,2530.0,0.0,3507.070707070707,-977.0707070707072,OPTIMAL
80.3030303030303,115.15151515151516,212,2530.0,0.0,3569.69696969697,-1039.69696969697,OPTIMAL
80.3030303030303,117.17171717171718,212,2530.0,0.0,3632.3232323232323,-1102.3232323232323,OPTIMAL
80.3030303030303,119.1919191919192,212,2530.0,0.0,3694.949494949495,-1164.9494949494951,OPTIMAL
78.78787878787878,181.81818181818184,202,4330.0,0.0,7454.545454545456,-3124.545454545456,OPTIMAL
78.78787878787878,183.83838383838386,202,4330.0,0.0,7537.373737373739,-3207.3737373737385,OPTIMAL
78.78787878787878,185.85858585858588,202,4330.0,0.0,7620.202020202021,-3290.2020202020212,OPTIMAL
78.78787878787878,187.8787878787879,202,4330.0,0.0,7703.030303030304,-3373.030303030304,OPTIMAL
78.78787878787878,189.89898989898992,202,4330.0,0.0,7785.858585858587,-3455.8585858585866,OPTIMAL
78.78787878787878,191.91919191919195,202,4330.0,0.0,7868.68686868687,-3538.68686868687,OPTIMAL
78.78787878787878,193.93939393939394,202,4330.0,0.0,7951.515151515151,-3621.515151515151,OPTIMAL
78.78787878787878,195.95959595959596,202,4330.0,0.0,8034.343434343435,-3704.3434343434346,OPTIMAL
78.78787878787878,197.97979797979798,202,4330.0,0.0,8117.171717171717,-3787.1717171717173,OPTIMAL
78.78787878787878,200.0,202,4330.0,0.0,8200.0,-3870.0,OPTIMAL
78.78787878787878,141.41414141414143,212,2530.0,0.0,4383.838383838384,-1853.8383838383843,OPTIMAL
78.78787878787878,143.43434343434345,212,2530.0,0.0,4446.464646464647,-1916.4646464646466,OPTIMAL
78.78787878787878,145.45454545454547,212,2530.0,0.0,4509.09090909091,-1979.09090909091,OPTIMAL
78.78787878787878,147.4747474747475,212,2530.0,0.0,4571.717171717172,-2041.7171717171723,OPTIMAL
78.78787878787878,149.4949494949495,212,2530.0,0.0,4634.343434343435,-2104.3434343434346,OPTIMAL
78.78787878787878,151.51515151515153,212,2530.0,0.0,4696.969696969697,-2166.969696969697,OPTIMAL
78.78787878787878,153.53535353535355,212,2530.0,0.0,4759.59595959596,-2229.5959595959603,OPTIMAL
78.78787878787878,155.55555555555557,212,2530.0,0.0,4822.222222222223,-2292.2222222222226,OPTIMAL
78.78787878787878,157.5757575757576,212,2530.0,0.0,4884.848484848485,-2354.848484848485,OPTIMAL
78.78787878787878,159.5959595959596,212,2530.0,0.0,4947.474747474748,-2417.4747474747483,OPTIMAL
80.3030303030303,121.21212121212122,212,2530.0,0.0,3757.575757575758,-1227.575757575758,OPTIMAL
80.3030303030303,123.23232323232324,212,2530.0,0.0,3820.2020202020203,-1290.2020202020203,OPTIMAL
80.3030303030303,125.25252525252526,212,2530.0,0.0,3882.828282828283,-1352.8282828282831,OPTIMAL
80.3030303030303,127.27272727272728,212,2530.0,0.0,3945.4545454545455,-1415.4545454545455,OPTIMAL
80.3030303030303,129.2929292929293,212,2530.0,0.0,4008.0808080808083,-1478.0808080808083,OPTIMAL
80.3030303030303,131.31313131313132,212,2530.0,0.0,4070.707070707071,-1540.7070707070711,OPTIMAL
80.3030303030303,133.33333333333334,212,2530.0,0.0,4133.333333333334,-1603.333333333334,OPTIMAL
80.3030303030303,135.35353535353536,212,2530.0,0.0,4195.959595959596,-1665.9595959595963,OPTIMAL
80.3030303030303,137.37373737373738,212,2530.0,0.0,4258.585858585859,-1728.5858585858587,OPTIMAL
80.3030303030303,139.3939393939394,212,2530.0,0.0,4321.212121212122,-1791.212121212122,OPTIMAL
81.81818181818181,80.80808080808082,222,1530.0,0.0,1696.9696969696972,-166.96969696969722,OPTIMAL
81.81818181818181,82.82828282828284,222,1530.0,0.0,1739.3939393939395,-209.3939393939395,OPTIMAL
81.81818181818181,84.84848484848486,222,1530.0,0.0,1781.818181818182,-251.81818181818198,OPTIMAL
81.81818181818181,86.86868686868688,222,1530.0,0.0,1824.2424242424245,-294.2424242424245,OPTIMAL
81.81818181818181,88.8888888888889,222,1530.0,0.0,1866.666666666667,-336.66666666666697,OPTIMAL
81.81818181818181,90.90909090909092,217,1980.0,0.0,2363.636363636364,-383.63636363636397,OPTIMAL
81.81818181818181,92.92929292929294,217,1980.0,0.0,2416.1616161616166,-436.1616161616166,OPTIMAL
81.81818181818181,94.94949494949496,217,1980.0,0.0,2468.686868686869,-488.6868686868688,OPTIMAL
81.81818181818181,96.96969696969697,217,1980.0,0.0,2521.212121212121,-541.212121212121,OPTIMAL
81.81818181818181,98.98989898989899,217,1980.0,0.0,2573.7373737373737,-593.7373737373737,OPTIMAL
83.33333333333333,20.202020202020204,243,180.0,0.0,0.0,180.0,OPTIMAL
83.33333333333333,22.222222222222225,243,180.0,0.0,0.0,180.0,OPTIMAL
83.33333333333333,24.242424242424242,243,180.0,0.0,0.0,180.0,OPTIMAL
83.33333333333333,26.262626262626263,243,180.0,0.0,0.0,180.0,OPTIMAL
83.33333333333333,28.282828282828284,243,180.0,0.0,0.0,180.0,OPTIMAL
83.33333333333333,30.303030303030305,243,180.0,0.0,0.0,180.0,OPTIMAL
83.33333333333333,32.323232323232325,243,180.0,0.0,0.0,180.0,OPTIMAL
83.33333333333333,34.343434343434346,243,180.0,0.0,0.0,180.0,OPTIMAL
83.33333333333333,36.36363636363637,243,180.0,0.0,0.0,180.0,OPTIMAL
83.33333333333333,38.38383838383839,243,180.0,0.0,0.0,180.0,OPTIMAL
83.33333333333333,0.0,243,180.0,0.0,0.0,180.0,OPTIMAL
83.33333333333333,2.0202020202020203,243,180.0,0.0,0.0,180.0,OPTIMAL
83.33333333333333,4.040404040404041,243,180.0,0.0,0.0,180.0,OPTIMAL
83.33333333333333,6.0606060606060606,243,180.0,0.0,0.0,180.0,OPTIMAL
83.33333333333333,8.080808080808081,243,180.0,0.0,0.0,180.0,OPTIMAL
83.33333333333333,10.101010101010102,243,180.0,0.0,0.0,180.0,OPTIMAL
83.33333333333333,12.121212121212121,243,180.0,0.0,0.0,180.0,OPTIMAL
83.33333333333333,14.141414141414142,243,180.0,0.0,0.0,180.0,OPTIMAL
83.33333333333333,16.161616161616163,243,180.0,0.0,0.0,180.0,OPTIMAL
83.33333333333333,18.181818181818183,243,180.0,0.0,0.0,180.0,OPTIMAL
80.3030303030303,161.61616161616163,212,2530.0,0.0,5010.101010101011,-2480.1010101010106,OPTIMAL
80.3030303030303,163.63636363636365,212,2530.0,0.0,5072.727272727273,-2542.727272727273,OPTIMAL
80.3030303030303,165.65656565656568,212,2530.0,0.0,5135.353535353536,-2605.3535353535362,OPTIMAL
80.3030303030303,167.6767676767677,212,2530.0,0.0,5197.979797979799,-2667.9797979797986,OPTIMAL
80.3030303030303,169.69696969696972,212,2530.0,0.0,5260.606060606061,-2730.606060606061,OPTIMAL
80.3030303030303,171.71717171717174,212,2530.0,0.0,5323.232323232324,-2793.2323232323242,OPTIMAL
80.3030303030303,173.73737373737376,212,2530.0,0.0,5385.858585858587,-2855.8585858585866,OPTIMAL
80.3030303030303,175.75757575757578,212,2530.0,0.0,5448.484848484849,-2918.484848484849,OPTIMAL
80.3030303030303,177.7777777777778,212,2530.0,0.0,5511.111111111112,-2981.111111111112,OPTIMAL
80.3030303030303,179.79797979797982,212,2530.0,0.0,5573.737373737375,-3043.7373737373746,OPTIMAL
80.3030303030303,141.41414141414143,212,2530.0,0.0,4383.838383838384,-1853.8383838383843,OPTIMAL
80.3030303030303,143.43434343434345,212,2530.0,0.0,4446.464646464647,-1916.4646464646466,OPTIMAL
80.3030303030303,145.45454545454547,212,2530.0,0.0,4509.09090909091,-1979.09090909091,OPTIMAL
80.3030303030303,147.4747474747475,212,2530.0,0.0,4571.717171717172,-2041.7171717171723,OPTIMAL
80.3030303030303,149.4949494949495,212,2530.0,0.0,4634.343434343435,-2104.3434343434346,OPTIMAL
80.3030303030303,151.51515151515153,212,2530.0,0.0,4696.969696969697,-2166.969696969697,OPTIMAL
80.3030303030303,153.53535353535355,212,2530.0,0.0,4759.59595959596,-2229.5959595959603,OPTIMAL
80.3030303030303,155.55555555555557,212,2530.0,0.0,4822.222222222223,-2292.2222222222226,OPTIMAL
80.3030303030303,157.5757575757576,212,2530.0,0.0,4884.848484848485,-2354.848484848485,OPTIMAL
80.3030303030303,159.5959595959596,212,2530.0,0.0,4947.474747474748,-2417.4747474747483,OPTIMAL
83.33333333333333,40.40404040404041,237,420.0,0.0,242.42424242424244,177.57575757575756,OPTIMAL
83.33333333333333,42.42424242424243,237,420.0,0.0,254.54545454545456,165.45454545454544,OPTIMAL
83.33333333333333,44.44444444444445,237,420.0,0.0,266.6666666666667,153.33333333333331,OPTIMAL
83.33333333333333,46.46464646464647,237,420.0,0.0,278.7878787878788,141.2121212121212,OPTIMAL
83.33333333333333,48.484848484848484,237,420.0,0.0,290.9090909090909,129.09090909090912,OPTIMAL
83.33333333333333,50.505050505050505,237,420.0,0.0,303.030303030303,116.969696969697,OPTIMAL
83.33333333333333,52.525252525252526,237,420.0,0.0,315.1515151515151,104.84848484848487,OPTIMAL
83.33333333333333,54.54545454545455,237,420.0,0.0,327.27272727272725,92.72727272727275,OPTIMAL
83.33333333333333,56.56565656565657,237,420.0,0.0,339.3939393939394,80.60606060606062,OPTIMAL
83.33333333333333,58.58585858585859,237,420.0,0.0,351.5151515151515,68.4848484848485,OPTIMAL
84.84848484848484,0.0,243,180.0,0.0,0.0,180.0,OPTIMAL
84.84848484848484,2.0202020202020203,243,180.0,0.0,0.0,180.0,OPTIMAL
84.84848484848484,4.040404040404041,243,180.0,0.0,0.0,180.0,OPTIMAL
84.84848484848484,6.0606060606060606,243,180.0,0.0,0.0,180.0,OPTIMAL
84.84848484848484,8.080808080808081,243,180.0,0.0,0.0,180.0,OPTIMAL
84.84848484848484,10.101010101010102,243,180.0,0.0,0.0,180.0,OPTIMAL
84.84848484848484,12.121212121212121,243,180.0,0.0,0.0,180.0,OPTIMAL
84.84848484848484,14.141414141414142,243,180.0,0.0,0.0,180.0,OPTIMAL
84.84848484848484,16.161616161616163,243,180.0,0.0,0.0,180.0,OPTIMAL
84.84848484848484,18.181818181818183,243,180.0,0.0,0.0,180.0,OPTIMAL
83.33333333333333,60.60606060606061,234,600.0,0.0,545.4545454545455,54.545454545454504,OPTIMAL
83.33333333333333,62.62626262626263,234,600.0,0.0,563.6363636363636,36.363636363636374,OPTIMAL
83.33333333333333,64.64646464646465,234,600.0,0.0,581.8181818181819,18.18181818181813,OPTIMAL
83.33333333333333,66.66666666666667,234,600.0,0.0,600.0,0.0,OPTIMAL
83.33333333333333,68.68686868686869,234,600.0,0.0,618.1818181818182,-18.181818181818244,OPTIMAL
83.33333333333333,70.70707070707071,231,810.0,0.0,848.4848484848485,-38.4848484848485,OPTIMAL
83.33333333333333,72.72727272727273,231,810.0,0.0,872.7272727272727,-62.72727272727275,OPTIMAL
83.33333333333333,74.74747474747475,231,810.0,0.0,896.969696969697,-86.969696969697,OPTIMAL
83.33333333333333,76.76767676767678,231,810.0,0.0,921.2121212121212,-111.21212121212125,OPTIMAL
83.33333333333333,78.7878787878788,231,810.0,0.0,945.4545454545455,-135.4545454545455,OPTIMAL
81.81818181818181,121.21212121212122,212,2530.0,0.0,3757.575757575758,-1227.575757575758,OPTIMAL
81.81818181818181,123.23232323232324,212,2530.0,0.0,3820.2020202020203,-1290.2020202020203,OPTIMAL
81.81818181818181,125.25252525252526,212,2530.0,0.0,3882.828282828283,-1352.8282828282831,OPTIMAL
81.81818181818181,127.27272727272728,212,2530.0,0.0,3945.4545454545455,-1415.4545454545455,OPTIMAL
81.81818181818181,129.2929292929293,212,2530.0,0.0,4008.0808080808083,-1478.0808080808083,OPTIMAL
81.81818181818181,131.31313131313132,212,2530.0,0.0,4070.707070707071,-1540.7070707070711,OPTIMAL
81.81818181818181,133.33333333333334,212,2530.0,0.0,4133.333333333334,-1603.333333333334,OPTIMAL
81.81818181818181,135.35353535353536,212,2530.0,0.0,4195.959595959596,-1665.9595959595963,OPTIMAL
81.81818181818181,137.37373737373738,212,2530.0,0.0,4258.585858585859,-1728.5858585858587,OPTIMAL
81.81818181818181,139.3939393939394,212,2530.0,0.0,4321.212121212122,-1791.212121212122,OPTIMAL
84.84848484848484,20.202020202020204,243,180.0,0.0,0.0,180.0,OPTIMAL
84.84848484848484,22.222222222222225,243,180.0,0.0,0.0,180.0,OPTIMAL
84.84848484848484,24.242424242424242,243,180.0,0.0,0.0,180.0,OPTIMAL
84.84848484848484,26.262626262626263,243,180.0,0.0,0.0,180.0,OPTIMAL
84.84848484848484,28.282828282828284,243,180.0,0.0,0.0,180.0,OPTIMAL
84.84848484848484,30.303030303030305,243,180.0,0.0,0.0,180.0,OPTIMAL
84.84848484848484,32.323232323232325,243,180.0,0.0,0.0,180.0,OPTIMAL
84.84848484848484,34.343434343434346,243,180.0,0.0,0.0,180.0,OPTIMAL
84.84848484848484,36.36363636363637,243,180.0,0.0,0.0,180.0,OPTIMAL
84.84848484848484,38.38383838383839,243,180.0,0.0,0.0,180.0,OPTIMAL
81.81818181818181,101.01010101010101,217,1980.0,0.0,2626.2626262626263,-646.2626262626263,OPTIMAL
81.81818181818181,103.03030303030303,217,1980.0,0.0,2678.787878787879,-698.787878787879,OPTIMAL
81.81818181818181,105.05050505050505,217,1980.0,0.0,2731.313131313131,-751.3131313131312,OPTIMAL
81.81818181818181,107.07070707070707,217,1980.0,0.0,2783.838383838384,-803.8383838383838,OPTIMAL
81.81818181818181,109.0909090909091,217,1980.0,0.0,2836.3636363636365,-856.3636363636365,OPTIMAL
81.81818181818181,111.11111111111111,212,2530.0,0.0,3444.4444444444443,-914.4444444444443,OPTIMAL
81.81818181818181,113.13131313131314,212,2530.0,0.0,3507.070707070707,-977.0707070707072,OPTIMAL
81.81818181818181,115.15151515151516,212,2530.0,0.0,3569.69696969697,-1039.69696969697,OPTIMAL
81.81818181818181,117.17171717171718,212,2530.0,0.0,3632.3232323232323,-1102.3232323232323,OPTIMAL
81.81818181818181,119.1919191919192,212,2530.0,0.0,3694.949494949495,-1164.9494949494951,OPTIMAL
80.3030303030303,181.81818181818184,202,4330.0,0.0,7454.545454545456,-3124.545454545456,OPTIMAL
80.3030303030303,183.83838383838386,202,4330.0,0.0,7537.373737373739,-3207.3737373737385,OPTIMAL
80.3030303030303,185.85858585858588,202,4330.0,0.0,7620.202020202021,-3290.2020202020212,OPTIMAL
80.3030303030303,187.8787878787879,202,4330.0,0.0,7703.030303030304,-3373.030303030304,OPTIMAL
80.3030303030303,189.89898989898992,202,4330.0,0.0,7785.858585858587,-3455.8585858585866,OPTIMAL
80.3030303030303,191.91919191919195,202,4330.0,0.0,7868.68686868687,-3538.68686868687,OPTIMAL
80.3030303030303,193.93939393939394,202,4330.0,0.0,7951.515151515151,-3621.515151515151,OPTIMAL
80.3030303030303,195.95959595959596,202,4330.0,0.0,8034.343434343435,-3704.3434343434346,OPTIMAL
80.3030303030303,197.97979797979798,202,4330.0,0.0,8117.171717171717,-3787.1717171717173,OPTIMAL
80.3030303030303,200.0,202,4330.0,0.0,8200.0,-3870.0,OPTIMAL
83.33333333333333,80.80808080808082,222,1530.0,0.0,1696.9696969696972,-166.96969696969722,OPTIMAL
83.33333333333333,82.82828282828284,222,1530.0,0.0,1739.3939393939395,-209.3939393939395,OPTIMAL
83.33333333333333,84.84848484848486,222,1530.0,0.0,1781.818181818182,-251.81818181818198,OPTIMAL
83.33333333333333,86.86868686868688,222,1530.0,0.0,1824.2424242424245,-294.2424242424245,OPTIMAL
83.33333333333333,88.8888888888889,222,1530.0,0.0,1866.666666666667,-336.66666666666697,OPTIMAL
83.33333333333333,90.90909090909092,217,1980.0,0.0,2363.636363636364,-383.63636363636397,OPTIMAL
83.33333333333333,92.92929292929294,217,1980.0,0.0,2416.1616161616166,-436.1616161616166,OPTIMAL
83.33333333333333,94.94949494949496,217,1980.0,0.0,2468.686868686869,-488.6868686868688,OPTIMAL
83.33333333333333,96.96969696969697,217,1980.0,0.0,2521.212121212121,-541.212121212121,OPTIMAL
83.33333333333333,98.98989898989899,217,1980.0,0.0,2573.7373737373737,-593.7373737373737,OPTIMAL
81.81818181818181,141.41414141414143,212,2530.0,0.0,4383.838383838384,-1853.8383838383843,OPTIMAL
81.81818181818181,143.43434343434345,212,2530.0,0.0,4446.464646464647,-1916.4646464646466,OPTIMAL
81.81818181818181,145.45454545454547,212,2530.0,0.0,4509.09090909091,-1979.09090909091,OPTIMAL
81.81818181818181,147.4747474747475,212,2530.0,0.0,4571.717171717172,-2041.7171717171723,OPTIMAL
81.81818181818181,149.4949494949495,212,2530.0,0.0,4634.343434343435,-2104.3434343434346,OPTIMAL
81.81818181818181,151.51515151515153,212,2530.0,0.0,4696.969696969697,-2166.969696969697,OPTIMAL
81.81818181818181,153.53535353535355,212,2530.0,0.0,4759.59595959596,-2229.5959595959603,OPTIMAL
81.81818181818181,155.55555555555557,212,2530.0,0.0,4822.222222222223,-2292.2222222222226,OPTIMAL
81.81818181818181,157.5757575757576,212,2530.0,0.0,4884.848484848485,-2354.848484848485,OPTIMAL
81.81818181818181,159.5959595959596,212,2530.0,0.0,4947.474747474748,-2417.4747474747483,OPTIMAL
84.84848484848484,40.40404040404041,237,420.0,0.0,242.42424242424244,177.57575757575756,OPTIMAL
84.84848484848484,42.42424242424243,237,420.0,0.0,254.54545454545456,165.45454545454544,OPTIMAL
84.84848484848484,44.44444444444445,237,420.0,0.0,266.6666666666667,153.33333333333331,OPTIMAL
84.84848484848484,46.46464646464647,237,420.0,0.0,278.7878787878788,141.2121212121212,OPTIMAL
84.84848484848484,48.484848484848484,237,420.0,0.0,290.9090909090909,129.09090909090912,OPTIMAL
84.84848484848484,50.505050505050505,237,420.0,0.0,303.030303030303,116.969696969697,OPTIMAL
84.84848484848484,52.525252525252526,237,420.0,0.0,315.1515151515151,104.84848484848487,OPTIMAL
84.84848484848484,54.54545454545455,237,420.0,0.0,327.27272727272725,92.72727272727275,OPTIMAL
84.84848484848484,56.56565656565657,237,420.0,0.0,339.3939393939394,80.60606060606062,OPTIMAL
84.84848484848484,58.58585858585859,237,420.0,0.0,351.5151515151515,68.4848484848485,OPTIMAL
83.33333333333333,101.01010101010101,217,1980.0,0.0,2626.2626262626263,-646.2626262626263,OPTIMAL
83.33333333333333,103.03030303030303,217,1980.0,0.0,2678.787878787879,-698.787878787879,OPTIMAL
83.33333333333333,105.05050505050505,217,1980.0,0.0,2731.313131313131,-751.3131313131312,OPTIMAL
83.33333333333333,107.07070707070707,217,1980.0,0.0,2783.838383838384,-803.8383838383838,OPTIMAL
83.33333333333333,109.0909090909091,217,1980.0,0.0,2836.3636363636365,-856.3636363636365,OPTIMAL
83.33333333333333,111.11111111111111,212,2530.0,0.0,3444.4444444444443,-914.4444444444443,OPTIMAL
83.33333333333333,113.13131313131314,212,2530.0,0.0,3507.070707070707,-977.0707070707072,OPTIMAL
83.33333333333333,115.15151515151516,212,2530.0,0.0,3569.69696969697,-1039.69696969697,OPTIMAL
83.33333333333333,117.17171717171718,212,2530.0,0.0,3632.3232323232323,-1102.3232323232323,OPTIMAL
83.33333333333333,119.1919191919192,212,2530.0,0.0,3694.949494949495,-1164.9494949494951,OPTIMAL
84.84848484848484,60.60606060606061,234,600.0,0.0,545.4545454545455,54.545454545454504,OPTIMAL
84.84848484848484,62.62626262626263,234,600.0,0.0,563.6363636363636,36.363636363636374,OPTIMAL
84.84848484848484,64.64646464646465,234,600.0,0.0,581.8181818181819,18.18181818181813,OPTIMAL
84.84848484848484,66.66666666666667,234,600.0,0.0,600.0,0.0,OPTIMAL
84.84848484848484,68.68686868686869,234,600.0,0.0,618.1818181818182,-18.181818181818244,OPTIMAL
84.84848484848484,70.70707070707071,231,810.0,0.0,848.4848484848485,-38.4848484848485,OPTIMAL
84.84848484848484,72.72727272727273,231,810.0,0.0,872.7272727272727,-62.72727272727275,OPTIMAL
84.84848484848484,74.74747474747475,231,810.0,0.0,896.969696969697,-86.969696969697,OPTIMAL
84.84848484848484,76.76767676767678,231,810.0,0.0,921.2121212121212,-111.21212121212125,OPTIMAL
84.84848484848484,78.7878787878788,231,810.0,0.0,945.4545454545455,-135.4545454545455,OPTIMAL
86.36363636363636,0.0,243,180.0,0.0,0.0,180.0,OPTIMAL
86.36363636363636,2.0202020202020203,243,180.0,0.0,0.0,180.0,OPTIMAL
86.36363636363636,4.040404040404041,243,180.0,0.0,0.0,180.0,OPTIMAL
86.36363636363636,6.0606060606060606,243,180.0,0.0,0.0,180.0,OPTIMAL
86.36363636363636,8.080808080808081,243,180.0,0.0,0.0,180.0,OPTIMAL
86.36363636363636,10.101010101010102,243,180.0,0.0,0.0,180.0,OPTIMAL
86.36363636363636,12.121212121212121,243,180.0,0.0,0.0,180.0,OPTIMAL
86.36363636363636,14.141414141414142,243,180.0,0.0,0.0,180.0,OPTIMAL
86.36363636363636,16.161616161616163,243,180.0,0.0,0.0,180.0,OPTIMAL
86.36363636363636,18.181818181818183,243,180.0,0.0,0.0,180.0,OPTIMAL
81.81818181818181,161.61616161616163,212,2530.0,0.0,5010.101010101011,-2480.1010101010106,OPTIMAL
81.81818181818181,163.63636363636365,212,2530.0,0.0,5072.727272727273,-2542.727272727273,OPTIMAL
81.81818181818181,165.65656565656568,212,2530.0,0.0,5135.353535353536,-2605.3535353535362,OPTIMAL
81.81818181818181,167.6767676767677,212,2530.0,0.0,5197.979797979799,-2667.9797979797986,OPTIMAL
81.81818181818181,169.69696969696972,212,2530.0,0.0,5260.606060606061,-2730.606060606061,OPTIMAL
81.81818181818181,171.71717171717174,212,2530.0,0.0,5323.232323232324,-2793.2323232323242,OPTIMAL
81.81818181818181,173.73737373737376,212,2530.0,0.0,5385.858585858587,-2855.8585858585866,OPTIMAL
81.81818181818181,175.75757575757578,212,2530.0,0.0,5448.484848484849,-2918.484848484849,OPTIMAL
81.81818181818181,177.7777777777778,212,2530.0,0.0,5511.111111111112,-2981.111111111112,OPTIMAL
81.81818181818181,179.79797979797982,212,2530.0,0.0,5573.737373737375,-3043.7373737373746,OPTIMAL
86.36363636363636,20.202020202020204,243,180.0,0.0,0.0,180.0,OPTIMAL
86.36363636363636,22.222222222222225,243,180.0,0.0,0.0,180.0,OPTIMAL
86.36363636363636,24.242424242424242,243,180.0,0.0,0.0,180.0,OPTIMAL
86.36363636363636,26.262626262626263,243,180.0,0.0,0.0,180.0,OPTIMAL
86.36363636363636,28.282828282828284,243,180.0,0.0,0.0,180.0,OPTIMAL
86.36363636363636,30.303030303030305,243,180.0,0.0,0.0,180.0,OPTIMAL
86.36363636363636,32.323232323232325,243,180.0,0.0,0.0,180.0,OPTIMAL
86.36363636363636,34.343434343434346,243,180.0,0.0,0.0,180.0,OPTIMAL
86.36363636363636,36.36363636363637,243,180.0,0.0,0.0,180.0,OPTIMAL
86.36363636363636,38.38383838383839,243,180.0,0.0,0.0,180.0,OPTIMAL
81.81818181818181,181.81818181818184,202,4330.0,0.0,7454.545454545456,-3124.545454545456,OPTIMAL
81.81818181818181,183.83838383838386,202,4330.0,0.0,7537.373737373739,-3207.3737373737385,OPTIMAL
81.81818181818181,185.85858585858588,202,4330.0,0.0,7620.202020202021,-3290.2020202020212,OPTIMAL
81.81818181818181,187.8787878787879,202,4330.0,0.0,7703.030303030304,-3373.030303030304,OPTIMAL
81.81818181818181,189.89898989898992,202,4330.0,0.0,7785.858585858587,-3455.8585858585866,OPTIMAL
81.81818181818181,191.91919191919195,202,4330.0,0.0,7868.68686868687,-3538.68686868687,OPTIMAL
81.81818181818181,193.93939393939394,202,4330.0,0.0,7951.515151515151,-3621.515151515151,OPTIMAL
81.81818181818181,195.95959595959596,202,4330.0,0.0,8034.343434343435,-3704.3434343434346,OPTIMAL
81.81818181818181,197.97979797979798,202,4330.0,0.0,8117.171717171717,-3787.1717171717173,OPTIMAL
81.81818181818181,200.0,202,4330.0,0.0,8200.0,-3870.0,OPTIMAL
83.33333333333333,121.21212121212122,212,2530.0,0.0,3757.575757575758,-1227.575757575758,OPTIMAL
83.33333333333333,123.23232323232324,212,2530.0,0.0,3820.2020202020203,-1290.2020202020203,OPTIMAL
83.33333333333333,125.25252525252526,212,2530.0,0.0,3882.828282828283,-1352.8282828282831,OPTIMAL
83.33333333333333,127.27272727272728,212,2530.0,0.0,3945.4545454545455,-1415.4545454545455,OPTIMAL
83.33333333333333,129.2929292929293,212,2530.0,0.0,4008.0808080808083,-1478.0808080808083,OPTIMAL
83.33333333333333,131.31313131313132,212,2530.0,0.0,4070.707070707071,-1540.7070707070711,OPTIMAL
83.33333333333333,133.33333333333334,212,2530.0,0.0,4133.333333333334,-1603.333333333334,OPTIMAL
83.33333333333333,135.35353535353536,212,2530.0,0.0,4195.959595959596,-1665.9595959595963,OPTIMAL
83.33333333333333,137.37373737373738,212,2530.0,0.0,4258.585858585859,-1728.5858585858587,OPTIMAL
83.33333333333333,139.3939393939394,212,2530.0,0.0,4321.212121212122,-1791.212121212122,OPTIMAL
84.84848484848484,80.80808080808082,222,1530.0,0.0,1696.9696969696972,-166.96969696969722,OPTIMAL
84.84848484848484,82.82828282828284,222,1530.0,0.0,1739.3939393939395,-209.3939393939395,OPTIMAL
84.84848484848484,84.84848484848486,222,1530.0,0.0,1781.818181818182,-251.81818181818198,OPTIMAL
84.84848484848484,86.86868686868688,222,1530.0,0.0,1824.2424242424245,-294.2424242424245,OPTIMAL
84.84848484848484,88.8888888888889,222,1530.0,0.0,1866.666666666667,-336.66666666666697,OPTIMAL
84.84848484848484,90.90909090909092,217,1980.0,0.0,2363.636363636364,-383.63636363636397,OPTIMAL
84.84848484848484,92.92929292929294,217,1980.0,0.0,2416.1616161616166,-436.1616161616166,OPTIMAL
84.84848484848484,94.94949494949496,217,1980.0,0.0,2468.686868686869,-488.6868686868688,OPTIMAL
84.84848484848484,96.96969696969697,217,1980.0,0.0,2521.212121212121,-541.212121212121,OPTIMAL
84.84848484848484,98.98989898989899,217,1980.0,0.0,2573.7373737373737,-593.7373737373737,OPTIMAL
86.36363636363636,40.40404040404041,237,420.0,0.0,242.42424242424244,177.57575757575756,OPTIMAL
86.36363636363636,42.42424242424243,237,420.0,0.0,254.54545454545456,165.45454545454544,OPTIMAL
86.36363636363636,44.44444444444445,237,420.0,0.0,266.6666666666667,153.33333333333331,OPTIMAL
86.36363636363636,46.46464646464647,237,420.0,0.0,278.7878787878788,141.2121212121212,OPTIMAL
86.36363636363636,48.484848484848484,237,420.0,0.0,290.9090909090909,129.09090909090912,OPTIMAL
86.36363636363636,50.505050505050505,237,420.0,0.0,303.030303030303,116.969696969697,OPTIMAL
86.36363636363636,52.525252525252526,237,420.0,0.0,315.1515151515151,104.84848484848487,OPTIMAL
86.36363636363636,54.54545454545455,237,420.0,0.0,327.27272727272725,92.72727272727275,OPTIMAL
86.36363636363636,56.56565656565657,237,420.0,0.0,339.3939393939394,80.60606060606062,OPTIMAL
86.36363636363636,58.58585858585859,237,420.0,0.0,351.5151515151515,68.4848484848485,OPTIMAL
83.33333333333333,141.41414141414143,212,2530.0,0.0,4383.838383838384,-1853.8383838383843,OPTIMAL
83.33333333333333,143.43434343434345,212,2530.0,0.0,4446.464646464647,-1916.4646464646466,OPTIMAL
83.33333333333333,145.45454545454547,212,2530.0,0.0,4509.09090909091,-1979.09090909091,OPTIMAL
83.33333333333333,147.4747474747475,212,2530.0,0.0,4571.717171717172,-2041.7171717171723,OPTIMAL
83.33333333333333,149.4949494949495,212,2530.0,0.0,4634.343434343435,-2104.3434343434346,OPTIMAL
83.33333333333333,151.51515151515153,212,2530.0,0.0,4696.969696969697,-2166.969696969697,OPTIMAL
83.33333333333333,153.53535353535355,212,2530.0,0.0,4759.59595959596,-2229.5959595959603,OPTIMAL
83.33333333333333,155.55555555555557,212,2530.0,0.0,4822.222222222223,-2292.2222222222226,OPTIMAL
83.33333333333333,157.5757575757576,212,2530.0,0.0,4884.848484848485,-2354.848484848485,OPTIMAL
83.33333333333333,159.5959595959596,212,2530.0,0.0,4947.474747474748,-2417.4747474747483,OPTIMAL
83.33333333333333,181.81818181818184,202,4330.0,0.0,7454.545454545456,-3124.545454545456,OPTIMAL
83.33333333333333,183.83838383838386,202,4330.0,0.0,7537.373737373739,-3207.3737373737385,OPTIMAL
83.33333333333333,185.85858585858588,202,4330.0,0.0,7620.202020202021,-3290.2020202020212,OPTIMAL
83.33333333333333,187.8787878787879,202,4330.0,0.0,7703.030303030304,-3373.030303030304,OPTIMAL
83.33333333333333,189.89898989898992,202,4330.0,0.0,7785.858585858587,-3455.8585858585866,OPTIMAL
83.33333333333333,191.91919191919195,202,4330.0,0.0,7868.68686868687,-3538.68686868687,OPTIMAL
83.33333333333333,193.93939393939394,202,4330.0,0.0,7951.515151515151,-3621.515151515151,OPTIMAL
83.33333333333333,195.95959595959596,202,4330.0,0.0,8034.343434343435,-3704.3434343434346,OPTIMAL
83.33333333333333,197.97979797979798,202,4330.0,0.0,8117.171717171717,-3787.1717171717173,OPTIMAL
83.33333333333333,200.0,202,4330.0,0.0,8200.0,-3870.0,OPTIMAL
86.36363636363636,60.60606060606061,234,600.0,0.0,545.4545454545455,54.545454545454504,OPTIMAL
86.36363636363636,62.62626262626263,234,600.0,0.0,563.6363636363636,36.363636363636374,OPTIMAL
86.36363636363636,64.64646464646465,234,600.0,0.0,581.8181818181819,18.18181818181813,OPTIMAL
86.36363636363636,66.66666666666667,234,600.0,0.0,600.0,0.0,OPTIMAL
86.36363636363636,68.68686868686869,234,600.0,0.0,618.1818181818182,-18.181818181818244,OPTIMAL
86.36363636363636,70.70707070707071,231,810.0,0.0,848.4848484848485,-38.4848484848485,OPTIMAL
86.36363636363636,72.72727272727273,231,810.0,0.0,872.7272727272727,-62.72727272727275,OPTIMAL
86.36363636363636,74.74747474747475,231,810.0,0.0,896.969696969697,-86.969696969697,OPTIMAL
86.36363636363636,76.76767676767678,231,810.0,0.0,921.2121212121212,-111.21212121212125,OPTIMAL
86.36363636363636,78.7878787878788,231,810.0,0.0,945.4545454545455,-135.4545454545455,OPTIMAL
83.33333333333333,161.61616161616163,212,2530.0,0.0,5010.101010101011,-2480.1010101010106,OPTIMAL
83.33333333333333,163.63636363636365,212,2530.0,0.0,5072.727272727273,-2542.727272727273,OPTIMAL
83.33333333333333,165.65656565656568,212,2530.0,0.0,5135.353535353536,-2605.3535353535362,OPTIMAL
83.33333333333333,167.6767676767677,212,2530.0,0.0,5197.979797979799,-2667.9797979797986,OPTIMAL
83.33333333333333,169.69696969696972,212,2530.0,0.0,5260.606060606061,-2730.606060606061,OPTIMAL
83.33333333333333,171.71717171717174,212,2530.0,0.0,5323.232323232324,-2793.2323232323242,OPTIMAL
83.33333333333333,173.73737373737376,212,2530.0,0.0,5385.858585858587,-2855.8585858585866,OPTIMAL
83.33333333333333,175.75757575757578,212,2530.0,0.0,5448.484848484849,-2918.484848484849,OPTIMAL
83.33333333333333,177.7777777777778,212,2530.0,0.0,5511.111111111112,-2981.111111111112,OPTIMAL
83.33333333333333,179.79797979797982,212,2530.0,0.0,5573.737373737375,-3043.7373737373746,OPTIMAL
87.87878787878788,0.0,243,180.0,0.0,0.0,180.0,OPTIMAL
87.87878787878788,2.0202020202020203,243,180.0,0.0,0.0,180.0,OPTIMAL
87.87878787878788,4.040404040404041,243,180.0,0.0,0.0,180.0,OPTIMAL
87.87878787878788,6.0606060606060606,243,180.0,0.0,0.0,180.0,OPTIMAL
87.87878787878788,8.080808080808081,243,180.0,0.0,0.0,180.0,OPTIMAL
87.87878787878788,10.101010101010102,243,180.0,0.0,0.0,180.0,OPTIMAL
87.87878787878788,12.121212121212121,243,180.0,0.0,0.0,180.0,OPTIMAL
87.87878787878788,14.141414141414142,243,180.0,0.0,0.0,180.0,OPTIMAL
87.87878787878788,16.161616161616163,243,180.0,0.0,0.0,180.0,OPTIMAL
87.87878787878788,18.181818181818183,243,180.0,0.0,0.0,180.0,OPTIMAL
84.84848484848484,101.01010101010101,217,1980.0,0.0,2626.2626262626263,-646.2626262626263,OPTIMAL
84.84848484848484,103.03030303030303,217,1980.0,0.0,2678.787878787879,-698.787878787879,OPTIMAL
84.84848484848484,105.05050505050505,217,1980.0,0.0,2731.313131313131,-751.3131313131312,OPTIMAL
84.84848484848484,107.07070707070707,217,1980.0,0.0,2783.838383838384,-803.8383838383838,OPTIMAL
84.84848484848484,109.0909090909091,217,1980.0,0.0,2836.3636363636365,-856.3636363636365,OPTIMAL
84.84848484848484,111.11111111111111,212,2530.0,0.0,3444.4444444444443,-914.4444444444443,OPTIMAL
84.84848484848484,113.13131313131314,212,2530.0,0.0,3507.070707070707,-977.0707070707072,OPTIMAL
84.84848484848484,115.15151515151516,212,2530.0,0.0,3569.69696969697,-1039.69696969697,OPTIMAL
84.84848484848484,117.17171717171718,212,2530.0,0.0,3632.3232323232323,-1102.3232323232323,OPTIMAL
84.84848484848484,119.1919191919192,212,2530.0,0.0,3694.949494949495,-1164.9494949494951,OPTIMAL
87.87878787878788,20.202020202020204,243,180.0,0.0,0.0,180.0,OPTIMAL
87.87878787878788,22.222222222222225,243,180.0,0.0,0.0,180.0,OPTIMAL
87.87878787878788,24.242424242424242,243,180.0,0.0,0.0,180.0,OPTIMAL
87.87878787878788,26.262626262626263,243,180.0,0.0,0.0,180.0,OPTIMAL
87.87878787878788,28.282828282828284,243,180.0,0.0,0.0,180.0,OPTIMAL
87.87878787878788,30.303030303030305,243,180.0,0.0,0.0,180.0,OPTIMAL
87.87878787878788,32.323232323232325,243,180.0,0.0,0.0,180.0,OPTIMAL
87.87878787878788,34.343434343434346,243,180.0,0.0,0.0,180.0,OPTIMAL
87.87878787878788,36.36363636363637,243,180.0,0.0,0.0,180.0,OPTIMAL
87.87878787878788,38.38383838383839,243,180.0,0.0,0.0,180.0,OPTIMAL
87.87878787878788,40.40404040404041,237,420.0,0.0,242.42424242424244,177.57575757575756,OPTIMAL
87.87878787878788,42.42424242424243,237,420.0,0.0,254.54545454545456,165.45454545454544,OPTIMAL
87.87878787878788,44.44444444444445,237,420.0,0.0,266.6666666666667,153.33333333333331,OPTIMAL
87.87878787878788,46.46464646464647,237,420.0,0.0,278.7878787878788,141.2121212121212,OPTIMAL
87.87878787878788,48.484848484848484,237,420.0,0.0,290.9090909090909,129.09090909090912,OPTIMAL
87.87878787878788,50.505050505050505,237,420.0,0.0,303.030303030303,116.969696969697,OPTIMAL
87.87878787878788,52.525252525252526,237,420.0,0.0,315.1515151515151,104.84848484848487,OPTIMAL
87.87878787878788,54.54545454545455,237,420.0,0.0,327.27272727272725,92.72727272727275,OPTIMAL
87.87878787878788,56.56565656565657,237,420.0,0.0,339.3939393939394,80.60606060606062,OPTIMAL
87.87878787878788,58.58585858585859,237,420.0,0.0,351.5151515151515,68.4848484848485,OPTIMAL
86.36363636363636,80.80808080808082,222,1530.0,0.0,1696.9696969696972,-166.96969696969722,OPTIMAL
86.36363636363636,82.82828282828284,222,1530.0,0.0,1739.3939393939395,-209.3939393939395,OPTIMAL
86.36363636363636,84.84848484848486,222,1530.0,0.0,1781.818181818182,-251.81818181818198,OPTIMAL
86.36363636363636,86.86868686868688,222,1530.0,0.0,1824.2424242424245,-294.2424242424245,OPTIMAL
86.36363636363636,88.8888888888889,222,1530.0,0.0,1866.666666666667,-336.66666666666697,OPTIMAL
86.36363636363636,90.90909090909092,217,1980.0,0.0,2363.636363636364,-383.63636363636397,OPTIMAL
86.36363636363636,92.92929292929294,217,1980.0,0.0,2416.1616161616166,-436.1616161616166,OPTIMAL
86.36363636363636,94.94949494949496,217,1980.0,0.0,2468.686868686869,-488.6868686868688,OPTIMAL
86.36363636363636,96.96969696969697,217,1980.0,0.0,2521.212121212121,-541.212121212121,OPTIMAL
86.36363636363636,98.98989898989899,217,1980.0,0.0,2573.7373737373737,-593.7373737373737,OPTIMAL
84.84848484848484,121.21212121212122,212,2530.0,0.0,3757.575757575758,-1227.575757575758,OPTIMAL
84.84848484848484,123.23232323232324,212,2530.0,0.0,3820.2020202020203,-1290.2020202020203,OPTIMAL
84.84848484848484,125.25252525252526,212,2530.0,0.0,3882.828282828283,-1352.8282828282831,OPTIMAL
84.84848484848484,127.27272727272728,212,2530.0,0.0,3945.4545454545455,-1415.4545454545455,OPTIMAL
84.84848484848484,129.2929292929293,212,2530.0,0.0,4008.0808080808083,-1478.0808080808083,OPTIMAL
84.84848484848484,131.31313131313132,212,2530.0,0.0,4070.707070707071,-1540.7070707070711,OPTIMAL
84.84848484848484,133.33333333333334,212,2530.0,0.0,4133.333333333334,-1603.333333333334,OPTIMAL
84.84848484848484,135.35353535353536,212,2530.0,0.0,4195.959595959596,-1665.9595959595963,OPTIMAL
84.84848484848484,137.37373737373738,212,2530.0,0.0,4258.585858585859,-1728.5858585858587,OPTIMAL
84.84848484848484,139.3939393939394,212,2530.0,0.0,4321.212121212122,-1791.212121212122,OPTIMAL
84.84848484848484,141.41414141414143,212,2530.0,0.0,4383.838383838384,-1853.8383838383843,OPTIMAL
84.84848484848484,143.43434343434345,212,2530.0,0.0,4446.464646464647,-1916.4646464646466,OPTIMAL
84.84848484848484,145.45454545454547,212,2530.0,0.0,4509.09090909091,-1979.09090909091,OPTIMAL
84.84848484848484,147.4747474747475,212,2530.0,0.0,4571.717171717172,-2041.7171717171723,OPTIMAL
84.84848484848484,149.4949494949495,212,2530.0,0.0,4634.343434343435,-2104.3434343434346,OPTIMAL
84.84848484848484,151.51515151515153,212,2530.0,0.0,4696.969696969697,-2166.969696969697,OPTIMAL
84.84848484848484,153.53535353535355,212,2530.0,0.0,4759.59595959596,-2229.5959595959603,OPTIMAL
84.84848484848484,155.55555555555557,212,2530.0,0.0,4822.222222222223,-2292.2222222222226,OPTIMAL
84.84848484848484,157.5757575757576,212,2530.0,0.0,4884.848484848485,-2354.848484848485,OPTIMAL
84.84848484848484,159.5959595959596,212,2530.0,0.0,4947.474747474748,-2417.4747474747483,OPTIMAL
84.84848484848484,161.61616161616163,212,2530.0,0.0,5010.101010101011,-2480.1010101010106,OPTIMAL
84.84848484848484,163.63636363636365,212,2530.0,0.0,5072.727272727273,-2542.727272727273,OPTIMAL
84.84848484848484,165.65656565656568,212,2530.0,0.0,5135.353535353536,-2605.3535353535362,OPTIMAL
84.84848484848484,167.6767676767677,212,2530.0,0.0,5197.979797979799,-2667.9797979797986,OPTIMAL
84.84848484848484,169.69696969696972,212,2530.0,0.0,5260.606060606061,-2730.606060606061,OPTIMAL
84.84848484848484,171.71717171717174,212,2530.0,0.0,5323.232323232324,-2793.2323232323242,OPTIMAL
84.84848484848484,173.73737373737376,212,2530.0,0.0,5385.858585858587,-2855.8585858585866,OPTIMAL
84.84848484848484,175.75757575757578,212,2530.0,0.0,5448.484848484849,-2918.484848484849,OPTIMAL
84.84848484848484,177.7777777777778,212,2530.0,0.0,5511.111111111112,-2981.111111111112,OPTIMAL
84.84848484848484,179.79797979797982,212,2530.0,0.0,5573.737373737375,-3043.7373737373746,OPTIMAL
87.87878787878788,60.60606060606061,234,600.0,0.0,545.4545454545455,54.545454545454504,OPTIMAL
87.87878787878788,62.62626262626263,234,600.0,0.0,563.6363636363636,36.363636363636374,OPTIMAL
87.87878787878788,64.64646464646465,234,600.0,0.0,581.8181818181819,18.18181818181813,OPTIMAL
87.87878787878788,66.66666666666667,234,600.0,0.0,600.0,0.0,OPTIMAL
87.87878787878788,68.68686868686869,234,600.0,0.0,618.1818181818182,-18.181818181818244,OPTIMAL
87.87878787878788,70.70707070707071,231,810.0,0.0,848.4848484848485,-38.4848484848485,OPTIMAL
87.87878787878788,72.72727272727273,231,810.0,0.0,872.7272727272727,-62.72727272727275,OPTIMAL
87.87878787878788,74.74747474747475,231,810.0,0.0,896.969696969697,-86.969696969697,OPTIMAL
87.87878787878788,76.76767676767678,231,810.0,0.0,921.2121212121212,-111.21212121212125,OPTIMAL
87.87878787878788,78.7878787878788,231,810.0,0.0,945.4545454545455,-135.4545454545455,OPTIMAL
86.36363636363636,101.01010101010101,217,1980.0,0.0,2626.2626262626263,-646.2626262626263,OPTIMAL
86.36363636363636,103.03030303030303,217,1980.0,0.0,2678.787878787879,-698.787878787879,OPTIMAL
86.36363636363636,105.05050505050505,217,1980.0,0.0,2731.313131313131,-751.3131313131312,OPTIMAL
86.36363636363636,107.07070707070707,217,1980.0,0.0,2783.838383838384,-803.8383838383838,OPTIMAL
86.36363636363636,109.0909090909091,217,1980.0,0.0,2836.3636363636365,-856.3636363636365,OPTIMAL
86.36363636363636,111.11111111111111,212,2530.0,0.0,3444.4444444444443,-914.4444444444443,OPTIMAL
86.36363636363636,113.13131313131314,212,2530.0,0.0,3507.070707070707,-977.0707070707072,OPTIMAL
86.36363636363636,115.15151515151516,212,2530.0,0.0,3569.69696969697,-1039.69696969697,OPTIMAL
86.36363636363636,117.17171717171718,212,2530.0,0.0,3632.3232323232323,-1102.3232323232323,OPTIMAL
86.36363636363636,119.1919191919192,212,2530.0,0.0,3694.949494949495,-1164.9494949494951,OPTIMAL
84.84848484848484,181.81818181818184,202,4330.0,0.0,7454.545454545456,-3124.545454545456,OPTIMAL
84.84848484848484,183.83838383838386,202,4330.0,0.0,7537.373737373739,-3207.3737373737385,OPTIMAL
84.84848484848484,185.85858585858588,202,4330.0,0.0,7620.202020202021,-3290.2020202020212,OPTIMAL
84.84848484848484,187.8787878787879,202,4330.0,0.0,7703.030303030304,-3373.030303030304,OPTIMAL
84.84848484848484,189.89898989898992,202,4330.0,0.0,7785.858585858587,-3455.8585858585866,OPTIMAL
84.84848484848484,191.91919191919195,202,4330.0,0.0,7868.68686868687,-3538.68686868687,OPTIMAL
84.84848484848484,193.93939393939394,202,4330.0,0.0,7951.515151515151,-3621.515151515151,OPTIMAL
84.84848484848484,195.95959595959596,202,4330.0,0.0,8034.343434343435,-3704.3434343434346,OPTIMAL
84.84848484848484,197.97979797979798,202,4330.0,0.0,8117.171717171717,-3787.1717171717173,OPTIMAL
84.84848484848484,200.0,202,4330.0,0.0,8200.0,-3870.0,OPTIMAL
89.39393939393939,0.0,243,180.0,0.0,0.0,180.0,OPTIMAL
89.39393939393939,2.0202020202020203,243,180.0,0.0,0.0,180.0,OPTIMAL
89.39393939393939,4.040404040404041,243,180.0,0.0,0.0,180.0,OPTIMAL
89.39393939393939,6.0606060606060606,243,180.0,0.0,0.0,180.0,OPTIMAL
89.39393939393939,8.080808080808081,243,180.0,0.0,0.0,180.0,OPTIMAL
89.39393939393939,10.101010101010102,243,180.0,0.0,0.0,180.0,OPTIMAL
89.39393939393939,12.121212121212121,243,180.0,0.0,0.0,180.0,OPTIMAL
89.39393939393939,14.141414141414142,243,180.0,0.0,0.0,180.0,OPTIMAL
89.39393939393939,16.161616161616163,243,180.0,0.0,0.0,180.0,OPTIMAL
89.39393939393939,18.181818181818183,243,180.0,0.0,0.0,180.0,OPTIMAL
86.36363636363636,121.21212121212122,212,2530.0,0.0,3757.575757575758,-1227.575757575758,OPTIMAL
86.36363636363636,123.23232323232324,212,2530.0,0.0,3820.2020202020203,-1290.2020202020203,OPTIMAL
86.36363636363636,125.25252525252526,212,2530.0,0.0,3882.828282828283,-1352.8282828282831,OPTIMAL
86.36363636363636,127.27272727272728,212,2530.0,0.0,3945.4545454545455,-1415.4545454545455,OPTIMAL
86.36363636363636,129.2929292929293,212,2530.0,0.0,4008.0808080808083,-1478.0808080808083,OPTIMAL
86.36363636363636,131.31313131313132,212,2530.0,0.0,4070.707070707071,-1540.7070707070711,OPTIMAL
86.36363636363636,133.33333333333334,212,2530.0,0.0,4133.333333333334,-1603.333333333334,OPTIMAL
86.36363636363636,135.35353535353536,212,2530.0,0.0,4195.959595959596,-1665.9595959595963,OPTIMAL
86.36363636363636,137.37373737373738,212,2530.0,0.0,4258.585858585859,-1728.5858585858587,OPTIMAL
86.36363636363636,139.3939393939394,212,2530.0,0.0,4321.212121212122,-1791.212121212122,OPTIMAL
89.39393939393939,20.202020202020204,243,180.0,0.0,0.0,180.0,OPTIMAL
89.39393939393939,22.222222222222225,243,180.0,0.0,0.0,180.0,OPTIMAL
89.39393939393939,24.242424242424242,243,180.0,0.0,0.0,180.0,OPTIMAL
89.39393939393939,26.262626262626263,243,180.0,0.0,0.0,180.0,OPTIMAL
89.39393939393939,28.282828282828284,243,180.0,0.0,0.0,180.0,OPTIMAL
89.39393939393939,30.303030303030305,243,180.0,0.0,0.0,180.0,OPTIMAL
89.39393939393939,32.323232323232325,243,180.0,0.0,0.0,180.0,OPTIMAL
89.39393939393939,34.343434343434346,243,180.0,0.0,0.0,180.0,OPTIMAL
89.39393939393939,36.36363636363637,243,180.0,0.0,0.0,180.0,OPTIMAL
89.39393939393939,38.38383838383839,243,180.0,0.0,0.0,180.0,OPTIMAL
86.36363636363636,161.61616161616163,212,2530.0,0.0,5010.101010101011,-2480.1010101010106,OPTIMAL
86.36363636363636,163.63636363636365,212,2530.0,0.0,5072.727272727273,-2542.727272727273,OPTIMAL
86.36363636363636,165.65656565656568,212,2530.0,0.0,5135.353535353536,-2605.3535353535362,OPTIMAL
86.36363636363636,167.6767676767677,212,2530.0,0.0,5197.979797979799,-2667.9797979797986,OPTIMAL
86.36363636363636,169.69696969696972,212,2530.0,0.0,5260.606060606061,-2730.606060606061,OPTIMAL
86.36363636363636,171.71717171717174,212,2530.0,0.0,5323.232323232324,-2793.2323232323242,OPTIMAL
86.36363636363636,173.73737373737376,212,2530.0,0.0,5385.858585858587,-2855.8585858585866,OPTIMAL
86.36363636363636,175.75757575757578,212,2530.0,0.0,5448.484848484849,-2918.484848484849,OPTIMAL
86.36363636363636,177.7777777777778,212,2530.0,0.0,5511.111111111112,-2981.111111111112,OPTIMAL
86.36363636363636,179.79797979797982,212,2530.0,0.0,5573.737373737375,-3043.7373737373746,OPTIMAL
87.87878787878788,80.80808080808082,222,1530.0,0.0,1696.9696969696972,-166.96969696969722,OPTIMAL
87.87878787878788,82.82828282828284,222,1530.0,0.0,1739.3939393939395,-209.3939393939395,OPTIMAL
87.87878787878788,84.84848484848486,222,1530.0,0.0,1781.818181818182,-251.81818181818198,OPTIMAL
87.87878787878788,86.86868686868688,222,1530.0,0.0,1824.2424242424245,-294.2424242424245,OPTIMAL
87.87878787878788,88.8888888888889,222,1530.0,0.0,1866.666666666667,-336.66666666666697,OPTIMAL
87.87878787878788,90.90909090909092,217,1980.0,0.0,2363.636363636364,-383.63636363636397,OPTIMAL
87.87878787878788,92.92929292929294,217,1980.0,0.0,2416.1616161616166,-436.1616161616166,OPTIMAL
87.87878787878788,94.94949494949496,217,1980.0,0.0,2468.686868686869,-488.6868686868688,OPTIMAL
87.87878787878788,96.96969696969697,217,1980.0,0.0,2521.212121212121,-541.212121212121,OPTIMAL
87.87878787878788,98.98989898989899,217,1980.0,0.0,2573.7373737373737,-593.7373737373737,OPTIMAL
89.39393939393939,40.40404040404041,237,420.0,0.0,242.42424242424244,177.57575757575756,OPTIMAL
89.39393939393939,42.42424242424243,237,420.0,0.0,254.54545454545456,165.45454545454544,OPTIMAL
89.39393939393939,44.44444444444445,237,420.0,0.0,266.6666666666667,153.33333333333331,OPTIMAL
89.39393939393939,46.46464646464647,237,420.0,0.0,278.7878787878788,141.2121212121212,OPTIMAL
89.39393939393939,48.484848484848484,237,420.0,0.0,290.9090909090909,129.09090909090912,OPTIMAL
89.39393939393939,50.505050505050505,237,420.0,0.0,303.030303030303,116.969696969697,OPTIMAL
89.39393939393939,52.525252525252526,237,420.0,0.0,315.1515151515151,104.84848484848487,OPTIMAL
89.39393939393939,54.54545454545455,237,420.0,0.0,327.27272727272725,92.72727272727275,OPTIMAL
89.39393939393939,56.56565656565657,237,420.0,0.0,339.3939393939394,80.60606060606062,OPTIMAL
89.39393939393939,58.58585858585859,237,420.0,0.0,351.5151515151515,68.4848484848485,OPTIMAL
86.36363636363636,181.81818181818184,202,4330.0,0.0,7454.545454545456,-3124.545454545456,OPTIMAL
86.36363636363636,183.83838383838386,202,4330.0,0.0,7537.373737373739,-3207.3737373737385,OPTIMAL
86.36363636363636,185.85858585858588,202,4330.0,0.0,7620.202020202021,-3290.2020202020212,OPTIMAL
86.36363636363636,187.8787878787879,202,4330.0,0.0,7703.030303030304,-3373.030303030304,OPTIMAL
86.36363636363636,189.89898989898992,202,4330.0,0.0,7785.858585858587,-3455.8585858585866,OPTIMAL
86.36363636363636,191.91919191919195,202,4330.0,0.0,7868.68686868687,-3538.68686868687,OPTIMAL
86.36363636363636,193.93939393939394,202,4330.0,0.0,7951.515151515151,-3621.515151515151,OPTIMAL
86.36363636363636,195.95959595959596,202,4330.0,0.0,8034.343434343435,-3704.3434343434346,OPTIMAL
86.36363636363636,197.97979797979798,202,4330.0,0.0,8117.171717171717,-3787.1717171717173,OPTIMAL
86.36363636363636,200.0,202,4330.0,0.0,8200.0,-3870.0,OPTIMAL
87.87878787878788,101.01010101010101,217,1980.0,0.0,2626.2626262626263,-646.2626262626263,OPTIMAL
87.87878787878788,103.03030303030303,217,1980.0,0.0,2678.787878787879,-698.787878787879,OPTIMAL
87.87878787878788,105.05050505050505,217,1980.0,0.0,2731.313131313131,-751.3131313131312,OPTIMAL
87.87878787878788,107.07070707070707,217,1980.0,0.0,2783.838383838384,-803.8383838383838,OPTIMAL
87.87878787878788,109.0909090909091,217,1980.0,0.0,2836.3636363636365,-856.3636363636365,OPTIMAL
87.87878787878788,111.11111111111111,212,2530.0,0.0,3444.4444444444443,-914.4444444444443,OPTIMAL
87.87878787878788,113.13131313131314,212,2530.0,0.0,3507.070707070707,-977.0707070707072,OPTIMAL
87.87878787878788,115.15151515151516,212,2530.0,0.0,3569.69696969697,-1039.69696969697,OPTIMAL
87.87878787878788,117.17171717171718,212,2530.0,0.0,3632.3232323232323,-1102.3232323232323,OPTIMAL
87.87878787878788,119.1919191919192,212,2530.0,0.0,3694.949494949495,-1164.9494949494951,OPTIMAL
89.39393939393939,60.60606060606061,234,600.0,0.0,545.4545454545455,54.545454545454504,OPTIMAL
89.39393939393939,62.62626262626263,234,600.0,0.0,563.6363636363636,36.363636363636374,OPTIMAL
89.39393939393939,64.64646464646465,234,600.0,0.0,581.8181818181819,18.18181818181813,OPTIMAL
89.39393939393939,66.66666666666667,234,600.0,0.0,600.0,0.0,OPTIMAL
89.39393939393939,68.68686868686869,234,600.0,0.0,618.1818181818182,-18.181818181818244,OPTIMAL
89.39393939393939,70.70707070707071,231,810.0,0.0,848.4848484848485,-38.4848484848485,OPTIMAL
89.39393939393939,72.72727272727273,231,810.0,0.0,872.7272727272727,-62.72727272727275,OPTIMAL
89.39393939393939,74.74747474747475,231,810.0,0.0,896.969696969697,-86.969696969697,OPTIMAL
89.39393939393939,76.76767676767678,231,810.0,0.0,921.2121212121212,-111.21212121212125,OPTIMAL
89.39393939393939,78.7878787878788,231,810.0,0.0,945.4545454545455,-135.4545454545455,OPTIMAL
90.9090909090909,0.0,243,180.0,0.0,0.0,180.0,OPTIMAL
90.9090909090909,2.0202020202020203,243,180.0,0.0,0.0,180.0,OPTIMAL
90.9090909090909,4.040404040404041,243,180.0,0.0,0.0,180.0,OPTIMAL
90.9090909090909,6.0606060606060606,243,180.0,0.0,0.0,180.0,OPTIMAL
90.9090909090909,8.080808080808081,243,180.0,0.0,0.0,180.0,OPTIMAL
90.9090909090909,10.101010101010102,243,180.0,0.0,0.0,180.0,OPTIMAL
90.9090909090909,12.121212121212121,243,180.0,0.0,0.0,180.0,OPTIMAL
90.9090909090909,14.141414141414142,243,180.0,0.0,0.0,180.0,OPTIMAL
90.9090909090909,16.161616161616163,243,180.0,0.0,0.0,180.0,OPTIMAL
90.9090909090909,18.181818181818183,243,180.0,0.0,0.0,180.0,OPTIMAL
89.39393939393939,80.80808080808082,222,1530.0,0.0,1696.9696969696972,-166.96969696969722,OPTIMAL
89.39393939393939,82.82828282828284,222,1530.0,0.0,1739.3939393939395,-209.3939393939395,OPTIMAL
89.39393939393939,84.84848484848486,222,1530.0,0.0,1781.818181818182,-251.81818181818198,OPTIMAL
89.39393939393939,86.86868686868688,222,1530.0,0.0,1824.2424242424245,-294.2424242424245,OPTIMAL
89.39393939393939,88.8888888888889,222,1530.0,0.0,1866.666666666667,-336.66666666666697,OPTIMAL
89.39393939393939,90.90909090909092,217,1980.0,0.0,2363.636363636364,-383.63636363636397,OPTIMAL
89.39393939393939,92.92929292929294,217,1980.0,0.0,2416.1616161616166,-436.1616161616166,OPTIMAL
89.39393939393939,94.94949494949496,217,1980.0,0.0,2468.686868686869,-488.6868686868688,OPTIMAL
89.39393939393939,96.96969696969697,217,1980.0,0.0,2521.212121212121,-541.212121212121,OPTIMAL
89.39393939393939,98.98989898989899,217,1980.0,0.0,2573.7373737373737,-593.7373737373737,OPTIMAL
90.9090909090909,20.202020202020204,243,180.0,0.0,0.0,180.0,OPTIMAL
90.9090909090909,22.222222222222225,243,180.0,0.0,0.0,180.0,OPTIMAL
90.9090909090909,24.242424242424242,243,180.0,0.0,0.0,180.0,OPTIMAL
90.9090909090909,26.262626262626263,243,180.0,0.0,0.0,180.0,OPTIMAL
90.9090909090909,28.282828282828284,243,180.0,0.0,0.0,180.0,OPTIMAL
90.9090909090909,30.303030303030305,243,180.0,0.0,0.0,180.0,OPTIMAL
90.9090909090909,32.323232323232325,243,180.0,0.0,0.0,180.0,OPTIMAL
90.9090909090909,34.343434343434346,243,180.0,0.0,0.0,180.0,OPTIMAL
90.9090909090909,36.36363636363637,243,180.0,0.0,0.0,180.0,OPTIMAL
90.9090909090909,38.38383838383839,243,180.0,0.0,0.0,180.0,OPTIMAL
86.36363636363636,141.41414141414143,212,2530.0,0.0,4383.838383838384,-1853.8383838383843,OPTIMAL
86.36363636363636,143.43434343434345,212,2530.0,0.0,4446.464646464647,-1916.4646464646466,OPTIMAL
86.36363636363636,145.45454545454547,212,2530.0,0.0,4509.09090909091,-1979.09090909091,OPTIMAL
86.36363636363636,147.4747474747475,212,2530.0,0.0,4571.717171717172,-2041.7171717171723,OPTIMAL
86.36363636363636,149.4949494949495,212,2530.0,0.0,4634.343434343435,-2104.3434343434346,OPTIMAL
86.36363636363636,151.51515151515153,212,2530.0,0.0,4696.969696969697,-2166.969696969697,OPTIMAL
86.36363636363636,153.53535353535355,212,2530.0,0.0,4759.59595959596,-2229.5959595959603,OPTIMAL
86.36363636363636,155.55555555555557,212,2530.0,0.0,4822.222222222223,-2292.2222222222226,OPTIMAL
86.36363636363636,157.5757575757576,212,2530.0,0.0,4884.848484848485,-2354.848484848485,OPTIMAL
86.36363636363636,159.5959595959596,212,2530.0,0.0,4947.474747474748,-2417.4747474747483,OPTIMAL
90.9090909090909,40.40404040404041,237,420.0,0.0,242.42424242424244,177.57575757575756,OPTIMAL
90.9090909090909,42.42424242424243,237,420.0,0.0,254.54545454545456,165.45454545454544,OPTIMAL
90.9090909090909,44.44444444444445,237,420.0,0.0,266.6666666666667,153.33333333333331,OPTIMAL
90.9090909090909,46.46464646464647,237,420.0,0.0,278.7878787878788,141.2121212121212,OPTIMAL
90.9090909090909,48.484848484848484,237,420.0,0.0,290.9090909090909,129.09090909090912,OPTIMAL
90.9090909090909,50.505050505050505,237,420.0,0.0,303.030303030303,116.969696969697,OPTIMAL
90.9090909090909,52.525252525252526,237,420.0,0.0,315.1515151515151,104.84848484848487,OPTIMAL
90.9090909090909,54.54545454545455,237,420.0,0.0,327.27272727272725,92.72727272727275,OPTIMAL
90.9090909090909,56.56565656565657,237,420.0,0.0,339.3939393939394,80.60606060606062,OPTIMAL
90.9090909090909,58.58585858585859,237,420.0,0.0,351.5151515151515,68.4848484848485,OPTIMAL
90.9090909090909,60.60606060606061,234,600.0,0.0,545.4545454545455,54.545454545454504,OPTIMAL
90.9090909090909,62.62626262626263,234,600.0,0.0,563.6363636363636,36.363636363636374,OPTIMAL
90.9090909090909,64.64646464646465,234,600.0,0.0,581.8181818181819,18.18181818181813,OPTIMAL
90.9090909090909,66.66666666666667,234,600.0,0.0,600.0,0.0,OPTIMAL
90.9090909090909,68.68686868686869,234,600.0,0.0,618.1818181818182,-18.181818181818244,OPTIMAL
90.9090909090909,70.70707070707071,231,810.0,0.0,848.4848484848485,-38.4848484848485,OPTIMAL
90.9090909090909,72.72727272727273,231,810.0,0.0,872.7272727272727,-62.72727272727275,OPTIMAL
90.9090909090909,74.74747474747475,231,810.0,0.0,896.969696969697,-86.969696969697,OPTIMAL
90.9090909090909,76.76767676767678,231,810.0,0.0,921.2121212121212,-111.21212121212125,OPTIMAL
90.9090909090909,78.7878787878788,231,810.0,0.0,945.4545454545455,-135.4545454545455,OPTIMAL
87.87878787878788,161.61616161616163,212,2530.0,0.0,5010.101010101011,-2480.1010101010106,OPTIMAL
87.87878787878788,163.63636363636365,212,2530.0,0.0,5072.727272727273,-2542.727272727273,OPTIMAL
87.87878787878788,165.65656565656568,212,2530.0,0.0,5135.353535353536,-2605.3535353535362,OPTIMAL
87.87878787878788,167.6767676767677,212,2530.0,0.0,5197.979797979799,-2667.9797979797986,OPTIMAL
87.87878787878788,169.69696969696972,212,2530.0,0.0,5260.606060606061,-2730.606060606061,OPTIMAL
87.87878787878788,171.71717171717174,212,2530.0,0.0,5323.232323232324,-2793.2323232323242,OPTIMAL
87.87878787878788,173.73737373737376,212,2530.0,0.0,5385.858585858587,-2855.8585858585866,OPTIMAL
87.87878787878788,175.75757575757578,212,2530.0,0.0,5448.484848484849,-2918.484848484849,OPTIMAL
87.87878787878788,177.7777777777778,212,2530.0,0.0,5511.111111111112,-2981.111111111112,OPTIMAL
87.87878787878788,179.79797979797982,212,2530.0,0.0,5573.737373737375,-3043.7373737373746,OPTIMAL
89.39393939393939,101.01010101010101,217,1980.0,0.0,2626.2626262626263,-646.2626262626263,OPTIMAL
89.39393939393939,103.03030303030303,217,1980.0,0.0,2678.787878787879,-698.787878787879,OPTIMAL
89.39393939393939,105.05050505050505,217,1980.0,0.0,2731.313131313131,-751.3131313131312,OPTIMAL
89.39393939393939,107.07070707070707,217,1980.0,0.0,2783.838383838384,-803.8383838383838,OPTIMAL
89.39393939393939,109.0909090909091,217,1980.0,0.0,2836.3636363636365,-856.3636363636365,OPTIMAL
89.39393939393939,111.11111111111111,212,2530.0,0.0,3444.4444444444443,-914.4444444444443,OPTIMAL
89.39393939393939,113.13131313131314,212,2530.0,0.0,3507.070707070707,-977.0707070707072,OPTIMAL
89.39393939393939,115.15151515151516,212,2530.0,0.0,3569.69696969697,-1039.69696969697,OPTIMAL
89.39393939393939,117.17171717171718,212,2530.0,0.0,3632.3232323232323,-1102.3232323232323,OPTIMAL
89.39393939393939,119.1919191919192,212,2530.0,0.0,3694.949494949495,-1164.9494949494951,OPTIMAL
87.87878787878788,121.21212121212122,212,2530.0,0.0,3757.575757575758,-1227.575757575758,OPTIMAL
87.87878787878788,123.23232323232324,212,2530.0,0.0,3820.2020202020203,-1290.2020202020203,OPTIMAL
87.87878787878788,125.25252525252526,212,2530.0,0.0,3882.828282828283,-1352.8282828282831,OPTIMAL
87.87878787878788,127.27272727272728,212,2530.0,0.0,3945.4545454545455,-1415.4545454545455,OPTIMAL
87.87878787878788,129.2929292929293,212,2530.0,0.0,4008.0808080808083,-1478.0808080808083,OPTIMAL
87.87878787878788,131.31313131313132,212,2530.0,0.0,4070.707070707071,-1540.7070707070711,OPTIMAL
87.87878787878788,133.33333333333334,212,2530.0,0.0,4133.333333333334,-1603.333333333334,OPTIMAL
87.87878787878788,135.35353535353536,212,2530.0,0.0,4195.959595959596,-1665.9595959595963,OPTIMAL
87.87878787878788,137.37373737373738,212,2530.0,0.0,4258.585858585859,-1728.5858585858587,OPTIMAL
87.87878787878788,139.3939393939394,212,2530.0,0.0,4321.212121212122,-1791.212121212122,OPTIMAL
87.87878787878788,141.41414141414143,212,2530.0,0.0,4383.838383838384,-1853.8383838383843,OPTIMAL
87.87878787878788,143.43434343434345,212,2530.0,0.0,4446.464646464647,-1916.4646464646466,OPTIMAL
87.87878787878788,145.45454545454547,212,2530.0,0.0,4509.09090909091,-1979.09090909091,OPTIMAL
87.87878787878788,147.4747474747475,212,2530.0,0.0,4571.717171717172,-2041.7171717171723,OPTIMAL
87.87878787878788,149.4949494949495,212,2530.0,0.0,4634.343434343435,-2104.3434343434346,OPTIMAL
87.87878787878788,151.51515151515153,212,2530.0,0.0,4696.969696969697,-2166.969696969697,OPTIMAL
87.87878787878788,153.53535353535355,212,2530.0,0.0,4759.59595959596,-2229.5959595959603,OPTIMAL
87.87878787878788,155.55555555555557,212,2530.0,0.0,4822.222222222223,-2292.2222222222226,OPTIMAL
87.87878787878788,157.5757575757576,212,2530.0,0.0,4884.848484848485,-2354.848484848485,OPTIMAL
87.87878787878788,159.5959595959596,212,2530.0,0.0,4947.474747474748,-2417.4747474747483,OPTIMAL
89.39393939393939,121.21212121212122,212,2530.0,0.0,3757.575757575758,-1227.575757575758,OPTIMAL
89.39393939393939,123.23232323232324,212,2530.0,0.0,3820.2020202020203,-1290.2020202020203,OPTIMAL
89.39393939393939,125.25252525252526,212,2530.0,0.0,3882.828282828283,-1352.8282828282831,OPTIMAL
89.39393939393939,127.27272727272728,212,2530.0,0.0,3945.4545454545455,-1415.4545454545455,OPTIMAL
89.39393939393939,129.2929292929293,212,2530.0,0.0,4008.0808080808083,-1478.0808080808083,OPTIMAL
89.39393939393939,131.31313131313132,212,2530.0,0.0,4070.707070707071,-1540.7070707070711,OPTIMAL
89.39393939393939,133.33333333333334,212,2530.0,0.0,4133.333333333334,-1603.333333333334,OPTIMAL
89.39393939393939,135.35353535353536,212,2530.0,0.0,4195.959595959596,-1665.9595959595963,OPTIMAL
89.39393939393939,137.37373737373738,212,2530.0,0.0,4258.585858585859,-1728.5858585858587,OPTIMAL
89.39393939393939,139.3939393939394,212,2530.0,0.0,4321.212121212122,-1791.212121212122,OPTIMAL
87.87878787878788,181.81818181818184,202,4330.0,0.0,7454.545454545456,-3124.545454545456,OPTIMAL
87.87878787878788,183.83838383838386,202,4330.0,0.0,7537.373737373739,-3207.3737373737385,OPTIMAL
87.87878787878788,185.85858585858588,202,4330.0,0.0,7620.202020202021,-3290.2020202020212,OPTIMAL
87.87878787878788,187.8787878787879,202,4330.0,0.0,7703.030303030304,-3373.030303030304,OPTIMAL
87.87878787878788,189.89898989898992,202,4330.0,0.0,7785.858585858587,-3455.8585858585866,OPTIMAL
87.87878787878788,191.91919191919195,202,4330.0,0.0,7868.68686868687,-3538.68686868687,OPTIMAL
87.87878787878788,193.93939393939394,202,4330.0,0.0,7951.515151515151,-3621.515151515151,OPTIMAL
87.87878787878788,195.95959595959596,202,4330.0,0.0,8034.343434343435,-3704.3434343434346,OPTIMAL
87.87878787878788,197.97979797979798,202,4330.0,0.0,8117.171717171717,-3787.1717171717173,OPTIMAL
87.87878787878788,200.0,202,4330.0,0.0,8200.0,-3870.0,OPTIMAL
92.42424242424242,0.0,243,180.0,0.0,0.0,180.0,OPTIMAL
92.42424242424242,2.0202020202020203,243,180.0,0.0,0.0,180.0,OPTIMAL
92.42424242424242,4.040404040404041,243,180.0,0.0,0.0,180.0,OPTIMAL
92.42424242424242,6.0606060606060606,243,180.0,0.0,0.0,180.0,OPTIMAL
92.42424242424242,8.080808080808081,243,180.0,0.0,0.0,180.0,OPTIMAL
92.42424242424242,10.101010101010102,243,180.0,0.0,0.0,180.0,OPTIMAL
92.42424242424242,12.121212121212121,243,180.0,0.0,0.0,180.0,OPTIMAL
92.42424242424242,14.141414141414142,243,180.0,0.0,0.0,180.0,OPTIMAL
92.42424242424242,16.161616161616163,243,180.0,0.0,0.0,180.0,OPTIMAL
92.42424242424242,18.181818181818183,243,180.0,0.0,0.0,180.0,OPTIMAL
89.39393939393939,161.61616161616163,212,2530.0,0.0,5010.101010101011,-2480.1010101010106,OPTIMAL
89.39393939393939,163.63636363636365,212,2530.0,0.0,5072.727272727273,-2542.727272727273,OPTIMAL
89.39393939393939,165.65656565656568,212,2530.0,0.0,5135.353535353536,-2605.3535353535362,OPTIMAL
89.39393939393939,167.6767676767677,212,2530.0,0.0,5197.979797979799,-2667.9797979797986,OPTIMAL
89.39393939393939,169.69696969696972,212,2530.0,0.0,5260.606060606061,-2730.606060606061,OPTIMAL
89.39393939393939,171.71717171717174,212,2530.0,0.0,5323.232323232324,-2793.2323232323242,OPTIMAL
89.39393939393939,173.73737373737376,212,2530.0,0.0,5385.858585858587,-2855.8585858585866,OPTIMAL
89.39393939393939,175.75757575757578,212,2530.0,0.0,5448.484848484849,-2918.484848484849,OPTIMAL
89.39393939393939,177.7777777777778,212,2530.0,0.0,5511.111111111112,-2981.111111111112,OPTIMAL
89.39393939393939,179.79797979797982,212,2530.0,0.0,5573.737373737375,-3043.7373737373746,OPTIMAL
92.42424242424242,20.202020202020204,243,180.0,0.0,0.0,180.0,OPTIMAL
92.42424242424242,22.222222222222225,243,180.0,0.0,0.0,180.0,OPTIMAL
92.42424242424242,24.242424242424242,243,180.0,0.0,0.0,180.0,OPTIMAL
92.42424242424242,26.262626262626263,243,180.0,0.0,0.0,180.0,OPTIMAL
92.42424242424242,28.282828282828284,243,180.0,0.0,0.0,180.0,OPTIMAL
92.42424242424242,30.303030303030305,243,180.0,0.0,0.0,180.0,OPTIMAL
92.42424242424242,32.323232323232325,243,180.0,0.0,0.0,180.0,OPTIMAL
92.42424242424242,34.343434343434346,243,180.0,0.0,0.0,180.0,OPTIMAL
92.42424242424242,36.36363636363637,243,180.0,0.0,0.0,180.0,OPTIMAL
92.42424242424242,38.38383838383839,243,180.0,0.0,0.0,180.0,OPTIMAL
90.9090909090909,80.80808080808082,222,1530.0,0.0,1696.9696969696972,-166.96969696969722,OPTIMAL
90.9090909090909,82.82828282828284,222,1530.0,0.0,1739.3939393939395,-209.3939393939395,OPTIMAL
90.9090909090909,84.84848484848486,222,1530.0,0.0,1781.818181818182,-251.81818181818198,OPTIMAL
90.9090909090909,86.86868686868688,222,1530.0,0.0,1824.2424242424245,-294.2424242424245,OPTIMAL
90.9090909090909,88.8888888888889,222,1530.0,0.0,1866.666666666667,-336.66666666666697,OPTIMAL
90.9090909090909,90.90909090909092,217,1980.0,0.0,2363.636363636364,-383.63636363636397,OPTIMAL
90.9090909090909,92.92929292929294,217,1980.0,0.0,2416.1616161616166,-436.1616161616166,OPTIMAL
90.9090909090909,94.94949494949496,217,1980.0,0.0,2468.686868686869,-488.6868686868688,OPTIMAL
90.9090909090909,96.96969696969697,217,1980.0,0.0,2521.212121212121,-541.212121212121,OPTIMAL
90.9090909090909,98.98989898989899,217,1980.0,0.0,2573.7373737373737,-593.7373737373737,OPTIMAL
89.39393939393939,141.41414141414143,212,2530.0,0.0,4383.838383838384,-1853.8383838383843,OPTIMAL
89.39393939393939,143.43434343434345,212,2530.0,0.0,4446.464646464647,-1916.4646464646466,OPTIMAL
89.39393939393939,145.45454545454547,212,2530.0,0.0,4509.09090909091,-1979.09090909091,OPTIMAL
89.39393939393939,147.4747474747475,212,2530.0,0.0,4571.717171717172,-2041.7171717171723,OPTIMAL
89.39393939393939,149.4949494949495,212,2530.0,0.0,4634.343434343435,-2104.3434343434346,OPTIMAL
89.39393939393939,151.51515151515153,212,2530.0,0.0,4696.969696969697,-2166.969696969697,OPTIMAL
89.39393939393939,153.53535353535355,212,2530.0,0.0,4759.59595959596,-2229.5959595959603,OPTIMAL
89.39393939393939,155.55555555555557,212,2530.0,0.0,4822.222222222223,-2292.2222222222226,OPTIMAL
89.39393939393939,157.5757575757576,212,2530.0,0.0,4884.848484848485,-2354.848484848485,OPTIMAL
89.39393939393939,159.5959595959596,212,2530.0,0.0,4947.474747474748,-2417.4747474747483,OPTIMAL
92.42424242424242,40.40404040404041,237,420.0,0.0,242.42424242424244,177.57575757575756,OPTIMAL
92.42424242424242,42.42424242424243,237,420.0,0.0,254.54545454545456,165.45454545454544,OPTIMAL
92.42424242424242,44.44444444444445,237,420.0,0.0,266.6666666666667,153.33333333333331,OPTIMAL
92.42424242424242,46.46464646464647,237,420.0,0.0,278.7878787878788,141.2121212121212,OPTIMAL
92.42424242424242,48.484848484848484,237,420.0,0.0,290.9090909090909,129.09090909090912,OPTIMAL
92.42424242424242,50.505050505050505,237,420.0,0.0,303.030303030303,116.969696969697,OPTIMAL
92.42424242424242,52.525252525252526,237,420.0,0.0,315.1515151515151,104.84848484848487,OPTIMAL
92.42424242424242,54.54545454545455,237,420.0,0.0,327.27272727272725,92.72727272727275,OPTIMAL
92.42424242424242,56.56565656565657,237,420.0,0.0,339.3939393939394,80.60606060606062,OPTIMAL
92.42424242424242,58.58585858585859,237,420.0,0.0,351.5151515151515,68.4848484848485,OPTIMAL
93.93939393939394,0.0,243,180.0,0.0,0.0,180.0,OPTIMAL
93.93939393939394,2.0202020202020203,243,180.0,0.0,0.0,180.0,OPTIMAL
93.93939393939394,4.040404040404041,243,180.0,0.0,0.0,180.0,OPTIMAL
93.93939393939394,6.0606060606060606,243,180.0,0.0,0.0,180.0,OPTIMAL
93.93939393939394,8.080808080808081,243,180.0,0.0,0.0,180.0,OPTIMAL
93.93939393939394,10.101010101010102,243,180.0,0.0,0.0,180.0,OPTIMAL
93.93939393939394,12.121212121212121,243,180.0,0.0,0.0,180.0,OPTIMAL
93.93939393939394,14.141414141414142,243,180.0,0.0,0.0,180.0,OPTIMAL
93.93939393939394,16.161616161616163,243,180.0,0.0,0.0,180.0,OPTIMAL
93.93939393939394,18.181818181818183,243,180.0,0.0,0.0,180.0,OPTIMAL
89.39393939393939,181.81818181818184,202,4330.0,0.0,7454.545454545456,-3124.545454545456,OPTIMAL
89.39393939393939,183.83838383838386,202,4330.0,0.0,7537.373737373739,-3207.3737373737385,OPTIMAL
89.39393939393939,185.85858585858588,202,4330.0,0.0,7620.202020202021,-3290.2020202020212,OPTIMAL
89.39393939393939,187.8787878787879,202,4330.0,0.0,7703.030303030304,-3373.030303030304,OPTIMAL
89.39393939393939,189.89898989898992,202,4330.0,0.0,7785.858585858587,-3455.8585858585866,OPTIMAL
89.39393939393939,191.91919191919195,202,4330.0,0.0,7868.68686868687,-3538.68686868687,OPTIMAL
89.39393939393939,193.93939393939394,202,4330.0,0.0,7951.515151515151,-3621.515151515151,OPTIMAL
89.39393939393939,195.95959595959596,202,4330.0,0.0,8034.343434343435,-3704.3434343434346,OPTIMAL
89.39393939393939,197.97979797979798,202,4330.0,0.0,8117.171717171717,-3787.1717171717173,OPTIMAL
89.39393939393939,200.0,202,4330.0,0.0,8200.0,-3870.0,OPTIMAL
93.93939393939394,20.202020202020204,243,180.0,0.0,0.0,180.0,OPTIMAL
93.93939393939394,22.222222222222225,243,180.0,0.0,0.0,180.0,OPTIMAL
93.93939393939394,24.242424242424242,243,180.0,0.0,0.0,180.0,OPTIMAL
93.93939393939394,26.262626262626263,243,180.0,0.0,0.0,180.0,OPTIMAL
93.93939393939394,28.282828282828284,243,180.0,0.0,0.0,180.0,OPTIMAL
93.93939393939394,30.303030303030305,243,180.0,0.0,0.0,180.0,OPTIMAL
93.93939393939394,32.323232323232325,243,180.0,0.0,0.0,180.0,OPTIMAL
93.93939393939394,34.343434343434346,243,180.0,0.0,0.0,180.0,OPTIMAL
93.93939393939394,36.36363636363637,243,180.0,0.0,0.0,180.0,OPTIMAL
93.93939393939394,38.38383838383839,243,180.0,0.0,0.0,180.0,OPTIMAL
92.42424242424242,60.60606060606061,234,600.0,0.0,545.4545454545455,54.545454545454504,OPTIMAL
92.42424242424242,62.62626262626263,234,600.0,0.0,563.6363636363636,36.363636363636374,OPTIMAL
92.42424242424242,64.64646464646465,234,600.0,0.0,581.8181818181819,18.18181818181813,OPTIMAL
92.42424242424242,66.66666666666667,234,600.0,0.0,600.0,0.0,OPTIMAL
92.42424242424242,68.68686868686869,234,600.0,0.0,618.1818181818182,-18.181818181818244,OPTIMAL
92.42424242424242,70.70707070707071,231,810.0,0.0,848.4848484848485,-38.4848484848485,OPTIMAL
92.42424242424242,72.72727272727273,231,810.0,0.0,872.7272727272727,-62.72727272727275,OPTIMAL
92.42424242424242,74.74747474747475,231,810.0,0.0,896.969696969697,-86.969696969697,OPTIMAL
92.42424242424242,76.76767676767678,231,810.0,0.0,921.2121212121212,-111.21212121212125,OPTIMAL
92.42424242424242,78.7878787878788,231,810.0,0.0,945.4545454545455,-135.4545454545455,OPTIMAL
92.42424242424242,80.80808080808082,222,1530.0,0.0,1696.9696969696972,-166.96969696969722,OPTIMAL
92.42424242424242,82.82828282828284,222,1530.0,0.0,1739.3939393939395,-209.3939393939395,OPTIMAL
92.42424242424242,84.84848484848486,222,1530.0,0.0,1781.818181818182,-251.81818181818198,OPTIMAL
92.42424242424242,86.86868686868688,222,1530.0,0.0,1824.2424242424245,-294.2424242424245,OPTIMAL
92.42424242424242,88.8888888888889,222,1530.0,0.0,1866.666666666667,-336.66666666666697,OPTIMAL
92.42424242424242,90.90909090909092,217,1980.0,0.0,2363.636363636364,-383.63636363636397,OPTIMAL
92.42424242424242,92.92929292929294,217,1980.0,0.0,2416.1616161616166,-436.1616161616166,OPTIMAL
92.42424242424242,94.94949494949496,217,1980.0,0.0,2468.686868686869,-488.6868686868688,OPTIMAL
92.42424242424242,96.96969696969697,217,1980.0,0.0,2521.212121212121,-541.212121212121,OPTIMAL
92.42424242424242,98.98989898989899,217,1980.0,0.0,2573.7373737373737,-593.7373737373737,OPTIMAL
90.9090909090909,101.01010101010101,217,1980.0,0.0,2626.2626262626263,-646.2626262626263,OPTIMAL
90.9090909090909,103.03030303030303,217,1980.0,0.0,2678.787878787879,-698.787878787879,OPTIMAL
90.9090909090909,105.05050505050505,217,1980.0,0.0,2731.313131313131,-751.3131313131312,OPTIMAL
90.9090909090909,107.07070707070707,217,1980.0,0.0,2783.838383838384,-803.8383838383838,OPTIMAL
90.9090909090909,109.0909090909091,217,1980.0,0.0,2836.3636363636365,-856.3636363636365,OPTIMAL
90.9090909090909,111.11111111111111,212,2530.0,0.0,3444.4444444444443,-914.4444444444443,OPTIMAL
90.9090909090909,113.13131313131314,212,2530.0,0.0,3507.070707070707,-977.0707070707072,OPTIMAL
90.9090909090909,115.15151515151516,212,2530.0,0.0,3569.69696969697,-1039.69696969697,OPTIMAL
90.9090909090909,117.17171717171718,212,2530.0,0.0,3632.3232323232323,-1102.3232323232323,OPTIMAL
90.9090909090909,119.1919191919192,212,2530.0,0.0,3694.949494949495,-1164.9494949494951,OPTIMAL
90.9090909090909,161.61616161616163,212,2530.0,0.0,5010.101010101011,-2480.1010101010106,OPTIMAL
90.9090909090909,163.63636363636365,212,2530.0,0.0,5072.727272727273,-2542.727272727273,OPTIMAL
90.9090909090909,165.65656565656568,212,2530.0,0.0,5135.353535353536,-2605.3535353535362,OPTIMAL
90.9090909090909,167.6767676767677,212,2530.0,0.0,5197.979797979799,-2667.9797979797986,OPTIMAL
90.9090909090909,169.69696969696972,212,2530.0,0.0,5260.606060606061,-2730.606060606061,OPTIMAL
90.9090909090909,171.71717171717174,212,2530.0,0.0,5323.232323232324,-2793.2323232323242,OPTIMAL
90.9090909090909,173.73737373737376,212,2530.0,0.0,5385.858585858587,-2855.8585858585866,OPTIMAL
90.9090909090909,175.75757575757578,212,2530.0,0.0,5448.484848484849,-2918.484848484849,OPTIMAL
90.9090909090909,177.7777777777778,212,2530.0,0.0,5511.111111111112,-2981.111111111112,OPTIMAL
90.9090909090909,179.79797979797982,212,2530.0,0.0,5573.737373737375,-3043.7373737373746,OPTIMAL
90.9090909090909,141.41414141414143,212,2530.0,0.0,4383.838383838384,-1853.8383838383843,OPTIMAL
90.9090909090909,143.43434343434345,212,2530.0,0.0,4446.464646464647,-1916.4646464646466,OPTIMAL
90.9090909090909,145.45454545454547,212,2530.0,0.0,4509.09090909091,-1979.09090909091,OPTIMAL
90.9090909090909,147.4747474747475,212,2530.0,0.0,4571.717171717172,-2041.7171717171723,OPTIMAL
90.9090909090909,149.4949494949495,212,2530.0,0.0,4634.343434343435,-2104.3434343434346,OPTIMAL
90.9090909090909,151.51515151515153,212,2530.0,0.0,4696.969696969697,-2166.969696969697,OPTIMAL
90.9090909090909,153.53535353535355,212,2530.0,0.0,4759.59595959596,-2229.5959595959603,OPTIMAL
90.9090909090909,155.55555555555557,212,2530.0,0.0,4822.222222222223,-2292.2222222222226,OPTIMAL
90.9090909090909,157.5757575757576,212,2530.0,0.0,4884.848484848485,-2354.848484848485,OPTIMAL
90.9090909090909,159.5959595959596,212,2530.0,0.0,4947.474747474748,-2417.4747474747483,OPTIMAL
93.93939393939394,40.40404040404041,237,420.0,0.0,242.42424242424244,177.57575757575756,OPTIMAL
93.93939393939394,42.42424242424243,237,420.0,0.0,254.54545454545456,165.45454545454544,OPTIMAL
93.93939393939394,44.44444444444445,237,420.0,0.0,266.6666666666667,153.33333333333331,OPTIMAL
93.93939393939394,46.46464646464647,237,420.0,0.0,278.7878787878788,141.2121212121212,OPTIMAL
93.93939393939394,48.484848484848484,237,420.0,0.0,290.9090909090909,129.09090909090912,OPTIMAL
93.93939393939394,50.505050505050505,237,420.0,0.0,303.030303030303,116.969696969697,OPTIMAL
93.93939393939394,52.525252525252526,237,420.0,0.0,315.1515151515151,104.84848484848487,OPTIMAL
93.93939393939394,54.54545454545455,237,420.0,0.0,327.27272727272725,92.72727272727275,OPTIMAL
93.93939393939394,56.56565656565657,237,420.0,0.0,339.3939393939394,80.60606060606062,OPTIMAL
93.93939393939394,58.58585858585859,237,420.0,0.0,351.5151515151515,68.4848484848485,OPTIMAL
90.9090909090909,181.81818181818184,202,4330.0,0.0,7454.545454545456,-3124.545454545456,OPTIMAL
90.9090909090909,183.83838383838386,202,4330.0,0.0,7537.373737373739,-3207.3737373737385,OPTIMAL
90.9090909090909,185.85858585858588,202,4330.0,0.0,7620.202020202021,-3290.2020202020212,OPTIMAL
90.9090909090909,187.8787878787879,202,4330.0,0.0,7703.030303030304,-3373.030303030304,OPTIMAL
90.9090909090909,189.89898989898992,202,4330.0,0.0,7785.858585858587,-3455.8585858585866,OPTIMAL
90.9090909090909,191.91919191919195,202,4330.0,0.0,7868.68686868687,-3538.68686868687,OPTIMAL
90.9090909090909,193.93939393939394,202,4330.0,0.0,7951.515151515151,-3621.515151515151,OPTIMAL
90.9090909090909,195.95959595959596,202,4330.0,0.0,8034.343434343435,-3704.3434343434346,OPTIMAL
90.9090909090909,197.97979797979798,202,4330.0,0.0,8117.171717171717,-3787.1717171717173,OPTIMAL
90.9090909090909,200.0,202,4330.0,0.0,8200.0,-3870.0,OPTIMAL
93.93939393939394,60.60606060606061,234,600.0,0.0,545.4545454545455,54.545454545454504,OPTIMAL
93.93939393939394,62.62626262626263,234,600.0,0.0,563.6363636363636,36.363636363636374,OPTIMAL
93.93939393939394,64.64646464646465,234,600.0,0.0,581.8181818181819,18.18181818181813,OPTIMAL
93.93939393939394,66.66666666666667,234,600.0,0.0,600.0,0.0,OPTIMAL
93.93939393939394,68.68686868686869,234,600.0,0.0,618.1818181818182,-18.181818181818244,OPTIMAL
93.93939393939394,70.70707070707071,231,810.0,0.0,848.4848484848485,-38.4848484848485,OPTIMAL
93.93939393939394,72.72727272727273,231,810.0,0.0,872.7272727272727,-62.72727272727275,OPTIMAL
93.93939393939394,74.74747474747475,231,810.0,0.0,896.969696969697,-86.969696969697,OPTIMAL
93.93939393939394,76.76767676767678,231,810.0,0.0,921.2121212121212,-111.21212121212125,OPTIMAL
93.93939393939394,78.7878787878788,231,810.0,0.0,945.4545454545455,-135.4545454545455,OPTIMAL
90.9090909090909,121.21212121212122,212,2530.0,0.0,3757.575757575758,-1227.575757575758,OPTIMAL
90.9090909090909,123.23232323232324,212,2530.0,0.0,3820.2020202020203,-1290.2020202020203,OPTIMAL
90.9090909090909,125.25252525252526,212,2530.0,0.0,3882.828282828283,-1352.8282828282831,OPTIMAL
90.9090909090909,127.27272727272728,212,2530.0,0.0,3945.4545454545455,-1415.4545454545455,OPTIMAL
90.9090909090909,129.2929292929293,212,2530.0,0.0,4008.0808080808083,-1478.0808080808083,OPTIMAL
90.9090909090909,131.31313131313132,212,2530.0,0.0,4070.707070707071,-1540.7070707070711,OPTIMAL
90.9090909090909,133.33333333333334,212,2530.0,0.0,4133.333333333334,-1603.333333333334,OPTIMAL
90.9090909090909,135.35353535353536,212,2530.0,0.0,4195.959595959596,-1665.9595959595963,OPTIMAL
90.9090909090909,137.37373737373738,212,2530.0,0.0,4258.585858585859,-1728.5858585858587,OPTIMAL
90.9090909090909,139.3939393939394,212,2530.0,0.0,4321.212121212122,-1791.212121212122,OPTIMAL
95.45454545454545,0.0,243,180.0,0.0,0.0,180.0,OPTIMAL
95.45454545454545,2.0202020202020203,243,180.0,0.0,0.0,180.0,OPTIMAL
95.45454545454545,4.040404040404041,243,180.0,0.0,0.0,180.0,OPTIMAL
95.45454545454545,6.0606060606060606,243,180.0,0.0,0.0,180.0,OPTIMAL
95.45454545454545,8.080808080808081,243,180.0,0.0,0.0,180.0,OPTIMAL
95.45454545454545,10.101010101010102,243,180.0,0.0,0.0,180.0,OPTIMAL
95.45454545454545,12.121212121212121,243,180.0,0.0,0.0,180.0,OPTIMAL
95.45454545454545,14.141414141414142,243,180.0,0.0,0.0,180.0,OPTIMAL
95.45454545454545,16.161616161616163,243,180.0,0.0,0.0,180.0,OPTIMAL
95.45454545454545,18.181818181818183,243,180.0,0.0,0.0,180.0,OPTIMAL
92.42424242424242,101.01010101010101,217,1980.0,0.0,2626.2626262626263,-646.2626262626263,OPTIMAL
92.42424242424242,103.03030303030303,217,1980.0,0.0,2678.787878787879,-698.787878787879,OPTIMAL
92.42424242424242,105.05050505050505,217,1980.0,0.0,2731.313131313131,-751.3131313131312,OPTIMAL
92.42424242424242,107.07070707070707,217,1980.0,0.0,2783.838383838384,-803.8383838383838,OPTIMAL
92.42424242424242,109.0909090909091,217,1980.0,0.0,2836.3636363636365,-856.3636363636365,OPTIMAL
92.42424242424242,111.11111111111111,212,2530.0,0.0,3444.4444444444443,-914.4444444444443,OPTIMAL
92.42424242424242,113.13131313131314,212,2530.0,0.0,3507.070707070707,-977.0707070707072,OPTIMAL
92.42424242424242,115.15151515151516,212,2530.0,0.0,3569.69696969697,-1039.69696969697,OPTIMAL
92.42424242424242,117.17171717171718,212,2530.0,0.0,3632.3232323232323,-1102.3232323232323,OPTIMAL
92.42424242424242,119.1919191919192,212,2530.0,0.0,3694.949494949495,-1164.9494949494951,OPTIMAL
95.45454545454545,20.202020202020204,243,180.0,0.0,0.0,180.0,OPTIMAL
95.45454545454545,22.222222222222225,243,180.0,0.0,0.0,180.0,OPTIMAL
95.45454545454545,24.242424242424242,243,180.0,0.0,0.0,180.0,OPTIMAL
95.45454545454545,26.262626262626263,243,180.0,0.0,0.0,180.0,OPTIMAL
95.45454545454545,28.282828282828284,243,180.0,0.0,0.0,180.0,OPTIMAL
95.45454545454545,30.303030303030305,243,180.0,0.0,0.0,180.0,OPTIMAL
95.45454545454545,32.323232323232325,243,180.0,0.0,0.0,180.0,OPTIMAL
95.45454545454545,34.343434343434346,243,180.0,0.0,0.0,180.0,OPTIMAL
95.45454545454545,36.36363636363637,243,180.0,0.0,0.0,180.0,OPTIMAL
95.45454545454545,38.38383838383839,243,180.0,0.0,0.0,180.0,OPTIMAL
92.42424242424242,121.21212121212122,212,2530.0,0.0,3757.575757575758,-1227.575757575758,OPTIMAL
92.42424242424242,123.23232323232324,212,2530.0,0.0,3820.2020202020203,-1290.2020202020203,OPTIMAL
92.42424242424242,125.25252525252526,212,2530.0,0.0,3882.828282828283,-1352.8282828282831,OPTIMAL
92.42424242424242,127.27272727272728,212,2530.0,0.0,3945.4545454545455,-1415.4545454545455,OPTIMAL
92.42424242424242,129.2929292929293,212,2530.0,0.0,4008.0808080808083,-1478.0808080808083,OPTIMAL
92.42424242424242,131.31313131313132,212,2530.0,0.0,4070.707070707071,-1540.7070707070711,OPTIMAL
92.42424242424242,133.33333333333334,212,2530.0,0.0,4133.333333333334,-1603.333333333334,OPTIMAL
92.42424242424242,135.35353535353536,212,2530.0,0.0,4195.959595959596,-1665.9595959595963,OPTIMAL
92.42424242424242,137.37373737373738,212,2530.0,0.0,4258.585858585859,-1728.5858585858587,OPTIMAL
92.42424242424242,139.3939393939394,212,2530.0,0.0,4321.212121212122,-1791.212121212122,OPTIMAL
95.45454545454545,40.40404040404041,237,420.0,0.0,242.42424242424244,177.57575757575756,OPTIMAL
95.45454545454545,42.42424242424243,237,420.0,0.0,254.54545454545456,165.45454545454544,OPTIMAL
95.45454545454545,44.44444444444445,237,420.0,0.0,266.6666666666667,153.33333333333331,OPTIMAL
95.45454545454545,46.46464646464647,237,420.0,0.0,278.7878787878788,141.2121212121212,OPTIMAL
95.45454545454545,48.484848484848484,237,420.0,0.0,290.9090909090909,129.09090909090912,OPTIMAL
95.45454545454545,50.505050505050505,237,420.0,0.0,303.030303030303,116.969696969697,OPTIMAL
95.45454545454545,52.525252525252526,237,420.0,0.0,315.1515151515151,104.84848484848487,OPTIMAL
95.45454545454545,54.54545454545455,237,420.0,0.0,327.27272727272725,92.72727272727275,OPTIMAL
95.45454545454545,56.56565656565657,237,420.0,0.0,339.3939393939394,80.60606060606062,OPTIMAL
95.45454545454545,58.58585858585859,237,420.0,0.0,351.5151515151515,68.4848484848485,OPTIMAL
92.42424242424242,161.61616161616163,212,2530.0,0.0,5010.101010101011,-2480.1010101010106,OPTIMAL
92.42424242424242,163.63636363636365,212,2530.0,0.0,5072.727272727273,-2542.727272727273,OPTIMAL
92.42424242424242,165.65656565656568,212,2530.0,0.0,5135.353535353536,-2605.3535353535362,OPTIMAL
92.42424242424242,167.6767676767677,212,2530.0,0.0,5197.979797979799,-2667.9797979797986,OPTIMAL
92.42424242424242,169.69696969696972,212,2530.0,0.0,5260.606060606061,-2730.606060606061,OPTIMAL
92.42424242424242,171.71717171717174,212,2530.0,0.0,5323.232323232324,-2793.2323232323242,OPTIMAL
92.42424242424242,173.73737373737376,212,2530.0,0.0,5385.858585858587,-2855.8585858585866,OPTIMAL
92.42424242424242,175.75757575757578,212,2530.0,0.0,5448.484848484849,-2918.484848484849,OPTIMAL
92.42424242424242,177.7777777777778,212,2530.0,0.0,5511.111111111112,-2981.111111111112,OPTIMAL
92.42424242424242,179.79797979797982,212,2530.0,0.0,5573.737373737375,-3043.7373737373746,OPTIMAL
92.42424242424242,141.41414141414143,212,2530.0,0.0,4383.838383838384,-1853.8383838383843,OPTIMAL
92.42424242424242,143.43434343434345,212,2530.0,0.0,4446.464646464647,-1916.4646464646466,OPTIMAL
92.42424242424242,145.45454545454547,212,2530.0,0.0,4509.09090909091,-1979.09090909091,OPTIMAL
92.42424242424242,147.4747474747475,212,2530.0,0.0,4571.717171717172,-2041.7171717171723,OPTIMAL
92.42424242424242,149.4949494949495,212,2530.0,0.0,4634.343434343435,-2104.3434343434346,OPTIMAL
92.42424242424242,151.51515151515153,212,2530.0,0.0,4696.969696969697,-2166.969696969697,OPTIMAL
92.42424242424242,153.53535353535355,212,2530.0,0.0,4759.59595959596,-2229.5959595959603,OPTIMAL
92.42424242424242,155.55555555555557,212,2530.0,0.0,4822.222222222223,-2292.2222222222226,OPTIMAL
92.42424242424242,157.5757575757576,212,2530.0,0.0,4884.848484848485,-2354.848484848485,OPTIMAL
92.42424242424242,159.5959595959596,212,2530.0,0.0,4947.474747474748,-2417.4747474747483,OPTIMAL
95.45454545454545,60.60606060606061,234,600.0,0.0,545.4545454545455,54.545454545454504,OPTIMAL
95.45454545454545,62.62626262626263,234,600.0,0.0,563.6363636363636,36.363636363636374,OPTIMAL
95.45454545454545,64.64646464646465,234,600.0,0.0,581.8181818181819,18.18181818181813,OPTIMAL
95.45454545454545,66.66666666666667,234,600.0,0.0,600.0,0.0,OPTIMAL
95.45454545454545,68.68686868686869,234,600.0,0.0,618.1818181818182,-18.181818181818244,OPTIMAL
95.45454545454545,70.70707070707071,231,810.0,0.0,848.4848484848485,-38.4848484848485,OPTIMAL
95.45454545454545,72.72727272727273,231,810.0,0.0,872.7272727272727,-62.72727272727275,OPTIMAL
95.45454545454545,74.74747474747475,231,810.0,0.0,896.969696969697,-86.969696969697,OPTIMAL
95.45454545454545,76.76767676767678,231,810.0,0.0,921.2121212121212,-111.21212121212125,OPTIMAL
95.45454545454545,78.7878787878788,231,810.0,0.0,945.4545454545455,-135.4545454545455,OPTIMAL
93.93939393939394,80.80808080808082,222,1530.0,0.0,1696.9696969696972,-166.96969696969722,OPTIMAL
93.93939393939394,82.82828282828284,222,1530.0,0.0,1739.3939393939395,-209.3939393939395,OPTIMAL
93.93939393939394,84.84848484848486,222,1530.0,0.0,1781.818181818182,-251.81818181818198,OPTIMAL
93.93939393939394,86.86868686868688,222,1530.0,0.0,1824.2424242424245,-294.2424242424245,OPTIMAL
93.93939393939394,88.8888888888889,222,1530.0,0.0,1866.666666666667,-336.66666666666697,OPTIMAL
93.93939393939394,90.90909090909092,217,1980.0,0.0,2363.636363636364,-383.63636363636397,OPTIMAL
93.93939393939394,92.92929292929294,217,1980.0,0.0,2416.1616161616166,-436.1616161616166,OPTIMAL
93.93939393939394,94.94949494949496,217,1980.0,0.0,2468.686868686869,-488.6868686868688,OPTIMAL
93.93939393939394,96.96969696969697,217,1980.0,0.0,2521.212121212121,-541.212121212121,OPTIMAL
93.93939393939394,98.98989898989899,217,1980.0,0.0,2573.7373737373737,-593.7373737373737,OPTIMAL
96.96969696969697,0.0,243,180.0,0.0,0.0,180.0,OPTIMAL
96.96969696969697,2.0202020202020203,243,180.0,0.0,0.0,180.0,OPTIMAL
96.96969696969697,4.040404040404041,243,180.0,0.0,0.0,180.0,OPTIMAL
96.96969696969697,6.0606060606060606,243,180.0,0.0,0.0,180.0,OPTIMAL
96.96969696969697,8.080808080808081,243,180.0,0.0,0.0,180.0,OPTIMAL
96.96969696969697,10.101010101010102,243,180.0,0.0,0.0,180.0,OPTIMAL
96.96969696969697,12.121212121212121,243,180.0,0.0,0.0,180.0,OPTIMAL
96.96969696969697,14.141414141414142,243,180.0,0.0,0.0,180.0,OPTIMAL
96.96969696969697,16.161616161616163,243,180.0,0.0,0.0,180.0,OPTIMAL
96.96969696969697,18.181818181818183,243,180.0,0.0,0.0,180.0,OPTIMAL
92.42424242424242,181.81818181818184,202,4330.0,0.0,7454.545454545456,-3124.545454545456,OPTIMAL
92.42424242424242,183.83838383838386,202,4330.0,0.0,7537.373737373739,-3207.3737373737385,OPTIMAL
92.42424242424242,185.85858585858588,202,4330.0,0.0,7620.202020202021,-3290.2020202020212,OPTIMAL
92.42424242424242,187.8787878787879,202,4330.0,0.0,7703.030303030304,-3373.030303030304,OPTIMAL
92.42424242424242,189.89898989898992,202,4330.0,0.0,7785.858585858587,-3455.8585858585866,OPTIMAL
92.42424242424242,191.91919191919195,202,4330.0,0.0,7868.68686868687,-3538.68686868687,OPTIMAL
92.42424242424242,193.93939393939394,202,4330.0,0.0,7951.515151515151,-3621.515151515151,OPTIMAL
92.42424242424242,195.95959595959596,202,4330.0,0.0,8034.343434343435,-3704.3434343434346,OPTIMAL
92.42424242424242,197.97979797979798,202,4330.0,0.0,8117.171717171717,-3787.1717171717173,OPTIMAL
92.42424242424242,200.0,202,4330.0,0.0,8200.0,-3870.0,OPTIMAL
93.93939393939394,101.01010101010101,217,1980.0,0.0,2626.2626262626263,-646.2626262626263,OPTIMAL
93.93939393939394,103.03030303030303,217,1980.0,0.0,2678.787878787879,-698.787878787879,OPTIMAL
93.93939393939394,105.05050505050505,217,1980.0,0.0,2731.313131313131,-751.3131313131312,OPTIMAL
93.93939393939394,107.07070707070707,217,1980.0,0.0,2783.838383838384,-803.8383838383838,OPTIMAL
93.93939393939394,109.0909090909091,217,1980.0,0.0,2836.3636363636365,-856.3636363636365,OPTIMAL
93.93939393939394,111.11111111111111,212,2530.0,0.0,3444.4444444444443,-914.4444444444443,OPTIMAL
93.93939393939394,113.13131313131314,212,2530.0,0.0,3507.070707070707,-977.0707070707072,OPTIMAL
93.93939393939394,115.15151515151516,212,2530.0,0.0,3569.69696969697,-1039.69696969697,OPTIMAL
93.93939393939394,117.17171717171718,212,2530.0,0.0,3632.3232323232323,-1102.3232323232323,OPTIMAL
93.93939393939394,119.1919191919192,212,2530.0,0.0,3694.949494949495,-1164.9494949494951,OPTIMAL
96.96969696969697,20.202020202020204,243,180.0,0.0,0.0,180.0,OPTIMAL
96.96969696969697,22.222222222222225,243,180.0,0.0,0.0,180.0,OPTIMAL
96.96969696969697,24.242424242424242,243,180.0,0.0,0.0,180.0,OPTIMAL
96.96969696969697,26.262626262626263,243,180.0,0.0,0.0,180.0,OPTIMAL
96.96969696969697,28.282828282828284,243,180.0,0.0,0.0,180.0,OPTIMAL
96.96969696969697,30.303030303030305,243,180.0,0.0,0.0,180.0,OPTIMAL
96.96969696969697,32.323232323232325,243,180.0,0.0,0.0,180.0,OPTIMAL
96.96969696969697,34.343434343434346,243,180.0,0.0,0.0,180.0,OPTIMAL
96.96969696969697,36.36363636363637,243,180.0,0.0,0.0,180.0,OPTIMAL
96.96969696969697,38.38383838383839,243,180.0,0.0,0.0,180.0,OPTIMAL
93.93939393939394,121.21212121212122,212,2530.0,0.0,3757.575757575758,-1227.575757575758,OPTIMAL
93.93939393939394,123.23232323232324,212,2530.0,0.0,3820.2020202020203,-1290.2020202020203,OPTIMAL
93.93939393939394,125.25252525252526,212,2530.0,0.0,3882.828282828283,-1352.8282828282831,OPTIMAL
93.93939393939394,127.27272727272728,212,2530.0,0.0,3945.4545454545455,-1415.4545454545455,OPTIMAL
93.93939393939394,129.2929292929293,212,2530.0,0.0,4008.0808080808083,-1478.0808080808083,OPTIMAL
93.93939393939394,131.31313131313132,212,2530.0,0.0,4070.707070707071,-1540.7070707070711,OPTIMAL
93.93939393939394,133.33333333333334,212,2530.0,0.0,4133.333333333334,-1603.333333333334,OPTIMAL
93.93939393939394,135.35353535353536,212,2530.0,0.0,4195.959595959596,-1665.9595959595963,OPTIMAL
93.93939393939394,137.37373737373738,212,2530.0,0.0,4258.585858585859,-1728.5858585858587,OPTIMAL
93.93939393939394,139.3939393939394,212,2530.0,0.0,4321.212121212122,-1791.212121212122,OPTIMAL
95.45454545454545,80.80808080808082,222,1530.0,0.0,1696.9696969696972,-166.96969696969722,OPTIMAL
95.45454545454545,82.82828282828284,222,1530.0,0.0,1739.3939393939395,-209.3939393939395,OPTIMAL
95.45454545454545,84.84848484848486,222,1530.0,0.0,1781.818181818182,-251.81818181818198,OPTIMAL
95.45454545454545,86.86868686868688,222,1530.0,0.0,1824.2424242424245,-294.2424242424245,OPTIMAL
95.45454545454545,88.8888888888889,222,1530.0,0.0,1866.666666666667,-336.66666666666697,OPTIMAL
95.45454545454545,90.90909090909092,217,1980.0,0.0,2363.636363636364,-383.63636363636397,OPTIMAL
95.45454545454545,92.92929292929294,217,1980.0,0.0,2416.1616161616166,-436.1616161616166,OPTIMAL
95.45454545454545,94.94949494949496,217,1980.0,0.0,2468.686868686869,-488.6868686868688,OPTIMAL
95.45454545454545,96.96969696969697,217,1980.0,0.0,2521.212121212121,-541.212121212121,OPTIMAL
95.45454545454545,98.98989898989899,217,1980.0,0.0,2573.7373737373737,-593.7373737373737,OPTIMAL
93.93939393939394,141.41414141414143,212,2530.0,0.0,4383.838383838384,-1853.8383838383843,OPTIMAL
93.93939393939394,143.43434343434345,212,2530.0,0.0,4446.464646464647,-1916.4646464646466,OPTIMAL
93.93939393939394,145.45454545454547,212,2530.0,0.0,4509.09090909091,-1979.09090909091,OPTIMAL
93.93939393939394,147.4747474747475,212,2530.0,0.0,4571.717171717172,-2041.7171717171723,OPTIMAL
93.93939393939394,149.4949494949495,212,2530.0,0.0,4634.343434343435,-2104.3434343434346,OPTIMAL
93.93939393939394,151.51515151515153,212,2530.0,0.0,4696.969696969697,-2166.969696969697,OPTIMAL
93.93939393939394,153.53535353535355,212,2530.0,0.0,4759.59595959596,-2229.5959595959603,OPTIMAL
93.93939393939394,155.55555555555557,212,2530.0,0.0,4822.222222222223,-2292.2222222222226,OPTIMAL
93.93939393939394,157.5757575757576,212,2530.0,0.0,4884.848484848485,-2354.848484848485,OPTIMAL
93.93939393939394,159.5959595959596,212,2530.0,0.0,4947.474747474748,-2417.4747474747483,OPTIMAL
96.96969696969697,40.40404040404041,237,420.0,0.0,242.42424242424244,177.57575757575756,OPTIMAL
96.96969696969697,42.42424242424243,237,420.0,0.0,254.54545454545456,165.45454545454544,OPTIMAL
96.96969696969697,44.44444444444445,237,420.0,0.0,266.6666666666667,153.33333333333331,OPTIMAL
96.96969696969697,46.46464646464647,237,420.0,0.0,278.7878787878788,141.2121212121212,OPTIMAL
96.96969696969697,48.484848484848484,237,420.0,0.0,290.9090909090909,129.09090909090912,OPTIMAL
96.96969696969697,50.505050505050505,237,420.0,0.0,303.030303030303,116.969696969697,OPTIMAL
96.96969696969697,52.525252525252526,237,420.0,0.0,315.1515151515151,104.84848484848487,OPTIMAL
96.96969696969697,54.54545454545455,237,420.0,0.0,327.27272727272725,92.72727272727275,OPTIMAL
96.96969696969697,56.56565656565657,237,420.0,0.0,339.3939393939394,80.60606060606062,OPTIMAL
96.96969696969697,58.58585858585859,237,420.0,0.0,351.5151515151515,68.4848484848485,OPTIMAL
93.93939393939394,161.61616161616163,212,2530.0,0.0,5010.101010101011,-2480.1010101010106,OPTIMAL
93.93939393939394,163.63636363636365,212,2530.0,0.0,5072.727272727273,-2542.727272727273,OPTIMAL
93.93939393939394,165.65656565656568,212,2530.0,0.0,5135.353535353536,-2605.3535353535362,OPTIMAL
93.93939393939394,167.6767676767677,212,2530.0,0.0,5197.979797979799,-2667.9797979797986,OPTIMAL
93.93939393939394,169.69696969696972,212,2530.0,0.0,5260.606060606061,-2730.606060606061,OPTIMAL
93.93939393939394,171.71717171717174,212,2530.0,0.0,5323.232323232324,-2793.2323232323242,OPTIMAL
93.93939393939394,173.73737373737376,212,2530.0,0.0,5385.858585858587,-2855.8585858585866,OPTIMAL
93.93939393939394,175.75757575757578,212,2530.0,0.0,5448.484848484849,-2918.484848484849,OPTIMAL
93.93939393939394,177.7777777777778,212,2530.0,0.0,5511.111111111112,-2981.111111111112,OPTIMAL
93.93939393939394,179.79797979797982,212,2530.0,0.0,5573.737373737375,-3043.7373737373746,OPTIMAL
93.93939393939394,181.81818181818184,202,4330.0,0.0,7454.545454545456,-3124.545454545456,OPTIMAL
93.93939393939394,183.83838383838386,202,4330.0,0.0,7537.373737373739,-3207.3737373737385,OPTIMAL
93.93939393939394,185.85858585858588,202,4330.0,0.0,7620.202020202021,-3290.2020202020212,OPTIMAL
93.93939393939394,187.8787878787879,202,4330.0,0.0,7703.030303030304,-3373.030303030304,OPTIMAL
93.93939393939394,189.89898989898992,202,4330.0,0.0,7785.858585858587,-3455.8585858585866,OPTIMAL
93.93939393939394,191.91919191919195,202,4330.0,0.0,7868.68686868687,-3538.68686868687,OPTIMAL
93.93939393939394,193.93939393939394,202,4330.0,0.0,7951.515151515151,-3621.515151515151,OPTIMAL
93.93939393939394,195.95959595959596,202,4330.0,0.0,8034.343434343435,-3704.3434343434346,OPTIMAL
93.93939393939394,197.97979797979798,202,4330.0,0.0,8117.171717171717,-3787.1717171717173,OPTIMAL
93.93939393939394,200.0,202,4330.0,0.0,8200.0,-3870.0,OPTIMAL
96.96969696969697,60.60606060606061,234,600.0,0.0,545.4545454545455,54.545454545454504,OPTIMAL
96.96969696969697,62.62626262626263,234,600.0,0.0,563.6363636363636,36.363636363636374,OPTIMAL
96.96969696969697,64.64646464646465,234,600.0,0.0,581.8181818181819,18.18181818181813,OPTIMAL
96.96969696969697,66.66666666666667,234,600.0,0.0,600.0,0.0,OPTIMAL
96.96969696969697,68.68686868686869,234,600.0,0.0,618.1818181818182,-18.181818181818244,OPTIMAL
96.96969696969697,70.70707070707071,231,810.0,0.0,848.4848484848485,-38.4848484848485,OPTIMAL
96.96969696969697,72.72727272727273,231,810.0,0.0,872.7272727272727,-62.72727272727275,OPTIMAL
96.96969696969697,74.74747474747475,231,810.0,0.0,896.969696969697,-86.969696969697,OPTIMAL
96.96969696969697,76.76767676767678,231,810.0,0.0,921.2121212121212,-111.21212121212125,OPTIMAL
96.96969696969697,78.7878787878788,231,810.0,0.0,945.4545454545455,-135.4545454545455,OPTIMAL
98.48484848484848,0.0,243,180.0,0.0,0.0,180.0,OPTIMAL
98.48484848484848,2.0202020202020203,243,180.0,0.0,0.0,180.0,OPTIMAL
98.48484848484848,4.040404040404041,243,180.0,0.0,0.0,180.0,OPTIMAL
98.48484848484848,6.0606060606060606,243,180.0,0.0,0.0,180.0,OPTIMAL
98.48484848484848,8.080808080808081,243,180.0,0.0,0.0,180.0,OPTIMAL
98.48484848484848,10.101010101010102,243,180.0,0.0,0.0,180.0,OPTIMAL
98.48484848484848,12.121212121212121,243,180.0,0.0,0.0,180.0,OPTIMAL
98.48484848484848,14.141414141414142,243,180.0,0.0,0.0,180.0,OPTIMAL
98.48484848484848,16.161616161616163,243,180.0,0.0,0.0,180.0,OPTIMAL
98.48484848484848,18.181818181818183,243,180.0,0.0,0.0,180.0,OPTIMAL
95.45454545454545,101.01010101010101,217,1980.0,0.0,2626.2626262626263,-646.2626262626263,OPTIMAL
95.45454545454545,103.03030303030303,217,1980.0,0.0,2678.787878787879,-698.787878787879,OPTIMAL
95.45454545454545,105.05050505050505,217,1980.0,0.0,2731.313131313131,-751.3131313131312,OPTIMAL
95.45454545454545,107.07070707070707,217,1980.0,0.0,2783.838383838384,-803.8383838383838,OPTIMAL
95.45454545454545,109.0909090909091,217,1980.0,0.0,2836.3636363636365,-856.3636363636365,OPTIMAL
95.45454545454545,111.11111111111111,212,2530.0,0.0,3444.4444444444443,-914.4444444444443,OPTIMAL
95.45454545454545,113.13131313131314,212,2530.0,0.0,3507.070707070707,-977.0707070707072,OPTIMAL
95.45454545454545,115.15151515151516,212,2530.0,0.0,3569.69696969697,-1039.69696969697,OPTIMAL
95.45454545454545,117.17171717171718,212,2530.0,0.0,3632.3232323232323,-1102.3232323232323,OPTIMAL
95.45454545454545,119.1919191919192,212,2530.0,0.0,3694.949494949495,-1164.9494949494951,OPTIMAL
96.96969696969697,80.80808080808082,222,1530.0,0.0,1696.9696969696972,-166.96969696969722,OPTIMAL
96.96969696969697,82.82828282828284,222,1530.0,0.0,1739.3939393939395,-209.3939393939395,OPTIMAL
96.96969696969697,84.84848484848486,222,1530.0,0.0,1781.818181818182,-251.81818181818198,OPTIMAL
96.96969696969697,86.86868686868688,222,1530.0,0.0,1824.2424242424245,-294.2424242424245,OPTIMAL
96.96969696969697,88.8888888888889,222,1530.0,0.0,1866.666666666667,-336.66666666666697,OPTIMAL
96.96969696969697,90.90909090909092,217,1980.0,0.0,2363.636363636364,-383.63636363636397,OPTIMAL
96.96969696969697,92.92929292929294,217,1980.0,0.0,2416.1616161616166,-436.1616161616166,OPTIMAL
96.96969696969697,94.94949494949496,217,1980.0,0.0,2468.686868686869,-488.6868686868688,OPTIMAL
96.96969696969697,96.96969696969697,217,1980.0,0.0,2521.212121212121,-541.212121212121,OPTIMAL
96.96969696969697,98.98989898989899,217,1980.0,0.0,2573.7373737373737,-593.7373737373737,OPTIMAL
98.48484848484848,20.202020202020204,243,180.0,0.0,0.0,180.0,OPTIMAL
98.48484848484848,22.222222222222225,243,180.0,0.0,0.0,180.0,OPTIMAL
98.48484848484848,24.242424242424242,243,180.0,0.0,0.0,180.0,OPTIMAL
98.48484848484848,26.262626262626263,243,180.0,0.0,0.0,180.0,OPTIMAL
98.48484848484848,28.282828282828284,243,180.0,0.0,0.0,180.0,OPTIMAL
98.48484848484848,30.303030303030305,243,180.0,0.0,0.0,180.0,OPTIMAL
98.48484848484848,32.323232323232325,243,180.0,0.0,0.0,180.0,OPTIMAL
98.48484848484848,34.343434343434346,243,180.0,0.0,0.0,180.0,OPTIMAL
98.48484848484848,36.36363636363637,243,180.0,0.0,0.0,180.0,OPTIMAL
98.48484848484848,38.38383838383839,243,180.0,0.0,0.0,180.0,OPTIMAL
95.45454545454545,121.21212121212122,212,2530.0,0.0,3757.575757575758,-1227.575757575758,OPTIMAL
95.45454545454545,123.23232323232324,212,2530.0,0.0,3820.2020202020203,-1290.2020202020203,OPTIMAL
95.45454545454545,125.25252525252526,212,2530.0,0.0,3882.828282828283,-1352.8282828282831,OPTIMAL
95.45454545454545,127.27272727272728,212,2530.0,0.0,3945.4545454545455,-1415.4545454545455,OPTIMAL
95.45454545454545,129.2929292929293,212,2530.0,0.0,4008.0808080808083,-1478.0808080808083,OPTIMAL
95.45454545454545,131.31313131313132,212,2530.0,0.0,4070.707070707071,-1540.7070707070711,OPTIMAL
95.45454545454545,133.33333333333334,212,2530.0,0.0,4133.333333333334,-1603.333333333334,OPTIMAL
95.45454545454545,135.35353535353536,212,2530.0,0.0,4195.959595959596,-1665.9595959595963,OPTIMAL
95.45454545454545,137.37373737373738,212,2530.0,0.0,4258.585858585859,-1728.5858585858587,OPTIMAL
95.45454545454545,139.3939393939394,212,2530.0,0.0,4321.212121212122,-1791.212121212122,OPTIMAL
95.45454545454545,181.81818181818184,202,4330.0,0.0,7454.545454545456,-3124.545454545456,OPTIMAL
95.45454545454545,183.83838383838386,202,4330.0,0.0,7537.373737373739,-3207.3737373737385,OPTIMAL
95.45454545454545,185.85858585858588,202,4330.0,0.0,7620.202020202021,-3290.2020202020212,OPTIMAL
95.45454545454545,187.8787878787879,202,4330.0,0.0,7703.030303030304,-3373.030303030304,OPTIMAL
95.45454545454545,189.89898989898992,202,4330.0,0.0,7785.858585858587,-3455.8585858585866,OPTIMAL
95.45454545454545,191.91919191919195,202,4330.0,0.0,7868.68686868687,-3538.68686868687,OPTIMAL
95.45454545454545,193.93939393939394,202,4330.0,0.0,7951.515151515151,-3621.515151515151,OPTIMAL
95.45454545454545,195.95959595959596,202,4330.0,0.0,8034.343434343435,-3704.3434343434346,OPTIMAL
95.45454545454545,197.97979797979798,202,4330.0,0.0,8117.171717171717,-3787.1717171717173,OPTIMAL
95.45454545454545,200.0,202,4330.0,0.0,8200.0,-3870.0,OPTIMAL
98.48484848484848,40.40404040404041,237,420.0,0.0,242.42424242424244,177.57575757575756,OPTIMAL
98.48484848484848,42.42424242424243,237,420.0,0.0,254.54545454545456,165.45454545454544,OPTIMAL
98.48484848484848,44.44444444444445,237,420.0,0.0,266.6666666666667,153.33333333333331,OPTIMAL
98.48484848484848,46.46464646464647,237,420.0,0.0,278.7878787878788,141.2121212121212,OPTIMAL
98.48484848484848,48.484848484848484,237,420.0,0.0,290.9090909090909,129.09090909090912,OPTIMAL
98.48484848484848,50.505050505050505,237,420.0,0.0,303.030303030303,116.969696969697,OPTIMAL
98.48484848484848,52.525252525252526,237,420.0,0.0,315.1515151515151,104.84848484848487,OPTIMAL
98.48484848484848,54.54545454545455,237,420.0,0.0,327.27272727272725,92.72727272727275,OPTIMAL
98.48484848484848,56.56565656565657,237,420.0,0.0,339.3939393939394,80.60606060606062,OPTIMAL
98.48484848484848,58.58585858585859,237,420.0,0.0,351.5151515151515,68.4848484848485,OPTIMAL
95.45454545454545,161.61616161616163,212,2530.0,0.0,5010.101010101011,-2480.1010101010106,OPTIMAL
95.45454545454545,163.63636363636365,212,2530.0,0.0,5072.727272727273,-2542.727272727273,OPTIMAL
95.45454545454545,165.65656565656568,212,2530.0,0.0,5135.353535353536,-2605.3535353535362,OPTIMAL
95.45454545454545,167.6767676767677,212,2530.0,0.0,5197.979797979799,-2667.9797979797986,OPTIMAL
95.45454545454545,169.69696969696972,212,2530.0,0.0,5260.606060606061,-2730.606060606061,OPTIMAL
95.45454545454545,171.71717171717174,212,2530.0,0.0,5323.232323232324,-2793.2323232323242,OPTIMAL
95.45454545454545,173.73737373737376,212,2530.0,0.0,5385.858585858587,-2855.8585858585866,OPTIMAL
95.45454545454545,175.75757575757578,212,2530.0,0.0,5448.484848484849,-2918.484848484849,OPTIMAL
95.45454545454545,177.7777777777778,212,2530.0,0.0,5511.111111111112,-2981.111111111112,OPTIMAL
95.45454545454545,179.79797979797982,212,2530.0,0.0,5573.737373737375,-3043.7373737373746,OPTIMAL
98.48484848484848,60.60606060606061,234,600.0,0.0,545.4545454545455,54.545454545454504,OPTIMAL
98.48484848484848,62.62626262626263,234,600.0,0.0,563.6363636363636,36.363636363636374,OPTIMAL
98.48484848484848,64.64646464646465,234,600.0,0.0,581.8181818181819,18.18181818181813,OPTIMAL
98.48484848484848,66.66666666666667,234,600.0,0.0,600.0,0.0,OPTIMAL
98.48484848484848,68.68686868686869,234,600.0,0.0,618.1818181818182,-18.181818181818244,OPTIMAL
98.48484848484848,70.70707070707071,231,810.0,0.0,848.4848484848485,-38.4848484848485,OPTIMAL
98.48484848484848,72.72727272727273,231,810.0,0.0,872.7272727272727,-62.72727272727275,OPTIMAL
98.48484848484848,74.74747474747475,231,810.0,0.0,896.969696969697,-86.969696969697,OPTIMAL
98.48484848484848,76.76767676767678,231,810.0,0.0,921.2121212121212,-111.21212121212125,OPTIMAL
98.48484848484848,78.7878787878788,231,810.0,0.0,945.4545454545455,-135.4545454545455,OPTIMAL
96.96969696969697,101.01010101010101,217,1980.0,0.0,2626.2626262626263,-646.2626262626263,OPTIMAL
96.96969696969697,103.03030303030303,217,1980.0,0.0,2678.787878787879,-698.787878787879,OPTIMAL
96.96969696969697,105.05050505050505,217,1980.0,0.0,2731.313131313131,-751.3131313131312,OPTIMAL
96.96969696969697,107.07070707070707,217,1980.0,0.0,2783.838383838384,-803.8383838383838,OPTIMAL
96.96969696969697,109.0909090909091,217,1980.0,0.0,2836.3636363636365,-856.3636363636365,OPTIMAL
96.96969696969697,111.11111111111111,212,2530.0,0.0,3444.4444444444443,-914.4444444444443,OPTIMAL
96.96969696969697,113.13131313131314,212,2530.0,0.0,3507.070707070707,-977.0707070707072,OPTIMAL
96.96969696969697,115.15151515151516,212,2530.0,0.0,3569.69696969697,-1039.69696969697,OPTIMAL
96.96969696969697,117.17171717171718,212,2530.0,0.0,3632.3232323232323,-1102.3232323232323,OPTIMAL
96.96969696969697,119.1919191919192,212,2530.0,0.0,3694.949494949495,-1164.9494949494951,OPTIMAL
100.0,0.0,243,180.0,0.0,0.0,180.0,OPTIMAL
100.0,2.0202020202020203,243,180.0,0.0,0.0,180.0,OPTIMAL
100.0,4.040404040404041,243,180.0,0.0,0.0,180.0,OPTIMAL
100.0,6.0606060606060606,243,180.0,0.0,0.0,180.0,OPTIMAL
100.0,8.080808080808081,243,180.0,0.0,0.0,180.0,OPTIMAL
100.0,10.101010101010102,243,180.0,0.0,0.0,180.0,OPTIMAL
100.0,12.121212121212121,243,180.0,0.0,0.0,180.0,OPTIMAL
100.0,14.141414141414142,243,180.0,0.0,0.0,180.0,OPTIMAL
100.0,16.161616161616163,243,180.0,0.0,0.0,180.0,OPTIMAL
100.0,18.181818181818183,243,180.0,0.0,0.0,180.0,OPTIMAL
96.96969696969697,121.21212121212122,212,2530.0,0.0,3757.575757575758,-1227.575757575758,OPTIMAL
96.96969696969697,123.23232323232324,212,2530.0,0.0,3820.2020202020203,-1290.2020202020203,OPTIMAL
96.96969696969697,125.25252525252526,212,2530.0,0.0,3882.828282828283,-1352.8282828282831,OPTIMAL
96.96969696969697,127.27272727272728,212,2530.0,0.0,3945.4545454545455,-1415.4545454545455,OPTIMAL
96.96969696969697,129.2929292929293,212,2530.0,0.0,4008.0808080808083,-1478.0808080808083,OPTIMAL
96.96969696969697,131.31313131313132,212,2530.0,0.0,4070.707070707071,-1540.7070707070711,OPTIMAL
96.96969696969697,133.33333333333334,212,2530.0,0.0,4133.333333333334,-1603.333333333334,OPTIMAL
96.96969696969697,135.35353535353536,212,2530.0,0.0,4195.959595959596,-1665.9595959595963,OPTIMAL
96.96969696969697,137.37373737373738,212,2530.0,0.0,4258.585858585859,-1728.5858585858587,OPTIMAL
96.96969696969697,139.3939393939394,212,2530.0,0.0,4321.212121212122,-1791.212121212122,OPTIMAL
95.45454545454545,141.41414141414143,212,2530.0,0.0,4383.838383838384,-1853.8383838383843,OPTIMAL
95.45454545454545,143.43434343434345,212,2530.0,0.0,4446.464646464647,-1916.4646464646466,OPTIMAL
95.45454545454545,145.45454545454547,212,2530.0,0.0,4509.09090909091,-1979.09090909091,OPTIMAL
95.45454545454545,147.4747474747475,212,2530.0,0.0,4571.717171717172,-2041.7171717171723,OPTIMAL
95.45454545454545,149.4949494949495,212,2530.0,0.0,4634.343434343435,-2104.3434343434346,OPTIMAL
95.45454545454545,151.51515151515153,212,2530.0,0.0,4696.969696969697,-2166.969696969697,OPTIMAL
95.45454545454545,153.53535353535355,212,2530.0,0.0,4759.59595959596,-2229.5959595959603,OPTIMAL
95.45454545454545,155.55555555555557,212,2530.0,0.0,4822.222222222223,-2292.2222222222226,OPTIMAL
95.45454545454545,157.5757575757576,212,2530.0,0.0,4884.848484848485,-2354.848484848485,OPTIMAL
95.45454545454545,159.5959595959596,212,2530.0,0.0,4947.474747474748,-2417.4747474747483,OPTIMAL
100.0,20.202020202020204,243,180.0,0.0,0.0,180.0,OPTIMAL
100.0,22.222222222222225,243,180.0,0.0,0.0,180.0,OPTIMAL
100.0,24.242424242424242,243,180.0,0.0,0.0,180.0,OPTIMAL
100.0,26.262626262626263,243,180.0,0.0,0.0,180.0,OPTIMAL
100.0,28.282828282828284,243,180.0,0.0,0.0,180.0,OPTIMAL
100.0,30.303030303030305,243,180.0,0.0,0.0,180.0,OPTIMAL
100.0,32.323232323232325,243,180.0,0.0,0.0,180.0,OPTIMAL
100.0,34.343434343434346,243,180.0,0.0,0.0,180.0,OPTIMAL
100.0,36.36363636363637,243,180.0,0.0,0.0,180.0,OPTIMAL
100.0,38.38383838383839,243,180.0,0.0,0.0,180.0,OPTIMAL
98.48484848484848,80.80808080808082,222,1530.0,0.0,1696.9696969696972,-166.96969696969722,OPTIMAL
98.48484848484848,82.82828282828284,222,1530.0,0.0,1739.3939393939395,-209.3939393939395,OPTIMAL
98.48484848484848,84.84848484848486,222,1530.0,0.0,1781.818181818182,-251.81818181818198,OPTIMAL
98.48484848484848,86.86868686868688,222,1530.0,0.0,1824.2424242424245,-294.2424242424245,OPTIMAL
98.48484848484848,88.8888888888889,222,1530.0,0.0,1866.666666666667,-336.66666666666697,OPTIMAL
98.48484848484848,90.90909090909092,217,1980.0,0.0,2363.636363636364,-383.63636363636397,OPTIMAL
98.48484848484848,92.92929292929294,217,1980.0,0.0,2416.1616161616166,-436.1616161616166,OPTIMAL
98.48484848484848,94.94949494949496,217,1980.0,0.0,2468.686868686869,-488.6868686868688,OPTIMAL
98.48484848484848,96.96969696969697,217,1980.0,0.0,2521.212121212121,-541.212121212121,OPTIMAL
98.48484848484848,98.98989898989899,217,1980.0,0.0,2573.7373737373737,-593.7373737373737,OPTIMAL
96.96969696969697,161.61616161616163,212,2530.0,0.0,5010.101010101011,-2480.1010101010106,OPTIMAL
96.96969696969697,163.63636363636365,212,2530.0,0.0,5072.727272727273,-2542.727272727273,OPTIMAL
96.96969696969697,165.65656565656568,212,2530.0,0.0,5135.353535353536,-2605.3535353535362,OPTIMAL
96.96969696969697,167.6767676767677,212,2530.0,0.0,5197.979797979799,-2667.9797979797986,OPTIMAL
96.96969696969697,169.69696969696972,212,2530.0,0.0,5260.606060606061,-2730.606060606061,OPTIMAL
96.96969696969697,171.71717171717174,212,2530.0,0.0,5323.232323232324,-2793.2323232323242,OPTIMAL
96.96969696969697,173.73737373737376,212,2530.0,0.0,5385.858585858587,-2855.8585858585866,OPTIMAL
96.96969696969697,175.75757575757578,212,2530.0,0.0,5448.484848484849,-2918.484848484849,OPTIMAL
96.96969696969697,177.7777777777778,212,2530.0,0.0,5511.111111111112,-2981.111111111112,OPTIMAL
96.96969696969697,179.79797979797982,212,2530.0,0.0,5573.737373737375,-3043.7373737373746,OPTIMAL
96.96969696969697,141.41414141414143,212,2530.0,0.0,4383.838383838384,-1853.8383838383843,OPTIMAL
96.96969696969697,143.43434343434345,212,2530.0,0.0,4446.464646464647,-1916.4646464646466,OPTIMAL
96.96969696969697,145.45454545454547,212,2530.0,0.0,4509.09090909091,-1979.09090909091,OPTIMAL
96.96969696969697,147.4747474747475,212,2530.0,0.0,4571.717171717172,-2041.7171717171723,OPTIMAL
96.96969696969697,149.4949494949495,212,2530.0,0.0,4634.343434343435,-2104.3434343434346,OPTIMAL
96.96969696969697,151.51515151515153,212,2530.0,0.0,4696.969696969697,-2166.969696969697,OPTIMAL
96.96969696969697,153.53535353535355,212,2530.0,0.0,4759.59595959596,-2229.5959595959603,OPTIMAL
96.96969696969697,155.55555555555557,212,2530.0,0.0,4822.222222222223,-2292.2222222222226,OPTIMAL
96.96969696969697,157.5757575757576,212,2530.0,0.0,4884.848484848485,-2354.848484848485,OPTIMAL
96.96969696969697,159.5959595959596,212,2530.0,0.0,4947.474747474748,-2417.4747474747483,OPTIMAL
100.0,40.40404040404041,237,420.0,0.0,242.42424242424244,177.57575757575756,OPTIMAL
100.0,42.42424242424243,237,420.0,0.0,254.54545454545456,165.45454545454544,OPTIMAL
100.0,44.44444444444445,237,420.0,0.0,266.6666666666667,153.33333333333331,OPTIMAL
100.0,46.46464646464647,237,420.0,0.0,278.7878787878788,141.2121212121212,OPTIMAL
100.0,48.484848484848484,237,420.0,0.0,290.9090909090909,129.09090909090912,OPTIMAL
100.0,50.505050505050505,237,420.0,0.0,303.030303030303,116.969696969697,OPTIMAL
100.0,52.525252525252526,237,420.0,0.0,315.1515151515151,104.84848484848487,OPTIMAL
100.0,54.54545454545455,237,420.0,0.0,327.27272727272725,92.72727272727275,OPTIMAL
100.0,56.56565656565657,237,420.0,0.0,339.3939393939394,80.60606060606062,OPTIMAL
100.0,58.58585858585859,237,420.0,0.0,351.5151515151515,68.4848484848485,OPTIMAL
96.96969696969697,181.81818181818184,202,4330.0,0.0,7454.545454545456,-3124.545454545456,OPTIMAL
96.96969696969697,183.83838383838386,202,4330.0,0.0,7537.373737373739,-3207.3737373737385,OPTIMAL
96.96969696969697,185.85858585858588,202,4330.0,0.0,7620.202020202021,-3290.2020202020212,OPTIMAL
96.96969696969697,187.8787878787879,202,4330.0,0.0,7703.030303030304,-3373.030303030304,OPTIMAL
96.96969696969697,189.89898989898992,202,4330.0,0.0,7785.858585858587,-3455.8585858585866,OPTIMAL
96.96969696969697,191.91919191919195,202,4330.0,0.0,7868.68686868687,-3538.68686868687,OPTIMAL
96.96969696969697,193.93939393939394,202,4330.0,0.0,7951.515151515151,-3621.515151515151,OPTIMAL
96.96969696969697,195.95959595959596,202,4330.0,0.0,8034.343434343435,-3704.3434343434346,OPTIMAL
96.96969696969697,197.97979797979798,202,4330.0,0.0,8117.171717171717,-3787.1717171717173,OPTIMAL
96.96969696969697,200.0,202,4330.0,0.0,8200.0,-3870.0,OPTIMAL
101.51515151515152,0.0,243,180.0,0.0,0.0,180.0,OPTIMAL
101.51515151515152,2.0202020202020203,243,180.0,0.0,0.0,180.0,OPTIMAL
101.51515151515152,4.040404040404041,243,180.0,0.0,0.0,180.0,OPTIMAL
101.51515151515152,6.0606060606060606,243,180.0,0.0,0.0,180.0,OPTIMAL
101.51515151515152,8.080808080808081,243,180.0,0.0,0.0,180.0,OPTIMAL
101.51515151515152,10.101010101010102,243,180.0,0.0,0.0,180.0,OPTIMAL
101.51515151515152,12.121212121212121,243,180.0,0.0,0.0,180.0,OPTIMAL
101.51515151515152,14.141414141414142,243,180.0,0.0,0.0,180.0,OPTIMAL
101.51515151515152,16.161616161616163,243,180.0,0.0,0.0,180.0,OPTIMAL
101.51515151515152,18.181818181818183,243,180.0,0.0,0.0,180.0,OPTIMAL
100.0,60.60606060606061,234,600.0,0.0,545.4545454545455,54.545454545454504,OPTIMAL
100.0,62.62626262626263,234,600.0,0.0,563.6363636363636,36.363636363636374,OPTIMAL
100.0,64.64646464646465,234,600.0,0.0,581.8181818181819,18.18181818181813,OPTIMAL
100.0,66.66666666666667,234,600.0,0.0,600.0,0.0,OPTIMAL
100.0,68.68686868686869,234,600.0,0.0,618.1818181818182,-18.181818181818244,OPTIMAL
100.0,70.70707070707071,231,810.0,0.0,848.4848484848485,-38.4848484848485,OPTIMAL
100.0,72.72727272727273,231,810.0,0.0,872.7272727272727,-62.72727272727275,OPTIMAL
100.0,74.74747474747475,231,810.0,0.0,896.969696969697,-86.969696969697,OPTIMAL
100.0,76.76767676767678,231,810.0,0.0,921.2121212121212,-111.21212121212125,OPTIMAL
100.0,78.7878787878788,231,810.0,0.0,945.4545454545455,-135.4545454545455,OPTIMAL
98.48484848484848,101.01010101010101,217,1980.0,0.0,2626.2626262626263,-646.2626262626263,OPTIMAL
98.48484848484848,103.03030303030303,217,1980.0,0.0,2678.787878787879,-698.787878787879,OPTIMAL
98.48484848484848,105.05050505050505,217,1980.0,0.0,2731.313131313131,-751.3131313131312,OPTIMAL
98.48484848484848,107.07070707070707,217,1980.0,0.0,2783.838383838384,-803.8383838383838,OPTIMAL
98.48484848484848,109.0909090909091,217,1980.0,0.0,2836.3636363636365,-856.3636363636365,OPTIMAL
98.48484848484848,111.11111111111111,212,2530.0,0.0,3444.4444444444443,-914.4444444444443,OPTIMAL
98.48484848484848,113.13131313131314,212,2530.0,0.0,3507.070707070707,-977.0707070707072,OPTIMAL
98.48484848484848,115.15151515151516,212,2530.0,0.0,3569.69696969697,-1039.69696969697,OPTIMAL
98.48484848484848,117.17171717171718,212,2530.0,0.0,3632.3232323232323,-1102.3232323232323,OPTIMAL
98.48484848484848,119.1919191919192,212,2530.0,0.0,3694.949494949495,-1164.9494949494951,OPTIMAL
101.51515151515152,20.202020202020204,243,180.0,0.0,0.0,180.0,OPTIMAL
101.51515151515152,22.222222222222225,243,180.0,0.0,0.0,180.0,OPTIMAL
101.51515151515152,24.242424242424242,243,180.0,0.0,0.0,180.0,OPTIMAL
101.51515151515152,26.262626262626263,243,180.0,0.0,0.0,180.0,OPTIMAL
101.51515151515152,28.282828282828284,243,180.0,0.0,0.0,180.0,OPTIMAL
101.51515151515152,30.303030303030305,243,180.0,0.0,0.0,180.0,OPTIMAL
101.51515151515152,32.323232323232325,243,180.0,0.0,0.0,180.0,OPTIMAL
101.51515151515152,34.343434343434346,243,180.0,0.0,0.0,180.0,OPTIMAL
101.51515151515152,36.36363636363637,243,180.0,0.0,0.0,180.0,OPTIMAL
101.51515151515152,38.38383838383839,243,180.0,0.0,0.0,180.0,OPTIMAL
98.48484848484848,141.41414141414143,212,2530.0,0.0,4383.838383838384,-1853.8383838383843,OPTIMAL
98.48484848484848,143.43434343434345,212,2530.0,0.0,4446.464646464647,-1916.4646464646466,OPTIMAL
98.48484848484848,145.45454545454547,212,2530.0,0.0,4509.09090909091,-1979.09090909091,OPTIMAL
98.48484848484848,147.4747474747475,212,2530.0,0.0,4571.717171717172,-2041.7171717171723,OPTIMAL
98.48484848484848,149.4949494949495,212,2530.0,0.0,4634.343434343435,-2104.3434343434346,OPTIMAL
98.48484848484848,151.51515151515153,212,2530.0,0.0,4696.969696969697,-2166.969696969697,OPTIMAL
98.48484848484848,153.53535353535355,212,2530.0,0.0,4759.59595959596,-2229.5959595959603,OPTIMAL
98.48484848484848,155.55555555555557,212,2530.0,0.0,4822.222222222223,-2292.2222222222226,OPTIMAL
98.48484848484848,157.5757575757576,212,2530.0,0.0,4884.848484848485,-2354.848484848485,OPTIMAL
98.48484848484848,159.5959595959596,212,2530.0,0.0,4947.474747474748,-2417.4747474747483,OPTIMAL
101.51515151515152,40.40404040404041,237,420.0,0.0,242.42424242424244,177.57575757575756,OPTIMAL
101.51515151515152,42.42424242424243,237,420.0,0.0,254.54545454545456,165.45454545454544,OPTIMAL
101.51515151515152,44.44444444444445,237,420.0,0.0,266.6666666666667,153.33333333333331,OPTIMAL
101.51515151515152,46.46464646464647,237,420.0,0.0,278.7878787878788,141.2121212121212,OPTIMAL
101.51515151515152,48.484848484848484,237,420.0,0.0,290.9090909090909,129.09090909090912,OPTIMAL
101.51515151515152,50.505050505050505,237,420.0,0.0,303.030303030303,116.969696969697,OPTIMAL
101.51515151515152,52.525252525252526,237,420.0,0.0,315.1515151515151,104.84848484848487,OPTIMAL
101.51515151515152,54.54545454545455,237,420.0,0.0,327.27272727272725,92.72727272727275,OPTIMAL
101.51515151515152,56.56565656565657,237,420.0,0.0,339.3939393939394,80.60606060606062,OPTIMAL
101.51515151515152,58.58585858585859,237,420.0,0.0,351.5151515151515,68.4848484848485,OPTIMAL
100.0,80.80808080808082,222,1530.0,0.0,1696.9696969696972,-166.96969696969722,OPTIMAL
100.0,82.82828282828284,222,1530.0,0.0,1739.3939393939395,-209.3939393939395,OPTIMAL
100.0,84.84848484848486,222,1530.0,0.0,1781.818181818182,-251.81818181818198,OPTIMAL
100.0,86.86868686868688,222,1530.0,0.0,1824.2424242424245,-294.2424242424245,OPTIMAL
100.0,88.8888888888889,222,1530.0,0.0,1866.666666666667,-336.66666666666697,OPTIMAL
100.0,90.90909090909092,217,1980.0,0.0,2363.636363636364,-383.63636363636397,OPTIMAL
100.0,92.92929292929294,217,1980.0,0.0,2416.1616161616166,-436.1616161616166,OPTIMAL
100.0,94.94949494949496,217,1980.0,0.0,2468.686868686869,-488.6868686868688,OPTIMAL
100.0,96.96969696969697,217,1980.0,0.0,2521.212121212121,-541.212121212121,OPTIMAL
100.0,98.98989898989899,217,1980.0,0.0,2573.7373737373737,-593.7373737373737,OPTIMAL
98.48484848484848,121.21212121212122,212,2530.0,0.0,3757.575757575758,-1227.575757575758,OPTIMAL
98.48484848484848,123.23232323232324,212,2530.0,0.0,3820.2020202020203,-1290.2020202020203,OPTIMAL
98.48484848484848,125.25252525252526,212,2530.0,0.0,3882.828282828283,-1352.8282828282831,OPTIMAL
98.48484848484848,127.27272727272728,212,2530.0,0.0,3945.4545454545455,-1415.4545454545455,OPTIMAL
98.48484848484848,129.2929292929293,212,2530.0,0.0,4008.0808080808083,-1478.0808080808083,OPTIMAL
98.48484848484848,131.31313131313132,212,2530.0,0.0,4070.707070707071,-1540.7070707070711,OPTIMAL
98.48484848484848,133.33333333333334,212,2530.0,0.0,4133.333333333334,-1603.333333333334,OPTIMAL
98.48484848484848,135.35353535353536,212,2530.0,0.0,4195.959595959596,-1665.9595959595963,OPTIMAL
98.48484848484848,137.37373737373738,212,2530.0,0.0,4258.585858585859,-1728.5858585858587,OPTIMAL
98.48484848484848,139.3939393939394,212,2530.0,0.0,4321.212121212122,-1791.212121212122,OPTIMAL
101.51515151515152,60.60606060606061,234,600.0,0.0,545.4545454545455,54.545454545454504,OPTIMAL
101.51515151515152,62.62626262626263,234,600.0,0.0,563.6363636363636,36.363636363636374,OPTIMAL
101.51515151515152,64.64646464646465,234,600.0,0.0,581.8181818181819,18.18181818181813,OPTIMAL
101.51515151515152,66.66666666666667,234,600.0,0.0,600.0,0.0,OPTIMAL
101.51515151515152,68.68686868686869,234,600.0,0.0,618.1818181818182,-18.181818181818244,OPTIMAL
101.51515151515152,70.70707070707071,231,810.0,0.0,848.4848484848485,-38.4848484848485,OPTIMAL
101.51515151515152,72.72727272727273,231,810.0,0.0,872.7272727272727,-62.72727272727275,OPTIMAL
101.51515151515152,74.74747474747475,231,810.0,0.0,896.969696969697,-86.969696969697,OPTIMAL
101.51515151515152,76.76767676767678,231,810.0,0.0,921.2121212121212,-111.21212121212125,OPTIMAL
101.51515151515152,78.7878787878788,231,810.0,0.0,945.4545454545455,-135.4545454545455,OPTIMAL
98.48484848484848,161.61616161616163,212,2530.0,0.0,5010.101010101011,-2480.1010101010106,OPTIMAL
98.48484848484848,163.63636363636365,212,2530.0,0.0,5072.727272727273,-2542.727272727273,OPTIMAL
98.48484848484848,165.65656565656568,212,2530.0,0.0,5135.353535353536,-2605.3535353535362,OPTIMAL
98.48484848484848,167.6767676767677,212,2530.0,0.0,5197.979797979799,-2667.9797979797986,OPTIMAL
98.48484848484848,169.69696969696972,212,2530.0,0.0,5260.606060606061,-2730.606060606061,OPTIMAL
98.48484848484848,171.71717171717174,212,2530.0,0.0,5323.232323232324,-2793.2323232323242,OPTIMAL
98.48484848484848,173.73737373737376,212,2530.0,0.0,5385.858585858587,-2855.8585858585866,OPTIMAL
98.48484848484848,175.75757575757578,212,2530.0,0.0,5448.484848484849,-2918.484848484849,OPTIMAL
98.48484848484848,177.7777777777778,212,2530.0,0.0,5511.111111111112,-2981.111111111112,OPTIMAL
98.48484848484848,179.79797979797982,212,2530.0,0.0,5573.737373737375,-3043.7373737373746,OPTIMAL
100.0,101.01010101010101,217,1980.0,0.0,2626.2626262626263,-646.2626262626263,OPTIMAL
100.0,103.03030303030303,217,1980.0,0.0,2678.787878787879,-698.787878787879,OPTIMAL
100.0,105.05050505050505,217,1980.0,0.0,2731.313131313131,-751.3131313131312,OPTIMAL
100.0,107.07070707070707,217,1980.0,0.0,2783.838383838384,-803.8383838383838,OPTIMAL
100.0,109.0909090909091,217,1980.0,0.0,2836.3636363636365,-856.3636363636365,OPTIMAL
100.0,111.11111111111111,212,2530.0,0.0,3444.4444444444443,-914.4444444444443,OPTIMAL
100.0,113.13131313131314,212,2530.0,0.0,3507.070707070707,-977.0707070707072,OPTIMAL
100.0,115.15151515151516,212,2530.0,0.0,3569.69696969697,-1039.69696969697,OPTIMAL
100.0,117.17171717171718,212,2530.0,0.0,3632.3232323232323,-1102.3232323232323,OPTIMAL
100.0,119.1919191919192,212,2530.0,0.0,3694.949494949495,-1164.9494949494951,OPTIMAL
103.03030303030303,0.0,243,180.0,0.0,0.0,180.0,OPTIMAL
103.03030303030303,2.0202020202020203,243,180.0,0.0,0.0,180.0,OPTIMAL
103.03030303030303,4.040404040404041,243,180.0,0.0,0.0,180.0,OPTIMAL
103.03030303030303,6.0606060606060606,243,180.0,0.0,0.0,180.0,OPTIMAL
103.03030303030303,8.080808080808081,243,180.0,0.0,0.0,180.0,OPTIMAL
103.03030303030303,10.101010101010102,243,180.0,0.0,0.0,180.0,OPTIMAL
103.03030303030303,12.121212121212121,243,180.0,0.0,0.0,180.0,OPTIMAL
103.03030303030303,14.141414141414142,243,180.0,0.0,0.0,180.0,OPTIMAL
103.03030303030303,16.161616161616163,243,180.0,0.0,0.0,180.0,OPTIMAL
103.03030303030303,18.181818181818183,243,180.0,0.0,0.0,180.0,OPTIMAL
98.48484848484848,181.81818181818184,202,4330.0,0.0,7454.545454545456,-3124.545454545456,OPTIMAL
98.48484848484848,183.83838383838386,202,4330.0,0.0,7537.373737373739,-3207.3737373737385,OPTIMAL
98.48484848484848,185.85858585858588,202,4330.0,0.0,7620.202020202021,-3290.2020202020212,OPTIMAL
98.48484848484848,187.8787878787879,202,4330.0,0.0,7703.030303030304,-3373.030303030304,OPTIMAL
98.48484848484848,189.89898989898992,202,4330.0,0.0,7785.858585858587,-3455.8585858585866,OPTIMAL
98.48484848484848,191.91919191919195,202,4330.0,0.0,7868.68686868687,-3538.68686868687,OPTIMAL
98.48484848484848,193.93939393939394,202,4330.0,0.0,7951.515151515151,-3621.515151515151,OPTIMAL
98.48484848484848,195.95959595959596,202,4330.0,0.0,8034.343434343435,-3704.3434343434346,OPTIMAL
98.48484848484848,197.97979797979798,202,4330.0,0.0,8117.171717171717,-3787.1717171717173,OPTIMAL
98.48484848484848,200.0,202,4330.0,0.0,8200.0,-3870.0,OPTIMAL
101.51515151515152,80.80808080808082,222,1530.0,0.0,1696.9696969696972,-166.96969696969722,OPTIMAL
101.51515151515152,82.82828282828284,222,1530.0,0.0,1739.3939393939395,-209.3939393939395,OPTIMAL
101.51515151515152,84.84848484848486,222,1530.0,0.0,1781.818181818182,-251.81818181818198,OPTIMAL
101.51515151515152,86.86868686868688,222,1530.0,0.0,1824.2424242424245,-294.2424242424245,OPTIMAL
101.51515151515152,88.8888888888889,222,1530.0,0.0,1866.666666666667,-336.66666666666697,OPTIMAL
101.51515151515152,90.90909090909092,217,1980.0,0.0,2363.636363636364,-383.63636363636397,OPTIMAL
101.51515151515152,92.92929292929294,217,1980.0,0.0,2416.1616161616166,-436.1616161616166,OPTIMAL
101.51515151515152,94.94949494949496,217,1980.0,0.0,2468.686868686869,-488.6868686868688,OPTIMAL
101.51515151515152,96.96969696969697,217,1980.0,0.0,2521.212121212121,-541.212121212121,OPTIMAL
101.51515151515152,98.98989898989899,217,1980.0,0.0,2573.7373737373737,-593.7373737373737,OPTIMAL
103.03030303030303,20.202020202020204,243,180.0,0.0,0.0,180.0,OPTIMAL
103.03030303030303,22.222222222222225,243,180.0,0.0,0.0,180.0,OPTIMAL
103.03030303030303,24.242424242424242,243,180.0,0.0,0.0,180.0,OPTIMAL
103.03030303030303,26.262626262626263,243,180.0,0.0,0.0,180.0,OPTIMAL
103.03030303030303,28.282828282828284,243,180.0,0.0,0.0,180.0,OPTIMAL
103.03030303030303,30.303030303030305,243,180.0,0.0,0.0,180.0,OPTIMAL
103.03030303030303,32.323232323232325,243,180.0,0.0,0.0,180.0,OPTIMAL
103.03030303030303,34.343434343434346,243,180.0,0.0,0.0,180.0,OPTIMAL
103.03030303030303,36.36363636363637,243,180.0,0.0,0.0,180.0,OPTIMAL
103.03030303030303,38.38383838383839,243,180.0,0.0,0.0,180.0,OPTIMAL
100.0,161.61616161616163,212,2530.0,0.0,5010.101010101011,-2480.1010101010106,OPTIMAL
100.0,163.63636363636365,212,2530.0,0.0,5072.727272727273,-2542.727272727273,OPTIMAL
100.0,165.65656565656568,212,2530.0,0.0,5135.353535353536,-2605.3535353535362,OPTIMAL
100.0,167.6767676767677,212,2530.0,0.0,5197.979797979799,-2667.9797979797986,OPTIMAL
100.0,169.69696969696972,212,2530.0,0.0,5260.606060606061,-2730.606060606061,OPTIMAL
100.0,171.71717171717174,212,2530.0,0.0,5323.232323232324,-2793.2323232323242,OPTIMAL
100.0,173.73737373737376,212,2530.0,0.0,5385.858585858587,-2855.8585858585866,OPTIMAL
100.0,175.75757575757578,212,2530.0,0.0,5448.484848484849,-2918.484848484849,OPTIMAL
100.0,177.7777777777778,212,2530.0,0.0,5511.111111111112,-2981.111111111112,OPTIMAL
100.0,179.79797979797982,212,2530.0,0.0,5573.737373737375,-3043.7373737373746,OPTIMAL
100.0,141.41414141414143,212,2530.0,0.0,4383.838383838384,-1853.8383838383843,OPTIMAL
100.0,143.43434343434345,212,2530.0,0.0,4446.464646464647,-1916.4646464646466,OPTIMAL
100.0,145.45454545454547,212,2530.0,0.0,4509.09090909091,-1979.09090909091,OPTIMAL
100.0,147.4747474747475,212,2530.0,0.0,4571.717171717172,-2041.7171717171723,OPTIMAL
100.0,149.4949494949495,212,2530.0,0.0,4634.343434343435,-2104.3434343434346,OPTIMAL
100.0,151.51515151515153,212,2530.0,0.0,4696.969696969697,-2166.969696969697,OPTIMAL
100.0,153.53535353535355,212,2530.0,0.0,4759.59595959596,-2229.5959595959603,OPTIMAL
100.0,155.55555555555557,212,2530.0,0.0,4822.222222222223,-2292.2222222222226,OPTIMAL
100.0,157.5757575757576,212,2530.0,0.0,4884.848484848485,-2354.848484848485,OPTIMAL
100.0,159.5959595959596,212,2530.0,0.0,4947.474747474748,-2417.4747474747483,OPTIMAL
100.0,121.21212121212122,212,2530.0,0.0,3757.575757575758,-1227.575757575758,OPTIMAL
100.0,123.23232323232324,212,2530.0,0.0,3820.2020202020203,-1290.2020202020203,OPTIMAL
100.0,125.25252525252526,212,2530.0,0.0,3882.828282828283,-1352.8282828282831,OPTIMAL
100.0,127.27272727272728,212,2530.0,0.0,3945.4545454545455,-1415.4545454545455,OPTIMAL
100.0,129.2929292929293,212,2530.0,0.0,4008.0808080808083,-1478.0808080808083,OPTIMAL
100.0,131.31313131313132,212,2530.0,0.0,4070.707070707071,-1540.7070707070711,OPTIMAL
100.0,133.33333333333334,212,2530.0,0.0,4133.333333333334,-1603.333333333334,OPTIMAL
100.0,135.35353535353536,212,2530.0,0.0,4195.959595959596,-1665.9595959595963,OPTIMAL
100.0,137.37373737373738,212,2530.0,0.0,4258.585858585859,-1728.5858585858587,OPTIMAL
100.0,139.3939393939394,212,2530.0,0.0,4321.212121212122,-1791.212121212122,OPTIMAL
103.03030303030303,40.40404040404041,237,420.0,0.0,242.42424242424244,177.57575757575756,OPTIMAL
103.03030303030303,42.42424242424243,237,420.0,0.0,254.54545454545456,165.45454545454544,OPTIMAL
103.03030303030303,44.44444444444445,237,420.0,0.0,266.6666666666667,153.33333333333331,OPTIMAL
103.03030303030303,46.46464646464647,237,420.0,0.0,278.7878787878788,141.2121212121212,OPTIMAL
103.03030303030303,48.484848484848484,237,420.0,0.0,290.9090909090909,129.09090909090912,OPTIMAL
103.03030303030303,50.505050505050505,237,420.0,0.0,303.030303030303,116.969696969697,OPTIMAL
103.03030303030303,52.525252525252526,237,420.0,0.0,315.1515151515151,104.84848484848487,OPTIMAL
103.03030303030303,54.54545454545455,237,420.0,0.0,327.27272727272725,92.72727272727275,OPTIMAL
103.03030303030303,56.56565656565657,237,420.0,0.0,339.3939393939394,80.60606060606062,OPTIMAL
103.03030303030303,58.58585858585859,237,420.0,0.0,351.5151515151515,68.4848484848485,OPTIMAL
103.03030303030303,60.60606060606061,234,600.0,0.0,545.4545454545455,54.545454545454504,OPTIMAL
103.03030303030303,62.62626262626263,234,600.0,0.0,563.6363636363636,36.363636363636374,OPTIMAL
103.03030303030303,64.64646464646465,234,600.0,0.0,581.8181818181819,18.18181818181813,OPTIMAL
103.03030303030303,66.66666666666667,234,600.0,0.0,600.0,0.0,OPTIMAL
103.03030303030303,68.68686868686869,234,600.0,0.0,618.1818181818182,-18.181818181818244,OPTIMAL
103.03030303030303,70.70707070707071,231,810.0,0.0,848.4848484848485,-38.4848484848485,OPTIMAL
103.03030303030303,72.72727272727273,231,810.0,0.0,872.7272727272727,-62.72727272727275,OPTIMAL
103.03030303030303,74.74747474747475,231,810.0,0.0,896.969696969697,-86.969696969697,OPTIMAL
103.03030303030303,76.76767676767678,231,810.0,0.0,921.2121212121212,-111.21212121212125,OPTIMAL
103.03030303030303,78.7878787878788,231,810.0,0.0,945.4545454545455,-135.4545454545455,OPTIMAL
104.54545454545455,0.0,243,180.0,0.0,0.0,180.0,OPTIMAL
104.54545454545455,2.0202020202020203,243,180.0,0.0,0.0,180.0,OPTIMAL
104.54545454545455,4.040404040404041,243,180.0,0.0,0.0,180.0,OPTIMAL
104.54545454545455,6.0606060606060606,243,180.0,0.0,0.0,180.0,OPTIMAL
104.54545454545455,8.080808080808081,243,180.0,0.0,0.0,180.0,OPTIMAL
104.54545454545455,10.101010101010102,243,180.0,0.0,0.0,180.0,OPTIMAL
104.54545454545455,12.121212121212121,243,180.0,0.0,0.0,180.0,OPTIMAL
104.54545454545455,14.141414141414142,243,180.0,0.0,0.0,180.0,OPTIMAL
104.54545454545455,16.161616161616163,243,180.0,0.0,0.0,180.0,OPTIMAL
104.54545454545455,18.181818181818183,243,180.0,0.0,0.0,180.0,OPTIMAL
100.0,181.81818181818184,202,4330.0,0.0,7454.545454545456,-3124.545454545456,OPTIMAL
100.0,183.83838383838386,202,4330.0,0.0,7537.373737373739,-3207.3737373737385,OPTIMAL
100.0,185.85858585858588,202,4330.0,0.0,7620.202020202021,-3290.2020202020212,OPTIMAL
100.0,187.8787878787879,202,4330.0,0.0,7703.030303030304,-3373.030303030304,OPTIMAL
100.0,189.89898989898992,202,4330.0,0.0,7785.858585858587,-3455.8585858585866,OPTIMAL
100.0,191.91919191919195,202,4330.0,0.0,7868.68686868687,-3538.68686868687,OPTIMAL
100.0,193.93939393939394,202,4330.0,0.0,7951.515151515151,-3621.515151515151,OPTIMAL
100.0,195.95959595959596,202,4330.0,0.0,8034.343434343435,-3704.3434343434346,OPTIMAL
100.0,197.97979797979798,202,4330.0,0.0,8117.171717171717,-3787.1717171717173,OPTIMAL
100.0,200.0,202,4330.0,0.0,8200.0,-3870.0,OPTIMAL
101.51515151515152,101.01010101010101,217,1980.0,0.0,2626.2626262626263,-646.2626262626263,OPTIMAL
101.51515151515152,103.03030303030303,217,1980.0,0.0,2678.787878787879,-698.787878787879,OPTIMAL
101.51515151515152,105.05050505050505,217,1980.0,0.0,2731.313131313131,-751.3131313131312,OPTIMAL
101.51515151515152,107.07070707070707,217,1980.0,0.0,2783.838383838384,-803.8383838383838,OPTIMAL
101.51515151515152,109.0909090909091,217,1980.0,0.0,2836.3636363636365,-856.3636363636365,OPTIMAL
101.51515151515152,111.11111111111111,212,2530.0,0.0,3444.4444444444443,-914.4444444444443,OPTIMAL
101.51515151515152,113.13131313131314,212,2530.0,0.0,3507.070707070707,-977.0707070707072,OPTIMAL
101.51515151515152,115.15151515151516,212,2530.0,0.0,3569.69696969697,-1039.69696969697,OPTIMAL
101.51515151515152,117.17171717171718,212,2530.0,0.0,3632.3232323232323,-1102.3232323232323,OPTIMAL
101.51515151515152,119.1919191919192,212,2530.0,0.0,3694.949494949495,-1164.9494949494951,OPTIMAL
101.51515151515152,121.21212121212122,212,2530.0,0.0,3757.575757575758,-1227.575757575758,OPTIMAL
101.51515151515152,123.23232323232324,212,2530.0,0.0,3820.2020202020203,-1290.2020202020203,OPTIMAL
101.51515151515152,125.25252525252526,212,2530.0,0.0,3882.828282828283,-1352.8282828282831,OPTIMAL
101.51515151515152,127.27272727272728,212,2530.0,0.0,3945.4545454545455,-1415.4545454545455,OPTIMAL
101.51515151515152,129.2929292929293,212,2530.0,0.0,4008.0808080808083,-1478.0808080808083,OPTIMAL
101.51515151515152,131.31313131313132,212,2530.0,0.0,4070.707070707071,-1540.7070707070711,OPTIMAL
101.51515151515152,133.33333333333334,212,2530.0,0.0,4133.333333333334,-1603.333333333334,OPTIMAL
101.51515151515152,135.35353535353536,212,2530.0,0.0,4195.959595959596,-1665.9595959595963,OPTIMAL
101.51515151515152,137.37373737373738,212,2530.0,0.0,4258.585858585859,-1728.5858585858587,OPTIMAL
101.51515151515152,139.3939393939394,212,2530.0,0.0,4321.212121212122,-1791.212121212122,OPTIMAL
104.54545454545455,20.202020202020204,243,180.0,0.0,0.0,180.0,OPTIMAL
104.54545454545455,22.222222222222225,243,180.0,0.0,0.0,180.0,OPTIMAL
104.54545454545455,24.242424242424242,243,180.0,0.0,0.0,180.0,OPTIMAL
104.54545454545455,26.262626262626263,243,180.0,0.0,0.0,180.0,OPTIMAL
104.54545454545455,28.282828282828284,243,180.0,0.0,0.0,180.0,OPTIMAL
104.54545454545455,30.303030303030305,243,180.0,0.0,0.0,180.0,OPTIMAL
104.54545454545455,32.323232323232325,243,180.0,0.0,0.0,180.0,OPTIMAL
104.54545454545455,34.343434343434346,243,180.0,0.0,0.0,180.0,OPTIMAL
104.54545454545455,36.36363636363637,243,180.0,0.0,0.0,180.0,OPTIMAL
104.54545454545455,38.38383838383839,243,180.0,0.0,0.0,180.0,OPTIMAL
103.03030303030303,80.80808080808082,222,1530.0,0.0,1696.9696969696972,-166.96969696969722,OPTIMAL
103.03030303030303,82.82828282828284,222,1530.0,0.0,1739.3939393939395,-209.3939393939395,OPTIMAL
103.03030303030303,84.84848484848486,222,1530.0,0.0,1781.818181818182,-251.81818181818198,OPTIMAL
103.03030303030303,86.86868686868688,222,1530.0,0.0,1824.2424242424245,-294.2424242424245,OPTIMAL
103.03030303030303,88.8888888888889,222,1530.0,0.0,1866.666666666667,-336.66666666666697,OPTIMAL
103.03030303030303,90.90909090909092,217,1980.0,0.0,2363.636363636364,-383.63636363636397,OPTIMAL
103.03030303030303,92.92929292929294,217,1980.0,0.0,2416.1616161616166,-436.1616161616166,OPTIMAL
103.03030303030303,94.94949494949496,217,1980.0,0.0,2468.686868686869,-488.6868686868688,OPTIMAL
103.03030303030303,96.96969696969697,217,1980.0,0.0,2521.212121212121,-541.212121212121,OPTIMAL
103.03030303030303,98.98989898989899,217,1980.0,0.0,2573.7373737373737,-593.7373737373737,OPTIMAL
104.54545454545455,40.40404040404041,237,420.0,0.0,242.42424242424244,177.57575757575756,OPTIMAL
104.54545454545455,42.42424242424243,237,420.0,0.0,254.54545454545456,165.45454545454544,OPTIMAL
104.54545454545455,44.44444444444445,237,420.0,0.0,266.6666666666667,153.33333333333331,OPTIMAL
104.54545454545455,46.46464646464647,237,420.0,0.0,278.7878787878788,141.2121212121212,OPTIMAL
104.54545454545455,48.484848484848484,237,420.0,0.0,290.9090909090909,129.09090909090912,OPTIMAL
104.54545454545455,50.505050505050505,237,420.0,0.0,303.030303030303,116.969696969697,OPTIMAL
104.54545454545455,52.525252525252526,237,420.0,0.0,315.1515151515151,104.84848484848487,OPTIMAL
104.54545454545455,54.54545454545455,237,420.0,0.0,327.27272727272725,92.72727272727275,OPTIMAL
104.54545454545455,56.56565656565657,237,420.0,0.0,339.3939393939394,80.60606060606062,OPTIMAL
104.54545454545455,58.58585858585859,237,420.0,0.0,351.5151515151515,68.4848484848485,OPTIMAL
101.51515151515152,141.41414141414143,212,2530.0,0.0,4383.838383838384,-1853.8383838383843,OPTIMAL
101.51515151515152,143.43434343434345,212,2530.0,0.0,4446.464646464647,-1916.4646464646466,OPTIMAL
101.51515151515152,145.45454545454547,212,2530.0,0.0,4509.09090909091,-1979.09090909091,OPTIMAL
101.51515151515152,147.4747474747475,212,2530.0,0.0,4571.717171717172,-2041.7171717171723,OPTIMAL
101.51515151515152,149.4949494949495,212,2530.0,0.0,4634.343434343435,-2104.3434343434346,OPTIMAL
101.51515151515152,151.51515151515153,212,2530.0,0.0,4696.969696969697,-2166.969696969697,OPTIMAL
101.51515151515152,153.53535353535355,212,2530.0,0.0,4759.59595959596,-2229.5959595959603,OPTIMAL
101.51515151515152,155.55555555555557,212,2530.0,0.0,4822.222222222223,-2292.2222222222226,OPTIMAL
101.51515151515152,157.5757575757576,212,2530.0,0.0,4884.848484848485,-2354.848484848485,OPTIMAL
101.51515151515152,159.5959595959596,212,2530.0,0.0,4947.474747474748,-2417.4747474747483,OPTIMAL
101.51515151515152,161.61616161616163,212,2530.0,0.0,5010.101010101011,-2480.1010101010106,OPTIMAL
101.51515151515152,163.63636363636365,212,2530.0,0.0,5072.727272727273,-2542.727272727273,OPTIMAL
101.51515151515152,165.65656565656568,212,2530.0,0.0,5135.353535353536,-2605.3535353535362,OPTIMAL
101.51515151515152,167.6767676767677,212,2530.0,0.0,5197.979797979799,-2667.9797979797986,OPTIMAL
101.51515151515152,169.69696969696972,212,2530.0,0.0,5260.606060606061,-2730.606060606061,OPTIMAL
101.51515151515152,171.71717171717174,212,2530.0,0.0,5323.232323232324,-2793.2323232323242,OPTIMAL
101.51515151515152,173.73737373737376,212,2530.0,0.0,5385.858585858587,-2855.8585858585866,OPTIMAL
101.51515151515152,175.75757575757578,212,2530.0,0.0,5448.484848484849,-2918.484848484849,OPTIMAL
101.51515151515152,177.7777777777778,212,2530.0,0.0,5511.111111111112,-2981.111111111112,OPTIMAL
101.51515151515152,179.79797979797982,212,2530.0,0.0,5573.737373737375,-3043.7373737373746,OPTIMAL
104.54545454545455,60.60606060606061,234,600.0,0.0,545.4545454545455,54.545454545454504,OPTIMAL
104.54545454545455,62.62626262626263,234,600.0,0.0,563.6363636363636,36.363636363636374,OPTIMAL
104.54545454545455,64.64646464646465,234,600.0,0.0,581.8181818181819,18.18181818181813,OPTIMAL
104.54545454545455,66.66666666666667,234,600.0,0.0,600.0,0.0,OPTIMAL
104.54545454545455,68.68686868686869,234,600.0,0.0,618.1818181818182,-18.181818181818244,OPTIMAL
104.54545454545455,70.70707070707071,231,810.0,0.0,848.4848484848485,-38.4848484848485,OPTIMAL
104.54545454545455,72.72727272727273,231,810.0,0.0,872.7272727272727,-62.72727272727275,OPTIMAL
104.54545454545455,74.74747474747475,231,810.0,0.0,896.969696969697,-86.969696969697,OPTIMAL
104.54545454545455,76.76767676767678,231,810.0,0.0,921.2121212121212,-111.21212121212125,OPTIMAL
104.54545454545455,78.7878787878788,231,810.0,0.0,945.4545454545455,-135.4545454545455,OPTIMAL
103.03030303030303,101.01010101010101,217,1980.0,0.0,2626.2626262626263,-646.2626262626263,OPTIMAL
103.03030303030303,103.03030303030303,217,1980.0,0.0,2678.787878787879,-698.787878787879,OPTIMAL
103.03030303030303,105.05050505050505,217,1980.0,0.0,2731.313131313131,-751.3131313131312,OPTIMAL
103.03030303030303,107.07070707070707,217,1980.0,0.0,2783.838383838384,-803.8383838383838,OPTIMAL
103.03030303030303,109.0909090909091,217,1980.0,0.0,2836.3636363636365,-856.3636363636365,OPTIMAL
103.03030303030303,111.11111111111111,212,2530.0,0.0,3444.4444444444443,-914.4444444444443,OPTIMAL
103.03030303030303,113.13131313131314,212,2530.0,0.0,3507.070707070707,-977.0707070707072,OPTIMAL
103.03030303030303,115.15151515151516,212,2530.0,0.0,3569.69696969697,-1039.69696969697,OPTIMAL
103.03030303030303,117.17171717171718,212,2530.0,0.0,3632.3232323232323,-1102.3232323232323,OPTIMAL
103.03030303030303,119.1919191919192,212,2530.0,0.0,3694.949494949495,-1164.9494949494951,OPTIMAL
106.06060606060606,0.0,243,180.0,0.0,0.0,180.0,OPTIMAL
106.06060606060606,2.0202020202020203,243,180.0,0.0,0.0,180.0,OPTIMAL
106.06060606060606,4.040404040404041,243,180.0,0.0,0.0,180.0,OPTIMAL
106.06060606060606,6.0606060606060606,243,180.0,0.0,0.0,180.0,OPTIMAL
106.06060606060606,8.080808080808081,243,180.0,0.0,0.0,180.0,OPTIMAL
106.06060606060606,10.101010101010102,243,180.0,0.0,0.0,180.0,OPTIMAL
106.06060606060606,12.121212121212121,243,180.0,0.0,0.0,180.0,OPTIMAL
106.06060606060606,14.141414141414142,243,180.0,0.0,0.0,180.0,OPTIMAL
106.06060606060606,16.161616161616163,243,180.0,0.0,0.0,180.0,OPTIMAL
106.06060606060606,18.181818181818183,243,180.0,0.0,0.0,180.0,OPTIMAL
106.06060606060606,20.202020202020204,243,180.0,0.0,0.0,180.0,OPTIMAL
106.06060606060606,22.222222222222225,243,180.0,0.0,0.0,180.0,OPTIMAL
106.06060606060606,24.242424242424242,243,180.0,0.0,0.0,180.0,OPTIMAL
106.06060606060606,26.262626262626263,243,180.0,0.0,0.0,180.0,OPTIMAL
106.06060606060606,28.282828282828284,243,180.0,0.0,0.0,180.0,OPTIMAL
106.06060606060606,30.303030303030305,243,180.0,0.0,0.0,180.0,OPTIMAL
106.06060606060606,32.323232323232325,243,180.0,0.0,0.0,180.0,OPTIMAL
106.06060606060606,34.343434343434346,243,180.0,0.0,0.0,180.0,OPTIMAL
106.06060606060606,36.36363636363637,243,180.0,0.0,0.0,180.0,OPTIMAL
106.06060606060606,38.38383838383839,243,180.0,0.0,0.0,180.0,OPTIMAL
101.51515151515152,181.81818181818184,202,4330.0,0.0,7454.545454545456,-3124.545454545456,OPTIMAL
101.51515151515152,183.83838383838386,202,4330.0,0.0,7537.373737373739,-3207.3737373737385,OPTIMAL
101.51515151515152,185.85858585858588,202,4330.0,0.0,7620.202020202021,-3290.2020202020212,OPTIMAL
101.51515151515152,187.8787878787879,202,4330.0,0.0,7703.030303030304,-3373.030303030304,OPTIMAL
101.51515151515152,189.89898989898992,202,4330.0,0.0,7785.858585858587,-3455.8585858585866,OPTIMAL
101.51515151515152,191.91919191919195,202,4330.0,0.0,7868.68686868687,-3538.68686868687,OPTIMAL
101.51515151515152,193.93939393939394,202,4330.0,0.0,7951.515151515151,-3621.515151515151,OPTIMAL
101.51515151515152,195.95959595959596,202,4330.0,0.0,8034.343434343435,-3704.3434343434346,OPTIMAL
101.51515151515152,197.97979797979798,202,4330.0,0.0,8117.171717171717,-3787.1717171717173,OPTIMAL
101.51515151515152,200.0,202,4330.0,0.0,8200.0,-3870.0,OPTIMAL
103.03030303030303,121.21212121212122,212,2530.0,0.0,3757.575757575758,-1227.575757575758,OPTIMAL
103.03030303030303,123.23232323232324,212,2530.0,0.0,3820.2020202020203,-1290.2020202020203,OPTIMAL
103.03030303030303,125.25252525252526,212,2530.0,0.0,3882.828282828283,-1352.8282828282831,OPTIMAL
103.03030303030303,127.27272727272728,212,2530.0,0.0,3945.4545454545455,-1415.4545454545455,OPTIMAL
103.03030303030303,129.2929292929293,212,2530.0,0.0,4008.0808080808083,-1478.0808080808083,OPTIMAL
103.03030303030303,131.31313131313132,212,2530.0,0.0,4070.707070707071,-1540.7070707070711,OPTIMAL
103.03030303030303,133.33333333333334,212,2530.0,0.0,4133.333333333334,-1603.333333333334,OPTIMAL
103.03030303030303,135.35353535353536,212,2530.0,0.0,4195.959595959596,-1665.9595959595963,OPTIMAL
103.03030303030303,137.37373737373738,212,2530.0,0.0,4258.585858585859,-1728.5858585858587,OPTIMAL
103.03030303030303,139.3939393939394,212,2530.0,0.0,4321.212121212122,-1791.212121212122,OPTIMAL
103.03030303030303,161.61616161616163,212,2530.0,0.0,5010.101010101011,-2480.1010101010106,OPTIMAL
103.03030303030303,163.63636363636365,212,2530.0,0.0,5072.727272727273,-2542.727272727273,OPTIMAL
103.03030303030303,165.65656565656568,212,2530.0,0.0,5135.353535353536,-2605.3535353535362,OPTIMAL
103.03030303030303,167.6767676767677,212,2530.0,0.0,5197.979797979799,-2667.9797979797986,OPTIMAL
103.03030303030303,169.69696969696972,212,2530.0,0.0,5260.606060606061,-2730.606060606061,OPTIMAL
103.03030303030303,171.71717171717174,212,2530.0,0.0,5323.232323232324,-2793.2323232323242,OPTIMAL
103.03030303030303,173.73737373737376,212,2530.0,0.0,5385.858585858587,-2855.8585858585866,OPTIMAL
103.03030303030303,175.75757575757578,212,2530.0,0.0,5448.484848484849,-2918.484848484849,OPTIMAL
103.03030303030303,177.7777777777778,212,2530.0,0.0,5511.111111111112,-2981.111111111112,OPTIMAL
103.03030303030303,179.79797979797982,212,2530.0,0.0,5573.737373737375,-3043.7373737373746,OPTIMAL
103.03030303030303,141.41414141414143,212,2530.0,0.0,4383.838383838384,-1853.8383838383843,OPTIMAL
103.03030303030303,143.43434343434345,212,2530.0,0.0,4446.464646464647,-1916.4646464646466,OPTIMAL
103.03030303030303,145.45454545454547,212,2530.0,0.0,4509.09090909091,-1979.09090909091,OPTIMAL
103.03030303030303,147.4747474747475,212,2530.0,0.0,4571.717171717172,-2041.7171717171723,OPTIMAL
103.03030303030303,149.4949494949495,212,2530.0,0.0,4634.343434343435,-2104.3434343434346,OPTIMAL
103.03030303030303,151.51515151515153,212,2530.0,0.0,4696.969696969697,-2166.969696969697,OPTIMAL
103.03030303030303,153.53535353535355,212,2530.0,0.0,4759.59595959596,-2229.5959595959603,OPTIMAL
103.03030303030303,155.55555555555557,212,2530.0,0.0,4822.222222222223,-2292.2222222222226,OPTIMAL
103.03030303030303,157.5757575757576,212,2530.0,0.0,4884.848484848485,-2354.848484848485,OPTIMAL
103.03030303030303,159.5959595959596,212,2530.0,0.0,4947.474747474748,-2417.4747474747483,OPTIMAL
106.06060606060606,40.40404040404041,237,420.0,0.0,242.42424242424244,177.57575757575756,OPTIMAL
106.06060606060606,42.42424242424243,237,420.0,0.0,254.54545454545456,165.45454545454544,OPTIMAL
106.06060606060606,44.44444444444445,237,420.0,0.0,266.6666666666667,153.33333333333331,OPTIMAL
106.06060606060606,46.46464646464647,237,420.0,0.0,278.7878787878788,141.2121212121212,OPTIMAL
106.06060606060606,48.484848484848484,237,420.0,0.0,290.9090909090909,129.09090909090912,OPTIMAL
106.06060606060606,50.505050505050505,237,420.0,0.0,303.030303030303,116.969696969697,OPTIMAL
106.06060606060606,52.525252525252526,237,420.0,0.0,315.1515151515151,104.84848484848487,OPTIMAL
106.06060606060606,54.54545454545455,237,420.0,0.0,327.27272727272725,92.72727272727275,OPTIMAL
106.06060606060606,56.56565656565657,237,420.0,0.0,339.3939393939394,80.60606060606062,OPTIMAL
106.06060606060606,58.58585858585859,237,420.0,0.0,351.5151515151515,68.4848484848485,OPTIMAL
103.03030303030303,181.81818181818184,202,4330.0,0.0,7454.545454545456,-3124.545454545456,OPTIMAL
103.03030303030303,183.83838383838386,202,4330.0,0.0,7537.373737373739,-3207.3737373737385,OPTIMAL
103.03030303030303,185.85858585858588,202,4330.0,0.0,7620.202020202021,-3290.2020202020212,OPTIMAL
103.03030303030303,187.8787878787879,202,4330.0,0.0,7703.030303030304,-3373.030303030304,OPTIMAL
103.03030303030303,189.89898989898992,202,4330.0,0.0,7785.858585858587,-3455.8585858585866,OPTIMAL
103.03030303030303,191.91919191919195,202,4330.0,0.0,7868.68686868687,-3538.68686868687,OPTIMAL
103.03030303030303,193.93939393939394,202,4330.0,0.0,7951.515151515151,-3621.515151515151,OPTIMAL
103.03030303030303,195.95959595959596,202,4330.0,0.0,8034.343434343435,-3704.3434343434346,OPTIMAL
103.03030303030303,197.97979797979798,202,4330.0,0.0,8117.171717171717,-3787.1717171717173,OPTIMAL
103.03030303030303,200.0,202,4330.0,0.0,8200.0,-3870.0,OPTIMAL
104.54545454545455,80.80808080808082,222,1530.0,0.0,1696.9696969696972,-166.96969696969722,OPTIMAL
104.54545454545455,82.82828282828284,222,1530.0,0.0,1739.3939393939395,-209.3939393939395,OPTIMAL
104.54545454545455,84.84848484848486,222,1530.0,0.0,1781.818181818182,-251.81818181818198,OPTIMAL
104.54545454545455,86.86868686868688,222,1530.0,0.0,1824.2424242424245,-294.2424242424245,OPTIMAL
104.54545454545455,88.8888888888889,222,1530.0,0.0,1866.666666666667,-336.66666666666697,OPTIMAL
104.54545454545455,90.90909090909092,217,1980.0,0.0,2363.636363636364,-383.63636363636397,OPTIMAL
104.54545454545455,92.92929292929294,217,1980.0,0.0,2416.1616161616166,-436.1616161616166,OPTIMAL
104.54545454545455,94.94949494949496,217,1980.0,0.0,2468.686868686869,-488.6868686868688,OPTIMAL
104.54545454545455,96.96969696969697,217,1980.0,0.0,2521.212121212121,-541.212121212121,OPTIMAL
104.54545454545455,98.98989898989899,217,1980.0,0.0,2573.7373737373737,-593.7373737373737,OPTIMAL
104.54545454545455,101.01010101010101,217,1980.0,0.0,2626.2626262626263,-646.2626262626263,OPTIMAL
104.54545454545455,103.03030303030303,217,1980.0,0.0,2678.787878787879,-698.787878787879,OPTIMAL
104.54545454545455,105.05050505050505,217,1980.0,0.0,2731.313131313131,-751.3131313131312,OPTIMAL
104.54545454545455,107.07070707070707,217,1980.0,0.0,2783.838383838384,-803.8383838383838,OPTIMAL
104.54545454545455,109.0909090909091,217,1980.0,0.0,2836.3636363636365,-856.3636363636365,OPTIMAL
104.54545454545455,111.11111111111111,212,2530.0,0.0,3444.4444444444443,-914.4444444444443,OPTIMAL
104.54545454545455,113.13131313131314,212,2530.0,0.0,3507.070707070707,-977.0707070707072,OPTIMAL
104.54545454545455,115.15151515151516,212,2530.0,0.0,3569.69696969697,-1039.69696969697,OPTIMAL
104.54545454545455,117.17171717171718,212,2530.0,0.0,3632.3232323232323,-1102.3232323232323,OPTIMAL
104.54545454545455,119.1919191919192,212,2530.0,0.0,3694.949494949495,-1164.9494949494951,OPTIMAL
106.06060606060606,60.60606060606061,234,600.0,0.0,545.4545454545455,54.545454545454504,OPTIMAL
106.06060606060606,62.62626262626263,234,600.0,0.0,563.6363636363636,36.363636363636374,OPTIMAL
106.06060606060606,64.64646464646465,234,600.0,0.0,581.8181818181819,18.18181818181813,OPTIMAL
106.06060606060606,66.66666666666667,234,600.0,0.0,600.0,0.0,OPTIMAL
106.06060606060606,68.68686868686869,234,600.0,0.0,618.1818181818182,-18.181818181818244,OPTIMAL
106.06060606060606,70.70707070707071,231,810.0,0.0,848.4848484848485,-38.4848484848485,OPTIMAL
106.06060606060606,72.72727272727273,231,810.0,0.0,872.7272727272727,-62.72727272727275,OPTIMAL
106.06060606060606,74.74747474747475,231,810.0,0.0,896.969696969697,-86.969696969697,OPTIMAL
106.06060606060606,76.76767676767678,231,810.0,0.0,921.2121212121212,-111.21212121212125,OPTIMAL
106.06060606060606,78.7878787878788,231,810.0,0.0,945.4545454545455,-135.4545454545455,OPTIMAL
107.57575757575758,0.0,243,180.0,0.0,0.0,180.0,OPTIMAL
107.57575757575758,2.0202020202020203,243,180.0,0.0,0.0,180.0,OPTIMAL
107.57575757575758,4.040404040404041,243,180.0,0.0,0.0,180.0,OPTIMAL
107.57575757575758,6.0606060606060606,243,180.0,0.0,0.0,180.0,OPTIMAL
107.57575757575758,8.080808080808081,243,180.0,0.0,0.0,180.0,OPTIMAL
107.57575757575758,10.101010101010102,243,180.0,0.0,0.0,180.0,OPTIMAL
107.57575757575758,12.121212121212121,243,180.0,0.0,0.0,180.0,OPTIMAL
107.57575757575758,14.141414141414142,243,180.0,0.0,0.0,180.0,OPTIMAL
107.57575757575758,16.161616161616163,243,180.0,0.0,0.0,180.0,OPTIMAL
107.57575757575758,18.181818181818183,243,180.0,0.0,0.0,180.0,OPTIMAL
104.54545454545455,121.21212121212122,212,2530.0,0.0,3757.575757575758,-1227.575757575758,OPTIMAL
104.54545454545455,123.23232323232324,212,2530.0,0.0,3820.2020202020203,-1290.2020202020203,OPTIMAL
104.54545454545455,125.25252525252526,212,2530.0,0.0,3882.828282828283,-1352.8282828282831,OPTIMAL
104.54545454545455,127.27272727272728,212,2530.0,0.0,3945.4545454545455,-1415.4545454545455,OPTIMAL
104.54545454545455,129.2929292929293,212,2530.0,0.0,4008.0808080808083,-1478.0808080808083,OPTIMAL
104.54545454545455,131.31313131313132,212,2530.0,0.0,4070.707070707071,-1540.7070707070711,OPTIMAL
104.54545454545455,133.33333333333334,212,2530.0,0.0,4133.333333333334,-1603.333333333334,OPTIMAL
104.54545454545455,135.35353535353536,212,2530.0,0.0,4195.959595959596,-1665.9595959595963,OPTIMAL
104.54545454545455,137.37373737373738,212,2530.0,0.0,4258.585858585859,-1728.5858585858587,OPTIMAL
104.54545454545455,139.3939393939394,212,2530.0,0.0,4321.212121212122,-1791.212121212122,OPTIMAL
107.57575757575758,20.202020202020204,243,180.0,0.0,0.0,180.0,OPTIMAL
107.57575757575758,22.222222222222225,243,180.0,0.0,0.0,180.0,OPTIMAL
107.57575757575758,24.242424242424242,243,180.0,0.0,0.0,180.0,OPTIMAL
107.57575757575758,26.262626262626263,243,180.0,0.0,0.0,180.0,OPTIMAL
107.57575757575758,28.282828282828284,243,180.0,0.0,0.0,180.0,OPTIMAL
107.57575757575758,30.303030303030305,243,180.0,0.0,0.0,180.0,OPTIMAL
107.57575757575758,32.323232323232325,243,180.0,0.0,0.0,180.0,OPTIMAL
107.57575757575758,34.343434343434346,243,180.0,0.0,0.0,180.0,OPTIMAL
107.57575757575758,36.36363636363637,243,180.0,0.0,0.0,180.0,OPTIMAL
107.57575757575758,38.38383838383839,243,180.0,0.0,0.0,180.0,OPTIMAL
104.54545454545455,161.61616161616163,212,2530.0,0.0,5010.101010101011,-2480.1010101010106,OPTIMAL
104.54545454545455,163.63636363636365,212,2530.0,0.0,5072.727272727273,-2542.727272727273,OPTIMAL
104.54545454545455,165.65656565656568,212,2530.0,0.0,5135.353535353536,-2605.3535353535362,OPTIMAL
104.54545454545455,167.6767676767677,212,2530.0,0.0,5197.979797979799,-2667.9797979797986,OPTIMAL
104.54545454545455,169.69696969696972,212,2530.0,0.0,5260.606060606061,-2730.606060606061,OPTIMAL
104.54545454545455,171.71717171717174,212,2530.0,0.0,5323.232323232324,-2793.2323232323242,OPTIMAL
104.54545454545455,173.73737373737376,212,2530.0,0.0,5385.858585858587,-2855.8585858585866,OPTIMAL
104.54545454545455,175.75757575757578,212,2530.0,0.0,5448.484848484849,-2918.484848484849,OPTIMAL
104.54545454545455,177.7777777777778,212,2530.0,0.0,5511.111111111112,-2981.111111111112,OPTIMAL
104.54545454545455,179.79797979797982,212,2530.0,0.0,5573.737373737375,-3043.7373737373746,OPTIMAL
107.57575757575758,40.40404040404041,237,420.0,0.0,242.42424242424244,177.57575757575756,OPTIMAL
107.57575757575758,42.42424242424243,237,420.0,0.0,254.54545454545456,165.45454545454544,OPTIMAL
107.57575757575758,44.44444444444445,237,420.0,0.0,266.6666666666667,153.33333333333331,OPTIMAL
107.57575757575758,46.46464646464647,237,420.0,0.0,278.7878787878788,141.2121212121212,OPTIMAL
107.57575757575758,48.484848484848484,237,420.0,0.0,290.9090909090909,129.09090909090912,OPTIMAL
107.57575757575758,50.505050505050505,237,420.0,0.0,303.030303030303,116.969696969697,OPTIMAL
107.57575757575758,52.525252525252526,237,420.0,0.0,315.1515151515151,104.84848484848487,OPTIMAL
107.57575757575758,54.54545454545455,237,420.0,0.0,327.27272727272725,92.72727272727275,OPTIMAL
107.57575757575758,56.56565656565657,237,420.0,0.0,339.3939393939394,80.60606060606062,OPTIMAL
107.57575757575758,58.58585858585859,237,420.0,0.0,351.5151515151515,68.4848484848485,OPTIMAL
104.54545454545455,181.81818181818184,202,4330.0,0.0,7454.545454545456,-3124.545454545456,OPTIMAL
104.54545454545455,183.83838383838386,202,4330.0,0.0,7537.373737373739,-3207.3737373737385,OPTIMAL
104.54545454545455,185.85858585858588,202,4330.0,0.0,7620.202020202021,-3290.2020202020212,OPTIMAL
104.54545454545455,187.8787878787879,202,4330.0,0.0,7703.030303030304,-3373.030303030304,OPTIMAL
104.54545454545455,189.89898989898992,202,4330.0,0.0,7785.858585858587,-3455.8585858585866,OPTIMAL
104.54545454545455,191.91919191919195,202,4330.0,0.0,7868.68686868687,-3538.68686868687,OPTIMAL
104.54545454545455,193.93939393939394,202,4330.0,0.0,7951.515151515151,-3621.515151515151,OPTIMAL
104.54545454545455,195.95959595959596,202,4330.0,0.0,8034.343434343435,-3704.3434343434346,OPTIMAL
104.54545454545455,197.97979797979798,202,4330.0,0.0,8117.171717171717,-3787.1717171717173,OPTIMAL
104.54545454545455,200.0,202,4330.0,0.0,8200.0,-3870.0,OPTIMAL
106.06060606060606,80.80808080808082,222,1530.0,0.0,1696.9696969696972,-166.96969696969722,OPTIMAL
106.06060606060606,82.82828282828284,222,1530.0,0.0,1739.3939393939395,-209.3939393939395,OPTIMAL
106.06060606060606,84.84848484848486,222,1530.0,0.0,1781.818181818182,-251.81818181818198,OPTIMAL
106.06060606060606,86.86868686868688,222,1530.0,0.0,1824.2424242424245,-294.2424242424245,OPTIMAL
106.06060606060606,88.8888888888889,222,1530.0,0.0,1866.666666666667,-336.66666666666697,OPTIMAL
106.06060606060606,90.90909090909092,217,1980.0,0.0,2363.636363636364,-383.63636363636397,OPTIMAL
106.06060606060606,92.92929292929294,217,1980.0,0.0,2416.1616161616166,-436.1616161616166,OPTIMAL
106.06060606060606,94.94949494949496,217,1980.0,0.0,2468.686868686869,-488.6868686868688,OPTIMAL
106.06060606060606,96.96969696969697,217,1980.0,0.0,2521.212121212121,-541.212121212121,OPTIMAL
106.06060606060606,98.98989898989899,217,1980.0,0.0,2573.7373737373737,-593.7373737373737,OPTIMAL
106.06060606060606,101.01010101010101,217,1980.0,0.0,2626.2626262626263,-646.2626262626263,OPTIMAL
106.06060606060606,103.03030303030303,217,1980.0,0.0,2678.787878787879,-698.787878787879,OPTIMAL
106.06060606060606,105.05050505050505,217,1980.0,0.0,2731.313131313131,-751.3131313131312,OPTIMAL
106.06060606060606,107.07070707070707,217,1980.0,0.0,2783.838383838384,-803.8383838383838,OPTIMAL
106.06060606060606,109.0909090909091,217,1980.0,0.0,2836.3636363636365,-856.3636363636365,OPTIMAL
106.06060606060606,111.11111111111111,212,2530.0,0.0,3444.4444444444443,-914.4444444444443,OPTIMAL
106.06060606060606,113.13131313131314,212,2530.0,0.0,3507.070707070707,-977.0707070707072,OPTIMAL
106.06060606060606,115.15151515151516,212,2530.0,0.0,3569.69696969697,-1039.69696969697,OPTIMAL
106.06060606060606,117.17171717171718,212,2530.0,0.0,3632.3232323232323,-1102.3232323232323,OPTIMAL
106.06060606060606,119.1919191919192,212,2530.0,0.0,3694.949494949495,-1164.9494949494951,OPTIMAL
107.57575757575758,60.60606060606061,234,600.0,0.0,545.4545454545455,54.545454545454504,OPTIMAL
107.57575757575758,62.62626262626263,234,600.0,0.0,563.6363636363636,36.363636363636374,OPTIMAL
107.57575757575758,64.64646464646465,234,600.0,0.0,581.8181818181819,18.18181818181813,OPTIMAL
107.57575757575758,66.66666666666667,234,600.0,0.0,600.0,0.0,OPTIMAL
107.57575757575758,68.68686868686869,234,600.0,0.0,618.1818181818182,-18.181818181818244,OPTIMAL
107.57575757575758,70.70707070707071,231,810.0,0.0,848.4848484848485,-38.4848484848485,OPTIMAL
107.57575757575758,72.72727272727273,231,810.0,0.0,872.7272727272727,-62.72727272727275,OPTIMAL
107.57575757575758,74.74747474747475,231,810.0,0.0,896.969696969697,-86.969696969697,OPTIMAL
107.57575757575758,76.76767676767678,231,810.0,0.0,921.2121212121212,-111.21212121212125,OPTIMAL
107.57575757575758,78.7878787878788,231,810.0,0.0,945.4545454545455,-135.4545454545455,OPTIMAL
104.54545454545455,141.41414141414143,212,2530.0,0.0,4383.838383838384,-1853.8383838383843,OPTIMAL
104.54545454545455,143.43434343434345,212,2530.0,0.0,4446.464646464647,-1916.4646464646466,OPTIMAL
104.54545454545455,145.45454545454547,212,2530.0,0.0,4509.09090909091,-1979.09090909091,OPTIMAL
104.54545454545455,147.4747474747475,212,2530.0,0.0,4571.717171717172,-2041.7171717171723,OPTIMAL
104.54545454545455,149.4949494949495,212,2530.0,0.0,4634.343434343435,-2104.3434343434346,OPTIMAL
104.54545454545455,151.51515151515153,212,2530.0,0.0,4696.969696969697,-2166.969696969697,OPTIMAL
104.54545454545455,153.53535353535355,212,2530.0,0.0,4759.59595959596,-2229.5959595959603,OPTIMAL
104.54545454545455,155.55555555555557,212,2530.0,0.0,4822.222222222223,-2292.2222222222226,OPTIMAL
104.54545454545455,157.5757575757576,212,2530.0,0.0,4884.848484848485,-2354.848484848485,OPTIMAL
104.54545454545455,159.5959595959596,212,2530.0,0.0,4947.474747474748,-2417.4747474747483,OPTIMAL
109.0909090909091,0.0,243,180.0,0.0,0.0,180.0,OPTIMAL
109.0909090909091,2.0202020202020203,243,180.0,0.0,0.0,180.0,OPTIMAL
109.0909090909091,4.040404040404041,243,180.0,0.0,0.0,180.0,OPTIMAL
109.0909090909091,6.0606060606060606,243,180.0,0.0,0.0,180.0,OPTIMAL
109.0909090909091,8.080808080808081,243,180.0,0.0,0.0,180.0,OPTIMAL
109.0909090909091,10.101010101010102,243,180.0,0.0,0.0,180.0,OPTIMAL
109.0909090909091,12.121212121212121,243,180.0,0.0,0.0,180.0,OPTIMAL
109.0909090909091,14.141414141414142,243,180.0,0.0,0.0,180.0,OPTIMAL
109.0909090909091,16.161616161616163,243,180.0,0.0,0.0,180.0,OPTIMAL
109.0909090909091,18.181818181818183,243,180.0,0.0,0.0,180.0,OPTIMAL
109.0909090909091,20.202020202020204,243,180.0,0.0,0.0,180.0,OPTIMAL
109.0909090909091,22.222222222222225,243,180.0,0.0,0.0,180.0,OPTIMAL
109.0909090909091,24.242424242424242,243,180.0,0.0,0.0,180.0,OPTIMAL
109.0909090909091,26.262626262626263,243,180.0,0.0,0.0,180.0,OPTIMAL
109.0909090909091,28.282828282828284,243,180.0,0.0,0.0,180.0,OPTIMAL
109.0909090909091,30.303030303030305,243,180.0,0.0,0.0,180.0,OPTIMAL
109.0909090909091,32.323232323232325,243,180.0,0.0,0.0,180.0,OPTIMAL
109.0909090909091,34.343434343434346,243,180.0,0.0,0.0,180.0,OPTIMAL
109.0909090909091,36.36363636363637,243,180.0,0.0,0.0,180.0,OPTIMAL
109.0909090909091,38.38383838383839,243,180.0,0.0,0.0,180.0,OPTIMAL
107.57575757575758,80.80808080808082,222,1530.0,0.0,1696.9696969696972,-166.96969696969722,OPTIMAL
107.57575757575758,82.82828282828284,222,1530.0,0.0,1739.3939393939395,-209.3939393939395,OPTIMAL
107.57575757575758,84.84848484848486,222,1530.0,0.0,1781.818181818182,-251.81818181818198,OPTIMAL
107.57575757575758,86.86868686868688,222,1530.0,0.0,1824.2424242424245,-294.2424242424245,OPTIMAL
107.57575757575758,88.8888888888889,222,1530.0,0.0,1866.666666666667,-336.66666666666697,OPTIMAL
107.57575757575758,90.90909090909092,217,1980.0,0.0,2363.636363636364,-383.63636363636397,OPTIMAL
107.57575757575758,92.92929292929294,217,1980.0,0.0,2416.1616161616166,-436.1616161616166,OPTIMAL
107.57575757575758,94.94949494949496,217,1980.0,0.0,2468.686868686869,-488.6868686868688,OPTIMAL
107.57575757575758,96.96969696969697,217,1980.0,0.0,2521.212121212121,-541.212121212121,OPTIMAL
107.57575757575758,98.98989898989899,217,1980.0,0.0,2573.7373737373737,-593.7373737373737,OPTIMAL
106.06060606060606,161.61616161616163,212,2530.0,0.0,5010.101010101011,-2480.1010101010106,OPTIMAL
106.06060606060606,163.63636363636365,212,2530.0,0.0,5072.727272727273,-2542.727272727273,OPTIMAL
106.06060606060606,165.65656565656568,212,2530.0,0.0,5135.353535353536,-2605.3535353535362,OPTIMAL
106.06060606060606,167.6767676767677,212,2530.0,0.0,5197.979797979799,-2667.9797979797986,OPTIMAL
106.06060606060606,169.69696969696972,212,2530.0,0.0,5260.606060606061,-2730.606060606061,OPTIMAL
106.06060606060606,171.71717171717174,212,2530.0,0.0,5323.232323232324,-2793.2323232323242,OPTIMAL
106.06060606060606,173.73737373737376,212,2530.0,0.0,5385.858585858587,-2855.8585858585866,OPTIMAL
106.06060606060606,175.75757575757578,212,2530.0,0.0,5448.484848484849,-2918.484848484849,OPTIMAL
106.06060606060606,177.7777777777778,212,2530.0,0.0,5511.111111111112,-2981.111111111112,OPTIMAL
106.06060606060606,179.79797979797982,212,2530.0,0.0,5573.737373737375,-3043.7373737373746,OPTIMAL
106.06060606060606,141.41414141414143,212,2530.0,0.0,4383.838383838384,-1853.8383838383843,OPTIMAL
106.06060606060606,143.43434343434345,212,2530.0,0.0,4446.464646464647,-1916.4646464646466,OPTIMAL
106.06060606060606,145.45454545454547,212,2530.0,0.0,4509.09090909091,-1979.09090909091,OPTIMAL
106.06060606060606,147.4747474747475,212,2530.0,0.0,4571.717171717172,-2041.7171717171723,OPTIMAL
106.06060606060606,149.4949494949495,212,2530.0,0.0,4634.343434343435,-2104.3434343434346,OPTIMAL
106.06060606060606,151.51515151515153,212,2530.0,0.0,4696.969696969697,-2166.969696969697,OPTIMAL
106.06060606060606,153.53535353535355,212,2530.0,0.0,4759.59595959596,-2229.5959595959603,OPTIMAL
106.06060606060606,155.55555555555557,212,2530.0,0.0,4822.222222222223,-2292.2222222222226,OPTIMAL
106.06060606060606,157.5757575757576,212,2530.0,0.0,4884.848484848485,-2354.848484848485,OPTIMAL
106.06060606060606,159.5959595959596,212,2530.0,0.0,4947.474747474748,-2417.4747474747483,OPTIMAL
109.0909090909091,60.60606060606061,234,600.0,0.0,545.4545454545455,54.545454545454504,OPTIMAL
109.0909090909091,62.62626262626263,234,600.0,0.0,563.6363636363636,36.363636363636374,OPTIMAL
109.0909090909091,64.64646464646465,234,600.0,0.0,581.8181818181819,18.18181818181813,OPTIMAL
109.0909090909091,66.66666666666667,234,600.0,0.0,600.0,0.0,OPTIMAL
109.0909090909091,68.68686868686869,234,600.0,0.0,618.1818181818182,-18.181818181818244,OPTIMAL
109.0909090909091,70.70707070707071,231,810.0,0.0,848.4848484848485,-38.4848484848485,OPTIMAL
109.0909090909091,72.72727272727273,231,810.0,0.0,872.7272727272727,-62.72727272727275,OPTIMAL
109.0909090909091,74.74747474747475,231,810.0,0.0,896.969696969697,-86.969696969697,OPTIMAL
109.0909090909091,76.76767676767678,231,810.0,0.0,921.2121212121212,-111.21212121212125,OPTIMAL
109.0909090909091,78.7878787878788,231,810.0,0.0,945.4545454545455,-135.4545454545455,OPTIMAL
109.0909090909091,40.40404040404041,237,420.0,0.0,242.42424242424244,177.57575757575756,OPTIMAL
109.0909090909091,42.42424242424243,237,420.0,0.0,254.54545454545456,165.45454545454544,OPTIMAL
109.0909090909091,44.44444444444445,237,420.0,0.0,266.6666666666667,153.33333333333331,OPTIMAL
109.0909090909091,46.46464646464647,237,420.0,0.0,278.7878787878788,141.2121212121212,OPTIMAL
109.0909090909091,48.484848484848484,237,420.0,0.0,290.9090909090909,129.09090909090912,OPTIMAL
109.0909090909091,50.505050505050505,237,420.0,0.0,303.030303030303,116.969696969697,OPTIMAL
109.0909090909091,52.525252525252526,237,420.0,0.0,315.1515151515151,104.84848484848487,OPTIMAL
109.0909090909091,54.54545454545455,237,420.0,0.0,327.27272727272725,92.72727272727275,OPTIMAL
109.0909090909091,56.56565656565657,237,420.0,0.0,339.3939393939394,80.60606060606062,OPTIMAL
109.0909090909091,58.58585858585859,237,420.0,0.0,351.5151515151515,68.4848484848485,OPTIMAL
106.06060606060606,121.21212121212122,212,2530.0,0.0,3757.575757575758,-1227.575757575758,OPTIMAL
106.06060606060606,123.23232323232324,212,2530.0,0.0,3820.2020202020203,-1290.2020202020203,OPTIMAL
106.06060606060606,125.25252525252526,212,2530.0,0.0,3882.828282828283,-1352.8282828282831,OPTIMAL
106.06060606060606,127.27272727272728,212,2530.0,0.0,3945.4545454545455,-1415.4545454545455,OPTIMAL
106.06060606060606,129.2929292929293,212,2530.0,0.0,4008.0808080808083,-1478.0808080808083,OPTIMAL
106.06060606060606,131.31313131313132,212,2530.0,0.0,4070.707070707071,-1540.7070707070711,OPTIMAL
106.06060606060606,133.33333333333334,212,2530.0,0.0,4133.333333333334,-1603.333333333334,OPTIMAL
106.06060606060606,135.35353535353536,212,2530.0,0.0,4195.959595959596,-1665.9595959595963,OPTIMAL
106.06060606060606,137.37373737373738,212,2530.0,0.0,4258.585858585859,-1728.5858585858587,OPTIMAL
106.06060606060606,139.3939393939394,212,2530.0,0.0,4321.212121212122,-1791.212121212122,OPTIMAL
110.60606060606061,0.0,243,180.0,0.0,0.0,180.0,OPTIMAL
110.60606060606061,2.0202020202020203,243,180.0,0.0,0.0,180.0,OPTIMAL
110.60606060606061,4.040404040404041,243,180.0,0.0,0.0,180.0,OPTIMAL
110.60606060606061,6.0606060606060606,243,180.0,0.0,0.0,180.0,OPTIMAL
110.60606060606061,8.080808080808081,243,180.0,0.0,0.0,180.0,OPTIMAL
110.60606060606061,10.101010101010102,243,180.0,0.0,0.0,180.0,OPTIMAL
110.60606060606061,12.121212121212121,243,180.0,0.0,0.0,180.0,OPTIMAL
110.60606060606061,14.141414141414142,243,180.0,0.0,0.0,180.0,OPTIMAL
110.60606060606061,16.161616161616163,243,180.0,0.0,0.0,180.0,OPTIMAL
110.60606060606061,18.181818181818183,243,180.0,0.0,0.0,180.0,OPTIMAL
107.57575757575758,101.01010101010101,217,1980.0,0.0,2626.2626262626263,-646.2626262626263,OPTIMAL
107.57575757575758,103.03030303030303,217,1980.0,0.0,2678.787878787879,-698.787878787879,OPTIMAL
107.57575757575758,105.05050505050505,217,1980.0,0.0,2731.313131313131,-751.3131313131312,OPTIMAL
107.57575757575758,107.07070707070707,217,1980.0,0.0,2783.838383838384,-803.8383838383838,OPTIMAL
107.57575757575758,109.0909090909091,217,1980.0,0.0,2836.3636363636365,-856.3636363636365,OPTIMAL
107.57575757575758,111.11111111111111,212,2530.0,0.0,3444.4444444444443,-914.4444444444443,OPTIMAL
107.57575757575758,113.13131313131314,212,2530.0,0.0,3507.070707070707,-977.0707070707072,OPTIMAL
107.57575757575758,115.15151515151516,212,2530.0,0.0,3569.69696969697,-1039.69696969697,OPTIMAL
107.57575757575758,117.17171717171718,212,2530.0,0.0,3632.3232323232323,-1102.3232323232323,OPTIMAL
107.57575757575758,119.1919191919192,212,2530.0,0.0,3694.949494949495,-1164.9494949494951,OPTIMAL
110.60606060606061,20.202020202020204,243,180.0,0.0,0.0,180.0,OPTIMAL
110.60606060606061,22.222222222222225,243,180.0,0.0,0.0,180.0,OPTIMAL
110.60606060606061,24.242424242424242,243,180.0,0.0,0.0,180.0,OPTIMAL
110.60606060606061,26.262626262626263,243,180.0,0.0,0.0,180.0,OPTIMAL
110.60606060606061,28.282828282828284,243,180.0,0.0,0.0,180.0,OPTIMAL
110.60606060606061,30.303030303030305,243,180.0,0.0,0.0,180.0,OPTIMAL
110.60606060606061,32.323232323232325,243,180.0,0.0,0.0,180.0,OPTIMAL
110.60606060606061,34.343434343434346,243,180.0,0.0,0.0,180.0,OPTIMAL
110.60606060606061,36.36363636363637,243,180.0,0.0,0.0,180.0,OPTIMAL
110.60606060606061,38.38383838383839,243,180.0,0.0,0.0,180.0,OPTIMAL
107.57575757575758,161.61616161616163,212,2530.0,0.0,5010.101010101011,-2480.1010101010106,OPTIMAL
107.57575757575758,163.63636363636365,212,2530.0,0.0,5072.727272727273,-2542.727272727273,OPTIMAL
107.57575757575758,165.65656565656568,212,2530.0,0.0,5135.353535353536,-2605.3535353535362,OPTIMAL
107.57575757575758,167.6767676767677,212,2530.0,0.0,5197.979797979799,-2667.9797979797986,OPTIMAL
107.57575757575758,169.69696969696972,212,2530.0,0.0,5260.606060606061,-2730.606060606061,OPTIMAL
107.57575757575758,171.71717171717174,212,2530.0,0.0,5323.232323232324,-2793.2323232323242,OPTIMAL
107.57575757575758,173.73737373737376,212,2530.0,0.0,5385.858585858587,-2855.8585858585866,OPTIMAL
107.57575757575758,175.75757575757578,212,2530.0,0.0,5448.484848484849,-2918.484848484849,OPTIMAL
107.57575757575758,177.7777777777778,212,2530.0,0.0,5511.111111111112,-2981.111111111112,OPTIMAL
107.57575757575758,179.79797979797982,212,2530.0,0.0,5573.737373737375,-3043.7373737373746,OPTIMAL
109.0909090909091,80.80808080808082,222,1530.0,0.0,1696.9696969696972,-166.96969696969722,OPTIMAL
109.0909090909091,82.82828282828284,222,1530.0,0.0,1739.3939393939395,-209.3939393939395,OPTIMAL
109.0909090909091,84.84848484848486,222,1530.0,0.0,1781.818181818182,-251.81818181818198,OPTIMAL
109.0909090909091,86.86868686868688,222,1530.0,0.0,1824.2424242424245,-294.2424242424245,OPTIMAL
109.0909090909091,88.8888888888889,222,1530.0,0.0,1866.666666666667,-336.66666666666697,OPTIMAL
109.0909090909091,90.90909090909092,217,1980.0,0.0,2363.636363636364,-383.63636363636397,OPTIMAL
109.0909090909091,92.92929292929294,217,1980.0,0.0,2416.1616161616166,-436.1616161616166,OPTIMAL
109.0909090909091,94.94949494949496,217,1980.0,0.0,2468.686868686869,-488.6868686868688,OPTIMAL
109.0909090909091,96.96969696969697,217,1980.0,0.0,2521.212121212121,-541.212121212121,OPTIMAL
109.0909090909091,98.98989898989899,217,1980.0,0.0,2573.7373737373737,-593.7373737373737,OPTIMAL
107.57575757575758,121.21212121212122,212,2530.0,0.0,3757.575757575758,-1227.575757575758,OPTIMAL
107.57575757575758,123.23232323232324,212,2530.0,0.0,3820.2020202020203,-1290.2020202020203,OPTIMAL
107.57575757575758,125.25252525252526,212,2530.0,0.0,3882.828282828283,-1352.8282828282831,OPTIMAL
107.57575757575758,127.27272727272728,212,2530.0,0.0,3945.4545454545455,-1415.4545454545455,OPTIMAL
107.57575757575758,129.2929292929293,212,2530.0,0.0,4008.0808080808083,-1478.0808080808083,OPTIMAL
107.57575757575758,131.31313131313132,212,2530.0,0.0,4070.707070707071,-1540.7070707070711,OPTIMAL
107.57575757575758,133.33333333333334,212,2530.0,0.0,4133.333333333334,-1603.333333333334,OPTIMAL
107.57575757575758,135.35353535353536,212,2530.0,0.0,4195.959595959596,-1665.9595959595963,OPTIMAL
107.57575757575758,137.37373737373738,212,2530.0,0.0,4258.585858585859,-1728.5858585858587,OPTIMAL
107.57575757575758,139.3939393939394,212,2530.0,0.0,4321.212121212122,-1791.212121212122,OPTIMAL
106.06060606060606,181.81818181818184,202,4330.0,0.0,7454.545454545456,-3124.545454545456,OPTIMAL
106.06060606060606,183.83838383838386,202,4330.0,0.0,7537.373737373739,-3207.3737373737385,OPTIMAL
106.06060606060606,185.85858585858588,202,4330.0,0.0,7620.202020202021,-3290.2020202020212,OPTIMAL
106.06060606060606,187.8787878787879,202,4330.0,0.0,7703.030303030304,-3373.030303030304,OPTIMAL
106.06060606060606,189.89898989898992,202,4330.0,0.0,7785.858585858587,-3455.8585858585866,OPTIMAL
106.06060606060606,191.91919191919195,202,4330.0,0.0,7868.68686868687,-3538.68686868687,OPTIMAL
106.06060606060606,193.93939393939394,202,4330.0,0.0,7951.515151515151,-3621.515151515151,OPTIMAL
106.06060606060606,195.95959595959596,202,4330.0,0.0,8034.343434343435,-3704.3434343434346,OPTIMAL
106.06060606060606,197.97979797979798,202,4330.0,0.0,8117.171717171717,-3787.1717171717173,OPTIMAL
106.06060606060606,200.0,202,4330.0,0.0,8200.0,-3870.0,OPTIMAL
107.57575757575758,141.41414141414143,212,2530.0,0.0,4383.838383838384,-1853.8383838383843,OPTIMAL
107.57575757575758,143.43434343434345,212,2530.0,0.0,4446.464646464647,-1916.4646464646466,OPTIMAL
107.57575757575758,145.45454545454547,212,2530.0,0.0,4509.09090909091,-1979.09090909091,OPTIMAL
107.57575757575758,147.4747474747475,212,2530.0,0.0,4571.717171717172,-2041.7171717171723,OPTIMAL
107.57575757575758,149.4949494949495,212,2530.0,0.0,4634.343434343435,-2104.3434343434346,OPTIMAL
107.57575757575758,151.51515151515153,212,2530.0,0.0,4696.969696969697,-2166.969696969697,OPTIMAL
107.57575757575758,153.53535353535355,212,2530.0,0.0,4759.59595959596,-2229.5959595959603,OPTIMAL
107.57575757575758,155.55555555555557,212,2530.0,0.0,4822.222222222223,-2292.2222222222226,OPTIMAL
107.57575757575758,157.5757575757576,212,2530.0,0.0,4884.848484848485,-2354.848484848485,OPTIMAL
107.57575757575758,159.5959595959596,212,2530.0,0.0,4947.474747474748,-2417.4747474747483,OPTIMAL
110.60606060606061,40.40404040404041,237,420.0,0.0,242.42424242424244,177.57575757575756,OPTIMAL
110.60606060606061,42.42424242424243,237,420.0,0.0,254.54545454545456,165.45454545454544,OPTIMAL
110.60606060606061,44.44444444444445,237,420.0,0.0,266.6666666666667,153.33333333333331,OPTIMAL
110.60606060606061,46.46464646464647,237,420.0,0.0,278.7878787878788,141.2121212121212,OPTIMAL
110.60606060606061,48.484848484848484,237,420.0,0.0,290.9090909090909,129.09090909090912,OPTIMAL
110.60606060606061,50.505050505050505,237,420.0,0.0,303.030303030303,116.969696969697,OPTIMAL
110.60606060606061,52.525252525252526,237,420.0,0.0,315.1515151515151,104.84848484848487,OPTIMAL
110.60606060606061,54.54545454545455,237,420.0,0.0,327.27272727272725,92.72727272727275,OPTIMAL
110.60606060606061,56.56565656565657,237,420.0,0.0,339.3939393939394,80.60606060606062,OPTIMAL
110.60606060606061,58.58585858585859,237,420.0,0.0,351.5151515151515,68.4848484848485,OPTIMAL
112.12121212121212,0.0,243,180.0,0.0,0.0,180.0,OPTIMAL
112.12121212121212,2.0202020202020203,243,180.0,0.0,0.0,180.0,OPTIMAL
112.12121212121212,4.040404040404041,243,180.0,0.0,0.0,180.0,OPTIMAL
112.12121212121212,6.0606060606060606,243,180.0,0.0,0.0,180.0,OPTIMAL
112.12121212121212,8.080808080808081,243,180.0,0.0,0.0,180.0,OPTIMAL
112.12121212121212,10.101010101010102,243,180.0,0.0,0.0,180.0,OPTIMAL
112.12121212121212,12.121212121212121,243,180.0,0.0,0.0,180.0,OPTIMAL
112.12121212121212,14.141414141414142,243,180.0,0.0,0.0,180.0,OPTIMAL
112.12121212121212,16.161616161616163,243,180.0,0.0,0.0,180.0,OPTIMAL
112.12121212121212,18.181818181818183,243,180.0,0.0,0.0,180.0,OPTIMAL
110.60606060606061,60.60606060606061,234,600.0,0.0,545.4545454545455,54.545454545454504,OPTIMAL
110.60606060606061,62.62626262626263,234,600.0,0.0,563.6363636363636,36.363636363636374,OPTIMAL
110.60606060606061,64.64646464646465,234,600.0,0.0,581.8181818181819,18.18181818181813,OPTIMAL
110.60606060606061,66.66666666666667,234,600.0,0.0,600.0,0.0,OPTIMAL
110.60606060606061,68.68686868686869,234,600.0,0.0,618.1818181818182,-18.181818181818244,OPTIMAL
110.60606060606061,70.70707070707071,231,810.0,0.0,848.4848484848485,-38.4848484848485,OPTIMAL
110.60606060606061,72.72727272727273,231,810.0,0.0,872.7272727272727,-62.72727272727275,OPTIMAL
110.60606060606061,74.74747474747475,231,810.0,0.0,896.969696969697,-86.969696969697,OPTIMAL
110.60606060606061,76.76767676767678,231,810.0,0.0,921.2121212121212,-111.21212121212125,OPTIMAL
110.60606060606061,78.7878787878788,231,810.0,0.0,945.4545454545455,-135.4545454545455,OPTIMAL
107.57575757575758,181.81818181818184,202,4330.0,0.0,7454.545454545456,-3124.545454545456,OPTIMAL
107.57575757575758,183.83838383838386,202,4330.0,0.0,7537.373737373739,-3207.3737373737385,OPTIMAL
107.57575757575758,185.85858585858588,202,4330.0,0.0,7620.202020202021,-3290.2020202020212,OPTIMAL
107.57575757575758,187.8787878787879,202,4330.0,0.0,7703.030303030304,-3373.030303030304,OPTIMAL
107.57575757575758,189.89898989898992,202,4330.0,0.0,7785.858585858587,-3455.8585858585866,OPTIMAL
107.57575757575758,191.91919191919195,202,4330.0,0.0,7868.68686868687,-3538.68686868687,OPTIMAL
107.57575757575758,193.93939393939394,202,4330.0,0.0,7951.515151515151,-3621.515151515151,OPTIMAL
107.57575757575758,195.95959595959596,202,4330.0,0.0,8034.343434343435,-3704.3434343434346,OPTIMAL
107.57575757575758,197.97979797979798,202,4330.0,0.0,8117.171717171717,-3787.1717171717173,OPTIMAL
107.57575757575758,200.0,202,4330.0,0.0,8200.0,-3870.0,OPTIMAL
110.60606060606061,80.80808080808082,222,1530.0,0.0,1696.9696969696972,-166.96969696969722,OPTIMAL
110.60606060606061,82.82828282828284,222,1530.0,0.0,1739.3939393939395,-209.3939393939395,OPTIMAL
110.60606060606061,84.84848484848486,222,1530.0,0.0,1781.818181818182,-251.81818181818198,OPTIMAL
110.60606060606061,86.86868686868688,222,1530.0,0.0,1824.2424242424245,-294.2424242424245,OPTIMAL
110.60606060606061,88.8888888888889,222,1530.0,0.0,1866.666666666667,-336.66666666666697,OPTIMAL
110.60606060606061,90.90909090909092,217,1980.0,0.0,2363.636363636364,-383.63636363636397,OPTIMAL
110.60606060606061,92.92929292929294,217,1980.0,0.0,2416.1616161616166,-436.1616161616166,OPTIMAL
110.60606060606061,94.94949494949496,217,1980.0,0.0,2468.686868686869,-488.6868686868688,OPTIMAL
110.60606060606061,96.96969696969697,217,1980.0,0.0,2521.212121212121,-541.212121212121,OPTIMAL
110.60606060606061,98.98989898989899,217,1980.0,0.0,2573.7373737373737,-593.7373737373737,OPTIMAL
112.12121212121212,20.202020202020204,243,180.0,0.0,0.0,180.0,OPTIMAL
112.12121212121212,22.222222222222225,243,180.0,0.0,0.0,180.0,OPTIMAL
112.12121212121212,24.242424242424242,243,180.0,0.0,0.0,180.0,OPTIMAL
112.12121212121212,26.262626262626263,243,180.0,0.0,0.0,180.0,OPTIMAL
112.12121212121212,28.282828282828284,243,180.0,0.0,0.0,180.0,OPTIMAL
112.12121212121212,30.303030303030305,243,180.0,0.0,0.0,180.0,OPTIMAL
112.12121212121212,32.323232323232325,243,180.0,0.0,0.0,180.0,OPTIMAL
112.12121212121212,34.343434343434346,243,180.0,0.0,0.0,180.0,OPTIMAL
112.12121212121212,36.36363636363637,243,180.0,0.0,0.0,180.0,OPTIMAL
112.12121212121212,38.38383838383839,243,180.0,0.0,0.0,180.0,OPTIMAL
109.0909090909091,101.01010101010101,217,1980.0,0.0,2626.2626262626263,-646.2626262626263,OPTIMAL
109.0909090909091,103.03030303030303,217,1980.0,0.0,2678.787878787879,-698.787878787879,OPTIMAL
109.0909090909091,105.05050505050505,217,1980.0,0.0,2731.313131313131,-751.3131313131312,OPTIMAL
109.0909090909091,107.07070707070707,217,1980.0,0.0,2783.838383838384,-803.8383838383838,OPTIMAL
109.0909090909091,109.0909090909091,217,1980.0,0.0,2836.3636363636365,-856.3636363636365,OPTIMAL
109.0909090909091,111.11111111111111,212,2530.0,0.0,3444.4444444444443,-914.4444444444443,OPTIMAL
109.0909090909091,113.13131313131314,212,2530.0,0.0,3507.070707070707,-977.0707070707072,OPTIMAL
109.0909090909091,115.15151515151516,212,2530.0,0.0,3569.69696969697,-1039.69696969697,OPTIMAL
109.0909090909091,117.17171717171718,212,2530.0,0.0,3632.3232323232323,-1102.3232323232323,OPTIMAL
109.0909090909091,119.1919191919192,212,2530.0,0.0,3694.949494949495,-1164.9494949494951,OPTIMAL
109.0909090909091,161.61616161616163,212,2530.0,0.0,5010.101010101011,-2480.1010101010106,OPTIMAL
109.0909090909091,163.63636363636365,212,2530.0,0.0,5072.727272727273,-2542.727272727273,OPTIMAL
109.0909090909091,165.65656565656568,212,2530.0,0.0,5135.353535353536,-2605.3535353535362,OPTIMAL
109.0909090909091,167.6767676767677,212,2530.0,0.0,5197.979797979799,-2667.9797979797986,OPTIMAL
109.0909090909091,169.69696969696972,212,2530.0,0.0,5260.606060606061,-2730.606060606061,OPTIMAL
109.0909090909091,171.71717171717174,212,2530.0,0.0,5323.232323232324,-2793.2323232323242,OPTIMAL
109.0909090909091,173.73737373737376,212,2530.0,0.0,5385.858585858587,-2855.8585858585866,OPTIMAL
109.0909090909091,175.75757575757578,212,2530.0,0.0,5448.484848484849,-2918.484848484849,OPTIMAL
109.0909090909091,177.7777777777778,212,2530.0,0.0,5511.111111111112,-2981.111111111112,OPTIMAL
109.0909090909091,179.79797979797982,212,2530.0,0.0,5573.737373737375,-3043.7373737373746,OPTIMAL
109.0909090909091,121.21212121212122,212,2530.0,0.0,3757.575757575758,-1227.575757575758,OPTIMAL
109.0909090909091,123.23232323232324,212,2530.0,0.0,3820.2020202020203,-1290.2020202020203,OPTIMAL
109.0909090909091,125.25252525252526,212,2530.0,0.0,3882.828282828283,-1352.8282828282831,OPTIMAL
109.0909090909091,127.27272727272728,212,2530.0,0.0,3945.4545454545455,-1415.4545454545455,OPTIMAL
109.0909090909091,129.2929292929293,212,2530.0,0.0,4008.0808080808083,-1478.0808080808083,OPTIMAL
109.0909090909091,131.31313131313132,212,2530.0,0.0,4070.707070707071,-1540.7070707070711,OPTIMAL
109.0909090909091,133.33333333333334,212,2530.0,0.0,4133.333333333334,-1603.333333333334,OPTIMAL
109.0909090909091,135.35353535353536,212,2530.0,0.0,4195.959595959596,-1665.9595959595963,OPTIMAL
109.0909090909091,137.37373737373738,212,2530.0,0.0,4258.585858585859,-1728.5858585858587,OPTIMAL
109.0909090909091,139.3939393939394,212,2530.0,0.0,4321.212121212122,-1791.212121212122,OPTIMAL
112.12121212121212,40.40404040404041,237,420.0,0.0,242.42424242424244,177.57575757575756,OPTIMAL
112.12121212121212,42.42424242424243,237,420.0,0.0,254.54545454545456,165.45454545454544,OPTIMAL
112.12121212121212,44.44444444444445,237,420.0,0.0,266.6666666666667,153.33333333333331,OPTIMAL
112.12121212121212,46.46464646464647,237,420.0,0.0,278.7878787878788,141.2121212121212,OPTIMAL
112.12121212121212,48.484848484848484,237,420.0,0.0,290.9090909090909,129.09090909090912,OPTIMAL
112.12121212121212,50.505050505050505,237,420.0,0.0,303.030303030303,116.969696969697,OPTIMAL
112.12121212121212,52.525252525252526,237,420.0,0.0,315.1515151515151,104.84848484848487,OPTIMAL
112.12121212121212,54.54545454545455,237,420.0,0.0,327.27272727272725,92.72727272727275,OPTIMAL
112.12121212121212,56.56565656565657,237,420.0,0.0,339.3939393939394,80.60606060606062,OPTIMAL
112.12121212121212,58.58585858585859,237,420.0,0.0,351.5151515151515,68.4848484848485,OPTIMAL
112.12121212121212,60.60606060606061,234,600.0,0.0,545.4545454545455,54.545454545454504,OPTIMAL
112.12121212121212,62.62626262626263,234,600.0,0.0,563.6363636363636,36.363636363636374,OPTIMAL
112.12121212121212,64.64646464646465,234,600.0,0.0,581.8181818181819,18.18181818181813,OPTIMAL
112.12121212121212,66.66666666666667,234,600.0,0.0,600.0,0.0,OPTIMAL
112.12121212121212,68.68686868686869,234,600.0,0.0,618.1818181818182,-18.181818181818244,OPTIMAL
112.12121212121212,70.70707070707071,231,810.0,0.0,848.4848484848485,-38.4848484848485,OPTIMAL
112.12121212121212,72.72727272727273,231,810.0,0.0,872.7272727272727,-62.72727272727275,OPTIMAL
112.12121212121212,74.74747474747475,231,810.0,0.0,896.969696969697,-86.969696969697,OPTIMAL
112.12121212121212,76.76767676767678,231,810.0,0.0,921.2121212121212,-111.21212121212125,OPTIMAL
112.12121212121212,78.7878787878788,231,810.0,0.0,945.4545454545455,-135.4545454545455,OPTIMAL
109.0909090909091,181.81818181818184,202,4330.0,0.0,7454.545454545456,-3124.545454545456,OPTIMAL
109.0909090909091,183.83838383838386,202,4330.0,0.0,7537.373737373739,-3207.3737373737385,OPTIMAL
109.0909090909091,185.85858585858588,202,4330.0,0.0,7620.202020202021,-3290.2020202020212,OPTIMAL
109.0909090909091,187.8787878787879,202,4330.0,0.0,7703.030303030304,-3373.030303030304,OPTIMAL
109.0909090909091,189.89898989898992,202,4330.0,0.0,7785.858585858587,-3455.8585858585866,OPTIMAL
109.0909090909091,191.91919191919195,202,4330.0,0.0,7868.68686868687,-3538.68686868687,OPTIMAL
109.0909090909091,193.93939393939394,202,4330.0,0.0,7951.515151515151,-3621.515151515151,OPTIMAL
109.0909090909091,195.95959595959596,202,4330.0,0.0,8034.343434343435,-3704.3434343434346,OPTIMAL
109.0909090909091,197.97979797979798,202,4330.0,0.0,8117.171717171717,-3787.1717171717173,OPTIMAL
109.0909090909091,200.0,202,4330.0,0.0,8200.0,-3870.0,OPTIMAL
113.63636363636364,0.0,243,180.0,0.0,0.0,180.0,OPTIMAL
113.63636363636364,2.0202020202020203,243,180.0,0.0,0.0,180.0,OPTIMAL
113.63636363636364,4.040404040404041,243,180.0,0.0,0.0,180.0,OPTIMAL
113.63636363636364,6.0606060606060606,243,180.0,0.0,0.0,180.0,OPTIMAL
113.63636363636364,8.080808080808081,243,180.0,0.0,0.0,180.0,OPTIMAL
113.63636363636364,10.101010101010102,243,180.0,0.0,0.0,180.0,OPTIMAL
113.63636363636364,12.121212121212121,243,180.0,0.0,0.0,180.0,OPTIMAL
113.63636363636364,14.141414141414142,243,180.0,0.0,0.0,180.0,OPTIMAL
113.63636363636364,16.161616161616163,243,180.0,0.0,0.0,180.0,OPTIMAL
113.63636363636364,18.181818181818183,243,180.0,0.0,0.0,180.0,OPTIMAL
110.60606060606061,101.01010101010101,217,1980.0,0.0,2626.2626262626263,-646.2626262626263,OPTIMAL
110.60606060606061,103.03030303030303,217,1980.0,0.0,2678.787878787879,-698.787878787879,OPTIMAL
110.60606060606061,105.05050505050505,217,1980.0,0.0,2731.313131313131,-751.3131313131312,OPTIMAL
110.60606060606061,107.07070707070707,217,1980.0,0.0,2783.838383838384,-803.8383838383838,OPTIMAL
110.60606060606061,109.0909090909091,217,1980.0,0.0,2836.3636363636365,-856.3636363636365,OPTIMAL
110.60606060606061,111.11111111111111,212,2530.0,0.0,3444.4444444444443,-914.4444444444443,OPTIMAL
110.60606060606061,113.13131313131314,212,2530.0,0.0,3507.070707070707,-977.0707070707072,OPTIMAL
110.60606060606061,115.15151515151516,212,2530.0,0.0,3569.69696969697,-1039.69696969697,OPTIMAL
110.60606060606061,117.17171717171718,212,2530.0,0.0,3632.3232323232323,-1102.3232323232323,OPTIMAL
110.60606060606061,119.1919191919192,212,2530.0,0.0,3694.949494949495,-1164.9494949494951,OPTIMAL
109.0909090909091,141.41414141414143,212,2530.0,0.0,4383.838383838384,-1853.8383838383843,OPTIMAL
109.0909090909091,143.43434343434345,212,2530.0,0.0,4446.464646464647,-1916.4646464646466,OPTIMAL
109.0909090909091,145.45454545454547,212,2530.0,0.0,4509.09090909091,-1979.09090909091,OPTIMAL
109.0909090909091,147.4747474747475,212,2530.0,0.0,4571.717171717172,-2041.7171717171723,OPTIMAL
109.0909090909091,149.4949494949495,212,2530.0,0.0,4634.343434343435,-2104.3434343434346,OPTIMAL
109.0909090909091,151.51515151515153,212,2530.0,0.0,4696.969696969697,-2166.969696969697,OPTIMAL
109.0909090909091,153.53535353535355,212,2530.0,0.0,4759.59595959596,-2229.5959595959603,OPTIMAL
109.0909090909091,155.55555555555557,212,2530.0,0.0,4822.222222222223,-2292.2222222222226,OPTIMAL
109.0909090909091,157.5757575757576,212,2530.0,0.0,4884.848484848485,-2354.848484848485,OPTIMAL
109.0909090909091,159.5959595959596,212,2530.0,0.0,4947.474747474748,-2417.4747474747483,OPTIMAL
113.63636363636364,20.202020202020204,243,180.0,0.0,0.0,180.0,OPTIMAL
113.63636363636364,22.222222222222225,243,180.0,0.0,0.0,180.0,OPTIMAL
113.63636363636364,24.242424242424242,243,180.0,0.0,0.0,180.0,OPTIMAL
113.63636363636364,26.262626262626263,243,180.0,0.0,0.0,180.0,OPTIMAL
113.63636363636364,28.282828282828284,243,180.0,0.0,0.0,180.0,OPTIMAL
113.63636363636364,30.303030303030305,243,180.0,0.0,0.0,180.0,OPTIMAL
113.63636363636364,32.323232323232325,243,180.0,0.0,0.0,180.0,OPTIMAL
113.63636363636364,34.343434343434346,243,180.0,0.0,0.0,180.0,OPTIMAL
113.63636363636364,36.36363636363637,243,180.0,0.0,0.0,180.0,OPTIMAL
113.63636363636364,38.38383838383839,243,180.0,0.0,0.0,180.0,OPTIMAL
112.12121212121212,80.80808080808082,222,1530.0,0.0,1696.9696969696972,-166.96969696969722,OPTIMAL
112.12121212121212,82.82828282828284,222,1530.0,0.0,1739.3939393939395,-209.3939393939395,OPTIMAL
112.12121212121212,84.84848484848486,222,1530.0,0.0,1781.818181818182,-251.81818181818198,OPTIMAL
112.12121212121212,86.86868686868688,222,1530.0,0.0,1824.2424242424245,-294.2424242424245,OPTIMAL
112.12121212121212,88.8888888888889,222,1530.0,0.0,1866.666666666667,-336.66666666666697,OPTIMAL
112.12121212121212,90.90909090909092,217,1980.0,0.0,2363.636363636364,-383.63636363636397,OPTIMAL
112.12121212121212,92.92929292929294,217,1980.0,0.0,2416.1616161616166,-436.1616161616166,OPTIMAL
112.12121212121212,94.94949494949496,217,1980.0,0.0,2468.686868686869,-488.6868686868688,OPTIMAL
112.12121212121212,96.96969696969697,217,1980.0,0.0,2521.212121212121,-541.212121212121,OPTIMAL
112.12121212121212,98.98989898989899,217,1980.0,0.0,2573.7373737373737,-593.7373737373737,OPTIMAL
113.63636363636364,40.40404040404041,237,420.0,0.0,242.42424242424244,177.57575757575756,OPTIMAL
113.63636363636364,42.42424242424243,237,420.0,0.0,254.54545454545456,165.45454545454544,OPTIMAL
113.63636363636364,44.44444444444445,237,420.0,0.0,266.6666666666667,153.33333333333331,OPTIMAL
113.63636363636364,46.46464646464647,237,420.0,0.0,278.7878787878788,141.2121212121212,OPTIMAL
113.63636363636364,48.484848484848484,237,420.0,0.0,290.9090909090909,129.09090909090912,OPTIMAL
113.63636363636364,50.505050505050505,237,420.0,0.0,303.030303030303,116.969696969697,OPTIMAL
113.63636363636364,52.525252525252526,237,420.0,0.0,315.1515151515151,104.84848484848487,OPTIMAL
113.63636363636364,54.54545454545455,237,420.0,0.0,327.27272727272725,92.72727272727275,OPTIMAL
113.63636363636364,56.56565656565657,237,420.0,0.0,339.3939393939394,80.60606060606062,OPTIMAL
113.63636363636364,58.58585858585859,237,420.0,0.0,351.5151515151515,68.4848484848485,OPTIMAL
110.60606060606061,181.81818181818184,202,4330.0,0.0,7454.545454545456,-3124.545454545456,OPTIMAL
110.60606060606061,183.83838383838386,202,4330.0,0.0,7537.373737373739,-3207.3737373737385,OPTIMAL
110.60606060606061,185.85858585858588,202,4330.0,0.0,7620.202020202021,-3290.2020202020212,OPTIMAL
110.60606060606061,187.8787878787879,202,4330.0,0.0,7703.030303030304,-3373.030303030304,OPTIMAL
110.60606060606061,189.89898989898992,202,4330.0,0.0,7785.858585858587,-3455.8585858585866,OPTIMAL
110.60606060606061,191.91919191919195,202,4330.0,0.0,7868.68686868687,-3538.68686868687,OPTIMAL
110.60606060606061,193.93939393939394,202,4330.0,0.0,7951.515151515151,-3621.515151515151,OPTIMAL
110.60606060606061,195.95959595959596,202,4330.0,0.0,8034.343434343435,-3704.3434343434346,OPTIMAL
110.60606060606061,197.97979797979798,202,4330.0,0.0,8117.171717171717,-3787.1717171717173,OPTIMAL
110.60606060606061,200.0,202,4330.0,0.0,8200.0,-3870.0,OPTIMAL
110.60606060606061,161.61616161616163,212,2530.0,0.0,5010.101010101011,-2480.1010101010106,OPTIMAL
110.60606060606061,163.63636363636365,212,2530.0,0.0,5072.727272727273,-2542.727272727273,OPTIMAL
110.60606060606061,165.65656565656568,212,2530.0,0.0,5135.353535353536,-2605.3535353535362,OPTIMAL
110.60606060606061,167.6767676767677,212,2530.0,0.0,5197.979797979799,-2667.9797979797986,OPTIMAL
110.60606060606061,169.69696969696972,212,2530.0,0.0,5260.606060606061,-2730.606060606061,OPTIMAL
110.60606060606061,171.71717171717174,212,2530.0,0.0,5323.232323232324,-2793.2323232323242,OPTIMAL
110.60606060606061,173.73737373737376,212,2530.0,0.0,5385.858585858587,-2855.8585858585866,OPTIMAL
110.60606060606061,175.75757575757578,212,2530.0,0.0,5448.484848484849,-2918.484848484849,OPTIMAL
110.60606060606061,177.7777777777778,212,2530.0,0.0,5511.111111111112,-2981.111111111112,OPTIMAL
110.60606060606061,179.79797979797982,212,2530.0,0.0,5573.737373737375,-3043.7373737373746,OPTIMAL
110.60606060606061,121.21212121212122,212,2530.0,0.0,3757.575757575758,-1227.575757575758,OPTIMAL
110.60606060606061,123.23232323232324,212,2530.0,0.0,3820.2020202020203,-1290.2020202020203,OPTIMAL
110.60606060606061,125.25252525252526,212,2530.0,0.0,3882.828282828283,-1352.8282828282831,OPTIMAL
110.60606060606061,127.27272727272728,212,2530.0,0.0,3945.4545454545455,-1415.4545454545455,OPTIMAL
110.60606060606061,129.2929292929293,212,2530.0,0.0,4008.0808080808083,-1478.0808080808083,OPTIMAL
110.60606060606061,131.31313131313132,212,2530.0,0.0,4070.707070707071,-1540.7070707070711,OPTIMAL
110.60606060606061,133.33333333333334,212,2530.0,0.0,4133.333333333334,-1603.333333333334,OPTIMAL
110.60606060606061,135.35353535353536,212,2530.0,0.0,4195.959595959596,-1665.9595959595963,OPTIMAL
110.60606060606061,137.37373737373738,212,2530.0,0.0,4258.585858585859,-1728.5858585858587,OPTIMAL
110.60606060606061,139.3939393939394,212,2530.0,0.0,4321.212121212122,-1791.212121212122,OPTIMAL
110.60606060606061,141.41414141414143,212,2530.0,0.0,4383.838383838384,-1853.8383838383843,OPTIMAL
110.60606060606061,143.43434343434345,212,2530.0,0.0,4446.464646464647,-1916.4646464646466,OPTIMAL
110.60606060606061,145.45454545454547,212,2530.0,0.0,4509.09090909091,-1979.09090909091,OPTIMAL
110.60606060606061,147.4747474747475,212,2530.0,0.0,4571.717171717172,-2041.7171717171723,OPTIMAL
110.60606060606061,149.4949494949495,212,2530.0,0.0,4634.343434343435,-2104.3434343434346,OPTIMAL
110.60606060606061,151.51515151515153,212,2530.0,0.0,4696.969696969697,-2166.969696969697,OPTIMAL
110.60606060606061,153.53535353535355,212,2530.0,0.0,4759.59595959596,-2229.5959595959603,OPTIMAL
110.60606060606061,155.55555555555557,212,2530.0,0.0,4822.222222222223,-2292.2222222222226,OPTIMAL
110.60606060606061,157.5757575757576,212,2530.0,0.0,4884.848484848485,-2354.848484848485,OPTIMAL
110.60606060606061,159.5959595959596,212,2530.0,0.0,4947.474747474748,-2417.4747474747483,OPTIMAL
113.63636363636364,60.60606060606061,234,600.0,0.0,545.4545454545455,54.545454545454504,OPTIMAL
113.63636363636364,62.62626262626263,234,600.0,0.0,563.6363636363636,36.363636363636374,OPTIMAL
113.63636363636364,64.64646464646465,234,600.0,0.0,581.8181818181819,18.18181818181813,OPTIMAL
113.63636363636364,66.66666666666667,234,600.0,0.0,600.0,0.0,OPTIMAL
113.63636363636364,68.68686868686869,234,600.0,0.0,618.1818181818182,-18.181818181818244,OPTIMAL
113.63636363636364,70.70707070707071,231,810.0,0.0,848.4848484848485,-38.4848484848485,OPTIMAL
113.63636363636364,72.72727272727273,231,810.0,0.0,872.7272727272727,-62.72727272727275,OPTIMAL
113.63636363636364,74.74747474747475,231,810.0,0.0,896.969696969697,-86.969696969697,OPTIMAL
113.63636363636364,76.76767676767678,231,810.0,0.0,921.2121212121212,-111.21212121212125,OPTIMAL
113.63636363636364,78.7878787878788,231,810.0,0.0,945.4545454545455,-135.4545454545455,OPTIMAL
112.12121212121212,101.01010101010101,217,1980.0,0.0,2626.2626262626263,-646.2626262626263,OPTIMAL
112.12121212121212,103.03030303030303,217,1980.0,0.0,2678.787878787879,-698.787878787879,OPTIMAL
112.12121212121212,105.05050505050505,217,1980.0,0.0,2731.313131313131,-751.3131313131312,OPTIMAL
112.12121212121212,107.07070707070707,217,1980.0,0.0,2783.838383838384,-803.8383838383838,OPTIMAL
112.12121212121212,109.0909090909091,217,1980.0,0.0,2836.3636363636365,-856.3636363636365,OPTIMAL
112.12121212121212,111.11111111111111,212,2530.0,0.0,3444.4444444444443,-914.4444444444443,OPTIMAL
112.12121212121212,113.13131313131314,212,2530.0,0.0,3507.070707070707,-977.0707070707072,OPTIMAL
112.12121212121212,115.15151515151516,212,2530.0,0.0,3569.69696969697,-1039.69696969697,OPTIMAL
112.12121212121212,117.17171717171718,212,2530.0,0.0,3632.3232323232323,-1102.3232323232323,OPTIMAL
112.12121212121212,119.1919191919192,212,2530.0,0.0,3694.949494949495,-1164.9494949494951,OPTIMAL
115.15151515151516,0.0,243,180.0,0.0,0.0,180.0,OPTIMAL
115.15151515151516,2.0202020202020203,243,180.0,0.0,0.0,180.0,OPTIMAL
115.15151515151516,4.040404040404041,243,180.0,0.0,0.0,180.0,OPTIMAL
115.15151515151516,6.0606060606060606,243,180.0,0.0,0.0,180.0,OPTIMAL
115.15151515151516,8.080808080808081,243,180.0,0.0,0.0,180.0,OPTIMAL
115.15151515151516,10.101010101010102,243,180.0,0.0,0.0,180.0,OPTIMAL
115.15151515151516,12.121212121212121,243,180.0,0.0,0.0,180.0,OPTIMAL
115.15151515151516,14.141414141414142,243,180.0,0.0,0.0,180.0,OPTIMAL
115.15151515151516,16.161616161616163,243,180.0,0.0,0.0,180.0,OPTIMAL
115.15151515151516,18.181818181818183,243,180.0,0.0,0.0,180.0,OPTIMAL
115.15151515151516,20.202020202020204,243,180.0,0.0,0.0,180.0,OPTIMAL
115.15151515151516,22.222222222222225,243,180.0,0.0,0.0,180.0,OPTIMAL
115.15151515151516,24.242424242424242,243,180.0,0.0,0.0,180.0,OPTIMAL
115.15151515151516,26.262626262626263,243,180.0,0.0,0.0,180.0,OPTIMAL
115.15151515151516,28.282828282828284,243,180.0,0.0,0.0,180.0,OPTIMAL
115.15151515151516,30.303030303030305,243,180.0,0.0,0.0,180.0,OPTIMAL
115.15151515151516,32.323232323232325,243,180.0,0.0,0.0,180.0,OPTIMAL
115.15151515151516,34.343434343434346,243,180.0,0.0,0.0,180.0,OPTIMAL
115.15151515151516,36.36363636363637,243,180.0,0.0,0.0,180.0,OPTIMAL
115.15151515151516,38.38383838383839,243,180.0,0.0,0.0,180.0,OPTIMAL
113.63636363636364,80.80808080808082,222,1530.0,0.0,1696.9696969696972,-166.96969696969722,OPTIMAL
113.63636363636364,82.82828282828284,222,1530.0,0.0,1739.3939393939395,-209.3939393939395,OPTIMAL
113.63636363636364,84.84848484848486,222,1530.0,0.0,1781.818181818182,-251.81818181818198,OPTIMAL
113.63636363636364,86.86868686868688,222,1530.0,0.0,1824.2424242424245,-294.2424242424245,OPTIMAL
113.63636363636364,88.8888888888889,222,1530.0,0.0,1866.666666666667,-336.66666666666697,OPTIMAL
113.63636363636364,90.90909090909092,217,1980.0,0.0,2363.636363636364,-383.63636363636397,OPTIMAL
113.63636363636364,92.92929292929294,217,1980.0,0.0,2416.1616161616166,-436.1616161616166,OPTIMAL
113.63636363636364,94.94949494949496,217,1980.0,0.0,2468.686868686869,-488.6868686868688,OPTIMAL
113.63636363636364,96.96969696969697,217,1980.0,0.0,2521.212121212121,-541.212121212121,OPTIMAL
113.63636363636364,98.98989898989899,217,1980.0,0.0,2573.7373737373737,-593.7373737373737,OPTIMAL
112.12121212121212,121.21212121212122,212,2530.0,0.0,3757.575757575758,-1227.575757575758,OPTIMAL
112.12121212121212,123.23232323232324,212,2530.0,0.0,3820.2020202020203,-1290.2020202020203,OPTIMAL
112.12121212121212,125.25252525252526,212,2530.0,0.0,3882.828282828283,-1352.8282828282831,OPTIMAL
112.12121212121212,127.27272727272728,212,2530.0,0.0,3945.4545454545455,-1415.4545454545455,OPTIMAL
112.12121212121212,129.2929292929293,212,2530.0,0.0,4008.0808080808083,-1478.0808080808083,OPTIMAL
112.12121212121212,131.31313131313132,212,2530.0,0.0,4070.707070707071,-1540.7070707070711,OPTIMAL
112.12121212121212,133.33333333333334,212,2530.0,0.0,4133.333333333334,-1603.333333333334,OPTIMAL
112.12121212121212,135.35353535353536,212,2530.0,0.0,4195.959595959596,-1665.9595959595963,OPTIMAL
112.12121212121212,137.37373737373738,212,2530.0,0.0,4258.585858585859,-1728.5858585858587,OPTIMAL
112.12121212121212,139.3939393939394,212,2530.0,0.0,4321.212121212122,-1791.212121212122,OPTIMAL
115.15151515151516,60.60606060606061,234,600.0,0.0,545.4545454545455,54.545454545454504,OPTIMAL
115.15151515151516,62.62626262626263,234,600.0,0.0,563.6363636363636,36.363636363636374,OPTIMAL
115.15151515151516,64.64646464646465,234,600.0,0.0,581.8181818181819,18.18181818181813,OPTIMAL
115.15151515151516,66.66666666666667,234,600.0,0.0,600.0,0.0,OPTIMAL
115.15151515151516,68.68686868686869,234,600.0,0.0,618.1818181818182,-18.181818181818244,OPTIMAL
115.15151515151516,70.70707070707071,231,810.0,0.0,848.4848484848485,-38.4848484848485,OPTIMAL
115.15151515151516,72.72727272727273,231,810.0,0.0,872.7272727272727,-62.72727272727275,OPTIMAL
115.15151515151516,74.74747474747475,231,810.0,0.0,896.969696969697,-86.969696969697,OPTIMAL
115.15151515151516,76.76767676767678,231,810.0,0.0,921.2121212121212,-111.21212121212125,OPTIMAL
115.15151515151516,78.7878787878788,231,810.0,0.0,945.4545454545455,-135.4545454545455,OPTIMAL
112.12121212121212,161.61616161616163,212,2530.0,0.0,5010.101010101011,-2480.1010101010106,OPTIMAL
112.12121212121212,163.63636363636365,212,2530.0,0.0,5072.727272727273,-2542.727272727273,OPTIMAL
112.12121212121212,165.65656565656568,212,2530.0,0.0,5135.353535353536,-2605.3535353535362,OPTIMAL
112.12121212121212,167.6767676767677,212,2530.0,0.0,5197.979797979799,-2667.9797979797986,OPTIMAL
112.12121212121212,169.69696969696972,212,2530.0,0.0,5260.606060606061,-2730.606060606061,OPTIMAL
112.12121212121212,171.71717171717174,212,2530.0,0.0,5323.232323232324,-2793.2323232323242,OPTIMAL
112.12121212121212,173.73737373737376,212,2530.0,0.0,5385.858585858587,-2855.8585858585866,OPTIMAL
112.12121212121212,175.75757575757578,212,2530.0,0.0,5448.484848484849,-2918.484848484849,OPTIMAL
112.12121212121212,177.7777777777778,212,2530.0,0.0,5511.111111111112,-2981.111111111112,OPTIMAL
112.12121212121212,179.79797979797982,212,2530.0,0.0,5573.737373737375,-3043.7373737373746,OPTIMAL
115.15151515151516,40.40404040404041,237,420.0,0.0,242.42424242424244,177.57575757575756,OPTIMAL
115.15151515151516,42.42424242424243,237,420.0,0.0,254.54545454545456,165.45454545454544,OPTIMAL
115.15151515151516,44.44444444444445,237,420.0,0.0,266.6666666666667,153.33333333333331,OPTIMAL
115.15151515151516,46.46464646464647,237,420.0,0.0,278.7878787878788,141.2121212121212,OPTIMAL
115.15151515151516,48.484848484848484,237,420.0,0.0,290.9090909090909,129.09090909090912,OPTIMAL
115.15151515151516,50.505050505050505,237,420.0,0.0,303.030303030303,116.969696969697,OPTIMAL
115.15151515151516,52.525252525252526,237,420.0,0.0,315.1515151515151,104.84848484848487,OPTIMAL
115.15151515151516,54.54545454545455,237,420.0,0.0,327.27272727272725,92.72727272727275,OPTIMAL
115.15151515151516,56.56565656565657,237,420.0,0.0,339.3939393939394,80.60606060606062,OPTIMAL
115.15151515151516,58.58585858585859,237,420.0,0.0,351.5151515151515,68.4848484848485,OPTIMAL
112.12121212121212,141.41414141414143,212,2530.0,0.0,4383.838383838384,-1853.8383838383843,OPTIMAL
112.12121212121212,143.43434343434345,212,2530.0,0.0,4446.464646464647,-1916.4646464646466,OPTIMAL
112.12121212121212,145.45454545454547,212,2530.0,0.0,4509.09090909091,-1979.09090909091,OPTIMAL
112.12121212121212,147.4747474747475,212,2530.0,0.0,4571.717171717172,-2041.7171717171723,OPTIMAL
112.12121212121212,149.4949494949495,212,2530.0,0.0,4634.343434343435,-2104.3434343434346,OPTIMAL
112.12121212121212,151.51515151515153,212,2530.0,0.0,4696.969696969697,-2166.969696969697,OPTIMAL
112.12121212121212,153.53535353535355,212,2530.0,0.0,4759.59595959596,-2229.5959595959603,OPTIMAL
112.12121212121212,155.55555555555557,212,2530.0,0.0,4822.222222222223,-2292.2222222222226,OPTIMAL
112.12121212121212,157.5757575757576,212,2530.0,0.0,4884.848484848485,-2354.848484848485,OPTIMAL
112.12121212121212,159.5959595959596,212,2530.0,0.0,4947.474747474748,-2417.4747474747483,OPTIMAL
113.63636363636364,101.01010101010101,217,1980.0,0.0,2626.2626262626263,-646.2626262626263,OPTIMAL
113.63636363636364,103.03030303030303,217,1980.0,0.0,2678.787878787879,-698.787878787879,OPTIMAL
113.63636363636364,105.05050505050505,217,1980.0,0.0,2731.313131313131,-751.3131313131312,OPTIMAL
113.63636363636364,107.07070707070707,217,1980.0,0.0,2783.838383838384,-803.8383838383838,OPTIMAL
113.63636363636364,109.0909090909091,217,1980.0,0.0,2836.3636363636365,-856.3636363636365,OPTIMAL
113.63636363636364,111.11111111111111,212,2530.0,0.0,3444.4444444444443,-914.4444444444443,OPTIMAL
113.63636363636364,113.13131313131314,212,2530.0,0.0,3507.070707070707,-977.0707070707072,OPTIMAL
113.63636363636364,115.15151515151516,212,2530.0,0.0,3569.69696969697,-1039.69696969697,OPTIMAL
113.63636363636364,117.17171717171718,212,2530.0,0.0,3632.3232323232323,-1102.3232323232323,OPTIMAL
113.63636363636364,119.1919191919192,212,2530.0,0.0,3694.949494949495,-1164.9494949494951,OPTIMAL
116.66666666666667,0.0,243,180.0,0.0,0.0,180.0,OPTIMAL
116.66666666666667,2.0202020202020203,243,180.0,0.0,0.0,180.0,OPTIMAL
116.66666666666667,4.040404040404041,243,180.0,0.0,0.0,180.0,OPTIMAL
116.66666666666667,6.0606060606060606,243,180.0,0.0,0.0,180.0,OPTIMAL
116.66666666666667,8.080808080808081,243,180.0,0.0,0.0,180.0,OPTIMAL
116.66666666666667,10.101010101010102,243,180.0,0.0,0.0,180.0,OPTIMAL
116.66666666666667,12.121212121212121,243,180.0,0.0,0.0,180.0,OPTIMAL
116.66666666666667,14.141414141414142,243,180.0,0.0,0.0,180.0,OPTIMAL
116.66666666666667,16.161616161616163,243,180.0,0.0,0.0,180.0,OPTIMAL
116.66666666666667,18.181818181818183,243,180.0,0.0,0.0,180.0,OPTIMAL
112.12121212121212,181.81818181818184,202,4330.0,0.0,7454.545454545456,-3124.545454545456,OPTIMAL
112.12121212121212,183.83838383838386,202,4330.0,0.0,7537.373737373739,-3207.3737373737385,OPTIMAL
112.12121212121212,185.85858585858588,202,4330.0,0.0,7620.202020202021,-3290.2020202020212,OPTIMAL
112.12121212121212,187.8787878787879,202,4330.0,0.0,7703.030303030304,-3373.030303030304,OPTIMAL
112.12121212121212,189.89898989898992,202,4330.0,0.0,7785.858585858587,-3455.8585858585866,OPTIMAL
112.12121212121212,191.91919191919195,202,4330.0,0.0,7868.68686868687,-3538.68686868687,OPTIMAL
112.12121212121212,193.93939393939394,202,4330.0,0.0,7951.515151515151,-3621.515151515151,OPTIMAL
112.12121212121212,195.95959595959596,202,4330.0,0.0,8034.343434343435,-3704.3434343434346,OPTIMAL
112.12121212121212,197.97979797979798,202,4330.0,0.0,8117.171717171717,-3787.1717171717173,OPTIMAL
112.12121212121212,200.0,202,4330.0,0.0,8200.0,-3870.0,OPTIMAL
116.66666666666667,20.202020202020204,243,180.0,0.0,0.0,180.0,OPTIMAL
116.66666666666667,22.222222222222225,243,180.0,0.0,0.0,180.0,OPTIMAL
116.66666666666667,24.242424242424242,243,180.0,0.0,0.0,180.0,OPTIMAL
116.66666666666667,26.262626262626263,243,180.0,0.0,0.0,180.0,OPTIMAL
116.66666666666667,28.282828282828284,243,180.0,0.0,0.0,180.0,OPTIMAL
116.66666666666667,30.303030303030305,243,180.0,0.0,0.0,180.0,OPTIMAL
116.66666666666667,32.323232323232325,243,180.0,0.0,0.0,180.0,OPTIMAL
116.66666666666667,34.343434343434346,243,180.0,0.0,0.0,180.0,OPTIMAL
116.66666666666667,36.36363636363637,243,180.0,0.0,0.0,180.0,OPTIMAL
116.66666666666667,38.38383838383839,243,180.0,0.0,0.0,180.0,OPTIMAL
116.66666666666667,40.40404040404041,237,420.0,0.0,242.42424242424244,177.57575757575756,OPTIMAL
116.66666666666667,42.42424242424243,237,420.0,0.0,254.54545454545456,165.45454545454544,OPTIMAL
116.66666666666667,44.44444444444445,237,420.0,0.0,266.6666666666667,153.33333333333331,OPTIMAL
116.66666666666667,46.46464646464647,237,420.0,0.0,278.7878787878788,141.2121212121212,OPTIMAL
116.66666666666667,48.484848484848484,237,420.0,0.0,290.9090909090909,129.09090909090912,OPTIMAL
116.66666666666667,50.505050505050505,237,420.0,0.0,303.030303030303,116.969696969697,OPTIMAL
116.66666666666667,52.525252525252526,237,420.0,0.0,315.1515151515151,104.84848484848487,OPTIMAL
116.66666666666667,54.54545454545455,237,420.0,0.0,327.27272727272725,92.72727272727275,OPTIMAL
116.66666666666667,56.56565656565657,237,420.0,0.0,339.3939393939394,80.60606060606062,OPTIMAL
116.66666666666667,58.58585858585859,237,420.0,0.0,351.5151515151515,68.4848484848485,OPTIMAL
115.15151515151516,80.80808080808082,222,1530.0,0.0,1696.9696969696972,-166.96969696969722,OPTIMAL
115.15151515151516,82.82828282828284,222,1530.0,0.0,1739.3939393939395,-209.3939393939395,OPTIMAL
115.15151515151516,84.84848484848486,222,1530.0,0.0,1781.818181818182,-251.81818181818198,OPTIMAL
115.15151515151516,86.86868686868688,222,1530.0,0.0,1824.2424242424245,-294.2424242424245,OPTIMAL
115.15151515151516,88.8888888888889,222,1530.0,0.0,1866.666666666667,-336.66666666666697,OPTIMAL
115.15151515151516,90.90909090909092,217,1980.0,0.0,2363.636363636364,-383.63636363636397,OPTIMAL
115.15151515151516,92.92929292929294,217,1980.0,0.0,2416.1616161616166,-436.1616161616166,OPTIMAL
115.15151515151516,94.94949494949496,217,1980.0,0.0,2468.686868686869,-488.6868686868688,OPTIMAL
115.15151515151516,96.96969696969697,217,1980.0,0.0,2521.212121212121,-541.212121212121,OPTIMAL
115.15151515151516,98.98989898989899,217,1980.0,0.0,2573.7373737373737,-593.7373737373737,OPTIMAL
113.63636363636364,141.41414141414143,212,2530.0,0.0,4383.838383838384,-1853.8383838383843,OPTIMAL
113.63636363636364,143.43434343434345,212,2530.0,0.0,4446.464646464647,-1916.4646464646466,OPTIMAL
113.63636363636364,145.45454545454547,212,2530.0,0.0,4509.09090909091,-1979.09090909091,OPTIMAL
113.63636363636364,147.4747474747475,212,2530.0,0.0,4571.717171717172,-2041.7171717171723,OPTIMAL
113.63636363636364,149.4949494949495,212,2530.0,0.0,4634.343434343435,-2104.3434343434346,OPTIMAL
113.63636363636364,151.51515151515153,212,2530.0,0.0,4696.969696969697,-2166.969696969697,OPTIMAL
113.63636363636364,153.53535353535355,212,2530.0,0.0,4759.59595959596,-2229.5959595959603,OPTIMAL
113.63636363636364,155.55555555555557,212,2530.0,0.0,4822.222222222223,-2292.2222222222226,OPTIMAL
113.63636363636364,157.5757575757576,212,2530.0,0.0,4884.848484848485,-2354.848484848485,OPTIMAL
113.63636363636364,159.5959595959596,212,2530.0,0.0,4947.474747474748,-2417.4747474747483,OPTIMAL
113.63636363636364,121.21212121212122,212,2530.0,0.0,3757.575757575758,-1227.575757575758,OPTIMAL
113.63636363636364,123.23232323232324,212,2530.0,0.0,3820.2020202020203,-1290.2020202020203,OPTIMAL
113.63636363636364,125.25252525252526,212,2530.0,0.0,3882.828282828283,-1352.8282828282831,OPTIMAL
113.63636363636364,127.27272727272728,212,2530.0,0.0,3945.4545454545455,-1415.4545454545455,OPTIMAL
113.63636363636364,129.2929292929293,212,2530.0,0.0,4008.0808080808083,-1478.0808080808083,OPTIMAL
113.63636363636364,131.31313131313132,212,2530.0,0.0,4070.707070707071,-1540.7070707070711,OPTIMAL
113.63636363636364,133.33333333333334,212,2530.0,0.0,4133.333333333334,-1603.333333333334,OPTIMAL
113.63636363636364,135.35353535353536,212,2530.0,0.0,4195.959595959596,-1665.9595959595963,OPTIMAL
113.63636363636364,137.37373737373738,212,2530.0,0.0,4258.585858585859,-1728.5858585858587,OPTIMAL
113.63636363636364,139.3939393939394,212,2530.0,0.0,4321.212121212122,-1791.212121212122,OPTIMAL
116.66666666666667,60.60606060606061,234,600.0,0.0,545.4545454545455,54.545454545454504,OPTIMAL
116.66666666666667,62.62626262626263,234,600.0,0.0,563.6363636363636,36.363636363636374,OPTIMAL
116.66666666666667,64.64646464646465,234,600.0,0.0,581.8181818181819,18.18181818181813,OPTIMAL
116.66666666666667,66.66666666666667,234,600.0,0.0,600.0,0.0,OPTIMAL
116.66666666666667,68.68686868686869,234,600.0,0.0,618.1818181818182,-18.181818181818244,OPTIMAL
116.66666666666667,70.70707070707071,231,810.0,0.0,848.4848484848485,-38.4848484848485,OPTIMAL
116.66666666666667,72.72727272727273,231,810.0,0.0,872.7272727272727,-62.72727272727275,OPTIMAL
116.66666666666667,74.74747474747475,231,810.0,0.0,896.969696969697,-86.969696969697,OPTIMAL
116.66666666666667,76.76767676767678,231,810.0,0.0,921.2121212121212,-111.21212121212125,OPTIMAL
116.66666666666667,78.7878787878788,231,810.0,0.0,945.4545454545455,-135.4545454545455,OPTIMAL
113.63636363636364,161.61616161616163,212,2530.0,0.0,5010.101010101011,-2480.1010101010106,OPTIMAL
113.63636363636364,163.63636363636365,212,2530.0,0.0,5072.727272727273,-2542.727272727273,OPTIMAL
113.63636363636364,165.65656565656568,212,2530.0,0.0,5135.353535353536,-2605.3535353535362,OPTIMAL
113.63636363636364,167.6767676767677,212,2530.0,0.0,5197.979797979799,-2667.9797979797986,OPTIMAL
113.63636363636364,169.69696969696972,212,2530.0,0.0,5260.606060606061,-2730.606060606061,OPTIMAL
113.63636363636364,171.71717171717174,212,2530.0,0.0,5323.232323232324,-2793.2323232323242,OPTIMAL
113.63636363636364,173.73737373737376,212,2530.0,0.0,5385.858585858587,-2855.8585858585866,OPTIMAL
113.63636363636364,175.75757575757578,212,2530.0,0.0,5448.484848484849,-2918.484848484849,OPTIMAL
113.63636363636364,177.7777777777778,212,2530.0,0.0,5511.111111111112,-2981.111111111112,OPTIMAL
113.63636363636364,179.79797979797982,212,2530.0,0.0,5573.737373737375,-3043.7373737373746,OPTIMAL
113.63636363636364,181.81818181818184,202,4330.0,0.0,7454.545454545456,-3124.545454545456,OPTIMAL
113.63636363636364,183.83838383838386,202,4330.0,0.0,7537.373737373739,-3207.3737373737385,OPTIMAL
113.63636363636364,185.85858585858588,202,4330.0,0.0,7620.202020202021,-3290.2020202020212,OPTIMAL
113.63636363636364,187.8787878787879,202,4330.0,0.0,7703.030303030304,-3373.030303030304,OPTIMAL
113.63636363636364,189.89898989898992,202,4330.0,0.0,7785.858585858587,-3455.8585858585866,OPTIMAL
113.63636363636364,191.91919191919195,202,4330.0,0.0,7868.68686868687,-3538.68686868687,OPTIMAL
113.63636363636364,193.93939393939394,202,4330.0,0.0,7951.515151515151,-3621.515151515151,OPTIMAL
113.63636363636364,195.95959595959596,202,4330.0,0.0,8034.343434343435,-3704.3434343434346,OPTIMAL
113.63636363636364,197.97979797979798,202,4330.0,0.0,8117.171717171717,-3787.1717171717173,OPTIMAL
113.63636363636364,200.0,202,4330.0,0.0,8200.0,-3870.0,OPTIMAL
115.15151515151516,101.01010101010101,217,1980.0,0.0,2626.2626262626263,-646.2626262626263,OPTIMAL
115.15151515151516,103.03030303030303,217,1980.0,0.0,2678.787878787879,-698.787878787879,OPTIMAL
115.15151515151516,105.05050505050505,217,1980.0,0.0,2731.313131313131,-751.3131313131312,OPTIMAL
115.15151515151516,107.07070707070707,217,1980.0,0.0,2783.838383838384,-803.8383838383838,OPTIMAL
115.15151515151516,109.0909090909091,217,1980.0,0.0,2836.3636363636365,-856.3636363636365,OPTIMAL
115.15151515151516,111.11111111111111,212,2530.0,0.0,3444.4444444444443,-914.4444444444443,OPTIMAL
115.15151515151516,113.13131313131314,212,2530.0,0.0,3507.070707070707,-977.0707070707072,OPTIMAL
115.15151515151516,115.15151515151516,212,2530.0,0.0,3569.69696969697,-1039.69696969697,OPTIMAL
115.15151515151516,117.17171717171718,212,2530.0,0.0,3632.3232323232323,-1102.3232323232323,OPTIMAL
115.15151515151516,119.1919191919192,212,2530.0,0.0,3694.949494949495,-1164.9494949494951,OPTIMAL
118.18181818181819,0.0,243,180.0,0.0,0.0,180.0,OPTIMAL
118.18181818181819,2.0202020202020203,243,180.0,0.0,0.0,180.0,OPTIMAL
118.18181818181819,4.040404040404041,243,180.0,0.0,0.0,180.0,OPTIMAL
118.18181818181819,6.0606060606060606,243,180.0,0.0,0.0,180.0,OPTIMAL
118.18181818181819,8.080808080808081,243,180.0,0.0,0.0,180.0,OPTIMAL
118.18181818181819,10.101010101010102,243,180.0,0.0,0.0,180.0,OPTIMAL
118.18181818181819,12.121212121212121,243,180.0,0.0,0.0,180.0,OPTIMAL
118.18181818181819,14.141414141414142,243,180.0,0.0,0.0,180.0,OPTIMAL
118.18181818181819,16.161616161616163,243,180.0,0.0,0.0,180.0,OPTIMAL
118.18181818181819,18.181818181818183,243,180.0,0.0,0.0,180.0,OPTIMAL
116.66666666666667,80.80808080808082,222,1530.0,0.0,1696.9696969696972,-166.96969696969722,OPTIMAL
116.66666666666667,82.82828282828284,222,1530.0,0.0,1739.3939393939395,-209.3939393939395,OPTIMAL
116.66666666666667,84.84848484848486,222,1530.0,0.0,1781.818181818182,-251.81818181818198,OPTIMAL
116.66666666666667,86.86868686868688,222,1530.0,0.0,1824.2424242424245,-294.2424242424245,OPTIMAL
116.66666666666667,88.8888888888889,222,1530.0,0.0,1866.666666666667,-336.66666666666697,OPTIMAL
116.66666666666667,90.90909090909092,217,1980.0,0.0,2363.636363636364,-383.63636363636397,OPTIMAL
116.66666666666667,92.92929292929294,217,1980.0,0.0,2416.1616161616166,-436.1616161616166,OPTIMAL
116.66666666666667,94.94949494949496,217,1980.0,0.0,2468.686868686869,-488.6868686868688,OPTIMAL
116.66666666666667,96.96969696969697,217,1980.0,0.0,2521.212121212121,-541.212121212121,OPTIMAL
116.66666666666667,98.98989898989899,217,1980.0,0.0,2573.7373737373737,-593.7373737373737,OPTIMAL
118.18181818181819,20.202020202020204,243,180.0,0.0,0.0,180.0,OPTIMAL
118.18181818181819,22.222222222222225,243,180.0,0.0,0.0,180.0,OPTIMAL
118.18181818181819,24.242424242424242,243,180.0,0.0,0.0,180.0,OPTIMAL
118.18181818181819,26.262626262626263,243,180.0,0.0,0.0,180.0,OPTIMAL
118.18181818181819,28.282828282828284,243,180.0,0.0,0.0,180.0,OPTIMAL
118.18181818181819,30.303030303030305,243,180.0,0.0,0.0,180.0,OPTIMAL
118.18181818181819,32.323232323232325,243,180.0,0.0,0.0,180.0,OPTIMAL
118.18181818181819,34.343434343434346,243,180.0,0.0,0.0,180.0,OPTIMAL
118.18181818181819,36.36363636363637,243,180.0,0.0,0.0,180.0,OPTIMAL
118.18181818181819,38.38383838383839,243,180.0,0.0,0.0,180.0,OPTIMAL
115.15151515151516,161.61616161616163,212,2530.0,0.0,5010.101010101011,-2480.1010101010106,OPTIMAL
115.15151515151516,163.63636363636365,212,2530.0,0.0,5072.727272727273,-2542.727272727273,OPTIMAL
115.15151515151516,165.65656565656568,212,2530.0,0.0,5135.353535353536,-2605.3535353535362,OPTIMAL
115.15151515151516,167.6767676767677,212,2530.0,0.0,5197.979797979799,-2667.9797979797986,OPTIMAL
115.15151515151516,169.69696969696972,212,2530.0,0.0,5260.606060606061,-2730.606060606061,OPTIMAL
115.15151515151516,171.71717171717174,212,2530.0,0.0,5323.232323232324,-2793.2323232323242,OPTIMAL
115.15151515151516,173.73737373737376,212,2530.0,0.0,5385.858585858587,-2855.8585858585866,OPTIMAL
115.15151515151516,175.75757575757578,212,2530.0,0.0,5448.484848484849,-2918.484848484849,OPTIMAL
115.15151515151516,177.7777777777778,212,2530.0,0.0,5511.111111111112,-2981.111111111112,OPTIMAL
115.15151515151516,179.79797979797982,212,2530.0,0.0,5573.737373737375,-3043.7373737373746,OPTIMAL
118.18181818181819,40.40404040404041,237,420.0,0.0,242.42424242424244,177.57575757575756,OPTIMAL
118.18181818181819,42.42424242424243,237,420.0,0.0,254.54545454545456,165.45454545454544,OPTIMAL
118.18181818181819,44.44444444444445,237,420.0,0.0,266.6666666666667,153.33333333333331,OPTIMAL
118.18181818181819,46.46464646464647,237,420.0,0.0,278.7878787878788,141.2121212121212,OPTIMAL
118.18181818181819,48.484848484848484,237,420.0,0.0,290.9090909090909,129.09090909090912,OPTIMAL
118.18181818181819,50.505050505050505,237,420.0,0.0,303.030303030303,116.969696969697,OPTIMAL
118.18181818181819,52.525252525252526,237,420.0,0.0,315.1515151515151,104.84848484848487,OPTIMAL
118.18181818181819,54.54545454545455,237,420.0,0.0,327.27272727272725,92.72727272727275,OPTIMAL
118.18181818181819,56.56565656565657,237,420.0,0.0,339.3939393939394,80.60606060606062,OPTIMAL
118.18181818181819,58.58585858585859,237,420.0,0.0,351.5151515151515,68.4848484848485,OPTIMAL
115.15151515151516,141.41414141414143,212,2530.0,0.0,4383.838383838384,-1853.8383838383843,OPTIMAL
115.15151515151516,143.43434343434345,212,2530.0,0.0,4446.464646464647,-1916.4646464646466,OPTIMAL
115.15151515151516,145.45454545454547,212,2530.0,0.0,4509.09090909091,-1979.09090909091,OPTIMAL
115.15151515151516,147.4747474747475,212,2530.0,0.0,4571.717171717172,-2041.7171717171723,OPTIMAL
115.15151515151516,149.4949494949495,212,2530.0,0.0,4634.343434343435,-2104.3434343434346,OPTIMAL
115.15151515151516,151.51515151515153,212,2530.0,0.0,4696.969696969697,-2166.969696969697,OPTIMAL
115.15151515151516,153.53535353535355,212,2530.0,0.0,4759.59595959596,-2229.5959595959603,OPTIMAL
115.15151515151516,155.55555555555557,212,2530.0,0.0,4822.222222222223,-2292.2222222222226,OPTIMAL
115.15151515151516,157.5757575757576,212,2530.0,0.0,4884.848484848485,-2354.848484848485,OPTIMAL
115.15151515151516,159.5959595959596,212,2530.0,0.0,4947.474747474748,-2417.4747474747483,OPTIMAL
118.18181818181819,60.60606060606061,234,600.0,0.0,545.4545454545455,54.545454545454504,OPTIMAL
118.18181818181819,62.62626262626263,234,600.0,0.0,563.6363636363636,36.363636363636374,OPTIMAL
118.18181818181819,64.64646464646465,234,600.0,0.0,581.8181818181819,18.18181818181813,OPTIMAL
118.18181818181819,66.66666666666667,234,600.0,0.0,600.0,0.0,OPTIMAL
118.18181818181819,68.68686868686869,234,600.0,0.0,618.1818181818182,-18.181818181818244,OPTIMAL
118.18181818181819,70.70707070707071,231,810.0,0.0,848.4848484848485,-38.4848484848485,OPTIMAL
118.18181818181819,72.72727272727273,231,810.0,0.0,872.7272727272727,-62.72727272727275,OPTIMAL
118.18181818181819,74.74747474747475,231,810.0,0.0,896.969696969697,-86.969696969697,OPTIMAL
118.18181818181819,76.76767676767678,231,810.0,0.0,921.2121212121212,-111.21212121212125,OPTIMAL
118.18181818181819,78.7878787878788,231,810.0,0.0,945.4545454545455,-135.4545454545455,OPTIMAL
116.66666666666667,101.01010101010101,217,1980.0,0.0,2626.2626262626263,-646.2626262626263,OPTIMAL
116.66666666666667,103.03030303030303,217,1980.0,0.0,2678.787878787879,-698.787878787879,OPTIMAL
116.66666666666667,105.05050505050505,217,1980.0,0.0,2731.313131313131,-751.3131313131312,OPTIMAL
116.66666666666667,107.07070707070707,217,1980.0,0.0,2783.838383838384,-803.8383838383838,OPTIMAL
116.66666666666667,109.0909090909091,217,1980.0,0.0,2836.3636363636365,-856.3636363636365,OPTIMAL
116.66666666666667,111.11111111111111,212,2530.0,0.0,3444.4444444444443,-914.4444444444443,OPTIMAL
116.66666666666667,113.13131313131314,212,2530.0,0.0,3507.070707070707,-977.0707070707072,OPTIMAL
116.66666666666667,115.15151515151516,212,2530.0,0.0,3569.69696969697,-1039.69696969697,OPTIMAL
116.66666666666667,117.17171717171718,212,2530.0,0.0,3632.3232323232323,-1102.3232323232323,OPTIMAL
116.66666666666667,119.1919191919192,212,2530.0,0.0,3694.949494949495,-1164.9494949494951,OPTIMAL
115.15151515151516,121.21212121212122,212,2530.0,0.0,3757.575757575758,-1227.575757575758,OPTIMAL
115.15151515151516,123.23232323232324,212,2530.0,0.0,3820.2020202020203,-1290.2020202020203,OPTIMAL
115.15151515151516,125.25252525252526,212,2530.0,0.0,3882.828282828283,-1352.8282828282831,OPTIMAL
115.15151515151516,127.27272727272728,212,2530.0,0.0,3945.4545454545455,-1415.4545454545455,OPTIMAL
115.15151515151516,129.2929292929293,212,2530.0,0.0,4008.0808080808083,-1478.0808080808083,OPTIMAL
115.15151515151516,131.31313131313132,212,2530.0,0.0,4070.707070707071,-1540.7070707070711,OPTIMAL
115.15151515151516,133.33333333333334,212,2530.0,0.0,4133.333333333334,-1603.333333333334,OPTIMAL
115.15151515151516,135.35353535353536,212,2530.0,0.0,4195.959595959596,-1665.9595959595963,OPTIMAL
115.15151515151516,137.37373737373738,212,2530.0,0.0,4258.585858585859,-1728.5858585858587,OPTIMAL
115.15151515151516,139.3939393939394,212,2530.0,0.0,4321.212121212122,-1791.212121212122,OPTIMAL
115.15151515151516,181.81818181818184,202,4330.0,0.0,7454.545454545456,-3124.545454545456,OPTIMAL
115.15151515151516,183.83838383838386,202,4330.0,0.0,7537.373737373739,-3207.3737373737385,OPTIMAL
115.15151515151516,185.85858585858588,202,4330.0,0.0,7620.202020202021,-3290.2020202020212,OPTIMAL
115.15151515151516,187.8787878787879,202,4330.0,0.0,7703.030303030304,-3373.030303030304,OPTIMAL
115.15151515151516,189.89898989898992,202,4330.0,0.0,7785.858585858587,-3455.8585858585866,OPTIMAL
115.15151515151516,191.91919191919195,202,4330.0,0.0,7868.68686868687,-3538.68686868687,OPTIMAL
115.15151515151516,193.93939393939394,202,4330.0,0.0,7951.515151515151,-3621.515151515151,OPTIMAL
115.15151515151516,195.95959595959596,202,4330.0,0.0,8034.343434343435,-3704.3434343434346,OPTIMAL
115.15151515151516,197.97979797979798,202,4330.0,0.0,8117.171717171717,-3787.1717171717173,OPTIMAL
115.15151515151516,200.0,202,4330.0,0.0,8200.0,-3870.0,OPTIMAL
119.6969696969697,0.0,243,180.0,0.0,0.0,180.0,OPTIMAL
119.6969696969697,2.0202020202020203,243,180.0,0.0,0.0,180.0,OPTIMAL
119.6969696969697,4.040404040404041,243,180.0,0.0,0.0,180.0,OPTIMAL
119.6969696969697,6.0606060606060606,243,180.0,0.0,0.0,180.0,OPTIMAL
119.6969696969697,8.080808080808081,243,180.0,0.0,0.0,180.0,OPTIMAL
119.6969696969697,10.101010101010102,243,180.0,0.0,0.0,180.0,OPTIMAL
119.6969696969697,12.121212121212121,243,180.0,0.0,0.0,180.0,OPTIMAL
119.6969696969697,14.141414141414142,243,180.0,0.0,0.0,180.0,OPTIMAL
119.6969696969697,16.161616161616163,243,180.0,0.0,0.0,180.0,OPTIMAL
119.6969696969697,18.181818181818183,243,180.0,0.0,0.0,180.0,OPTIMAL
118.18181818181819,80.80808080808082,222,1530.0,0.0,1696.9696969696972,-166.96969696969722,OPTIMAL
118.18181818181819,82.82828282828284,222,1530.0,0.0,1739.3939393939395,-209.3939393939395,OPTIMAL
118.18181818181819,84.84848484848486,222,1530.0,0.0,1781.818181818182,-251.81818181818198,OPTIMAL
118.18181818181819,86.86868686868688,222,1530.0,0.0,1824.2424242424245,-294.2424242424245,OPTIMAL
118.18181818181819,88.8888888888889,222,1530.0,0.0,1866.666666666667,-336.66666666666697,OPTIMAL
118.18181818181819,90.90909090909092,217,1980.0,0.0,2363.636363636364,-383.63636363636397,OPTIMAL
118.18181818181819,92.92929292929294,217,1980.0,0.0,2416.1616161616166,-436.1616161616166,OPTIMAL
118.18181818181819,94.94949494949496,217,1980.0,0.0,2468.686868686869,-488.6868686868688,OPTIMAL
118.18181818181819,96.96969696969697,217,1980.0,0.0,2521.212121212121,-541.212121212121,OPTIMAL
118.18181818181819,98.98989898989899,217,1980.0,0.0,2573.7373737373737,-593.7373737373737,OPTIMAL
119.6969696969697,20.202020202020204,243,180.0,0.0,0.0,180.0,OPTIMAL
119.6969696969697,22.222222222222225,243,180.0,0.0,0.0,180.0,OPTIMAL
119.6969696969697,24.242424242424242,243,180.0,0.0,0.0,180.0,OPTIMAL
119.6969696969697,26.262626262626263,243,180.0,0.0,0.0,180.0,OPTIMAL
119.6969696969697,28.282828282828284,243,180.0,0.0,0.0,180.0,OPTIMAL
119.6969696969697,30.303030303030305,243,180.0,0.0,0.0,180.0,OPTIMAL
119.6969696969697,32.323232323232325,243,180.0,0.0,0.0,180.0,OPTIMAL
119.6969696969697,34.343434343434346,243,180.0,0.0,0.0,180.0,OPTIMAL
119.6969696969697,36.36363636363637,243,180.0,0.0,0.0,180.0,OPTIMAL
119.6969696969697,38.38383838383839,243,180.0,0.0,0.0,180.0,OPTIMAL
116.66666666666667,121.21212121212122,212,2530.0,0.0,3757.575757575758,-1227.575757575758,OPTIMAL
116.66666666666667,123.23232323232324,212,2530.0,0.0,3820.2020202020203,-1290.2020202020203,OPTIMAL
116.66666666666667,125.25252525252526,212,2530.0,0.0,3882.828282828283,-1352.8282828282831,OPTIMAL
116.66666666666667,127.27272727272728,212,2530.0,0.0,3945.4545454545455,-1415.4545454545455,OPTIMAL
116.66666666666667,129.2929292929293,212,2530.0,0.0,4008.0808080808083,-1478.0808080808083,OPTIMAL
116.66666666666667,131.31313131313132,212,2530.0,0.0,4070.707070707071,-1540.7070707070711,OPTIMAL
116.66666666666667,133.33333333333334,212,2530.0,0.0,4133.333333333334,-1603.333333333334,OPTIMAL
116.66666666666667,135.35353535353536,212,2530.0,0.0,4195.959595959596,-1665.9595959595963,OPTIMAL
116.66666666666667,137.37373737373738,212,2530.0,0.0,4258.585858585859,-1728.5858585858587,OPTIMAL
116.66666666666667,139.3939393939394,212,2530.0,0.0,4321.212121212122,-1791.212121212122,OPTIMAL
119.6969696969697,40.40404040404041,237,420.0,0.0,242.42424242424244,177.57575757575756,OPTIMAL
119.6969696969697,42.42424242424243,237,420.0,0.0,254.54545454545456,165.45454545454544,OPTIMAL
119.6969696969697,44.44444444444445,237,420.0,0.0,266.6666666666667,153.33333333333331,OPTIMAL
119.6969696969697,46.46464646464647,237,420.0,0.0,278.7878787878788,141.2121212121212,OPTIMAL
119.6969696969697,48.484848484848484,237,420.0,0.0,290.9090909090909,129.09090909090912,OPTIMAL
119.6969696969697,50.505050505050505,237,420.0,0.0,303.030303030303,116.969696969697,OPTIMAL
119.6969696969697,52.525252525252526,237,420.0,0.0,315.1515151515151,104.84848484848487,OPTIMAL
119.6969696969697,54.54545454545455,237,420.0,0.0,327.27272727272725,92.72727272727275,OPTIMAL
119.6969696969697,56.56565656565657,237,420.0,0.0,339.3939393939394,80.60606060606062,OPTIMAL
119.6969696969697,58.58585858585859,237,420.0,0.0,351.5151515151515,68.4848484848485,OPTIMAL
116.66666666666667,161.61616161616163,212,2530.0,0.0,5010.101010101011,-2480.1010101010106,OPTIMAL
116.66666666666667,163.63636363636365,212,2530.0,0.0,5072.727272727273,-2542.727272727273,OPTIMAL
116.66666666666667,165.65656565656568,212,2530.0,0.0,5135.353535353536,-2605.3535353535362,OPTIMAL
116.66666666666667,167.6767676767677,212,2530.0,0.0,5197.979797979799,-2667.9797979797986,OPTIMAL
116.66666666666667,169.69696969696972,212,2530.0,0.0,5260.606060606061,-2730.606060606061,OPTIMAL
116.66666666666667,171.71717171717174,212,2530.0,0.0,5323.232323232324,-2793.2323232323242,OPTIMAL
116.66666666666667,173.73737373737376,212,2530.0,0.0,5385.858585858587,-2855.8585858585866,OPTIMAL
116.66666666666667,175.75757575757578,212,2530.0,0.0,5448.484848484849,-2918.484848484849,OPTIMAL
116.66666666666667,177.7777777777778,212,2530.0,0.0,5511.111111111112,-2981.111111111112,OPTIMAL
116.66666666666667,179.79797979797982,212,2530.0,0.0,5573.737373737375,-3043.7373737373746,OPTIMAL
119.6969696969697,60.60606060606061,234,600.0,0.0,545.4545454545455,54.545454545454504,OPTIMAL
119.6969696969697,62.62626262626263,234,600.0,0.0,563.6363636363636,36.363636363636374,OPTIMAL
119.6969696969697,64.64646464646465,234,600.0,0.0,581.8181818181819,18.18181818181813,OPTIMAL
119.6969696969697,66.66666666666667,234,600.0,0.0,600.0,0.0,OPTIMAL
119.6969696969697,68.68686868686869,234,600.0,0.0,618.1818181818182,-18.181818181818244,OPTIMAL
119.6969696969697,70.70707070707071,231,810.0,0.0,848.4848484848485,-38.4848484848485,OPTIMAL
119.6969696969697,72.72727272727273,231,810.0,0.0,872.7272727272727,-62.72727272727275,OPTIMAL
119.6969696969697,74.74747474747475,231,810.0,0.0,896.969696969697,-86.969696969697,OPTIMAL
119.6969696969697,76.76767676767678,231,810.0,0.0,921.2121212121212,-111.21212121212125,OPTIMAL
119.6969696969697,78.7878787878788,231,810.0,0.0,945.4545454545455,-135.4545454545455,OPTIMAL
116.66666666666667,141.41414141414143,212,2530.0,0.0,4383.838383838384,-1853.8383838383843,OPTIMAL
116.66666666666667,143.43434343434345,212,2530.0,0.0,4446.464646464647,-1916.4646464646466,OPTIMAL
116.66666666666667,145.45454545454547,212,2530.0,0.0,4509.09090909091,-1979.09090909091,OPTIMAL
116.66666666666667,147.4747474747475,212,2530.0,0.0,4571.717171717172,-2041.7171717171723,OPTIMAL
116.66666666666667,149.4949494949495,212,2530.0,0.0,4634.343434343435,-2104.3434343434346,OPTIMAL
116.66666666666667,151.51515151515153,212,2530.0,0.0,4696.969696969697,-2166.969696969697,OPTIMAL
116.66666666666667,153.53535353535355,212,2530.0,0.0,4759.59595959596,-2229.5959595959603,OPTIMAL
116.66666666666667,155.55555555555557,212,2530.0,0.0,4822.222222222223,-2292.2222222222226,OPTIMAL
116.66666666666667,157.5757575757576,212,2530.0,0.0,4884.848484848485,-2354.848484848485,OPTIMAL
116.66666666666667,159.5959595959596,212,2530.0,0.0,4947.474747474748,-2417.4747474747483,OPTIMAL
118.18181818181819,101.01010101010101,217,1980.0,0.0,2626.2626262626263,-646.2626262626263,OPTIMAL
118.18181818181819,103.03030303030303,217,1980.0,0.0,2678.787878787879,-698.787878787879,OPTIMAL
118.18181818181819,105.05050505050505,217,1980.0,0.0,2731.313131313131,-751.3131313131312,OPTIMAL
118.18181818181819,107.07070707070707,217,1980.0,0.0,2783.838383838384,-803.8383838383838,OPTIMAL
118.18181818181819,109.0909090909091,217,1980.0,0.0,2836.3636363636365,-856.3636363636365,OPTIMAL
118.18181818181819,111.11111111111111,212,2530.0,0.0,3444.4444444444443,-914.4444444444443,OPTIMAL
118.18181818181819,113.13131313131314,212,2530.0,0.0,3507.070707070707,-977.0707070707072,OPTIMAL
118.18181818181819,115.15151515151516,212,2530.0,0.0,3569.69696969697,-1039.69696969697,OPTIMAL
118.18181818181819,117.17171717171718,212,2530.0,0.0,3632.3232323232323,-1102.3232323232323,OPTIMAL
118.18181818181819,119.1919191919192,212,2530.0,0.0,3694.949494949495,-1164.9494949494951,OPTIMAL
121.21212121212122,0.0,243,180.0,0.0,0.0,180.0,OPTIMAL
121.21212121212122,2.0202020202020203,243,180.0,0.0,0.0,180.0,OPTIMAL
121.21212121212122,4.040404040404041,243,180.0,0.0,0.0,180.0,OPTIMAL
121.21212121212122,6.0606060606060606,243,180.0,0.0,0.0,180.0,OPTIMAL
121.21212121212122,8.080808080808081,243,180.0,0.0,0.0,180.0,OPTIMAL
121.21212121212122,10.101010101010102,243,180.0,0.0,0.0,180.0,OPTIMAL
121.21212121212122,12.121212121212121,243,180.0,0.0,0.0,180.0,OPTIMAL
121.21212121212122,14.141414141414142,243,180.0,0.0,0.0,180.0,OPTIMAL
121.21212121212122,16.161616161616163,243,180.0,0.0,0.0,180.0,OPTIMAL
121.21212121212122,18.181818181818183,243,180.0,0.0,0.0,180.0,OPTIMAL
116.66666666666667,181.81818181818184,202,4330.0,0.0,7454.545454545456,-3124.545454545456,OPTIMAL
116.66666666666667,183.83838383838386,202,4330.0,0.0,7537.373737373739,-3207.3737373737385,OPTIMAL
116.66666666666667,185.85858585858588,202,4330.0,0.0,7620.202020202021,-3290.2020202020212,OPTIMAL
116.66666666666667,187.8787878787879,202,4330.0,0.0,7703.030303030304,-3373.030303030304,OPTIMAL
116.66666666666667,189.89898989898992,202,4330.0,0.0,7785.858585858587,-3455.8585858585866,OPTIMAL
116.66666666666667,191.91919191919195,202,4330.0,0.0,7868.68686868687,-3538.68686868687,OPTIMAL
116.66666666666667,193.93939393939394,202,4330.0,0.0,7951.515151515151,-3621.515151515151,OPTIMAL
116.66666666666667,195.95959595959596,202,4330.0,0.0,8034.343434343435,-3704.3434343434346,OPTIMAL
116.66666666666667,197.97979797979798,202,4330.0,0.0,8117.171717171717,-3787.1717171717173,OPTIMAL
116.66666666666667,200.0,202,4330.0,0.0,8200.0,-3870.0,OPTIMAL
121.21212121212122,20.202020202020204,243,180.0,0.0,0.0,180.0,OPTIMAL
121.21212121212122,22.222222222222225,243,180.0,0.0,0.0,180.0,OPTIMAL
121.21212121212122,24.242424242424242,243,180.0,0.0,0.0,180.0,OPTIMAL
121.21212121212122,26.262626262626263,243,180.0,0.0,0.0,180.0,OPTIMAL
121.21212121212122,28.282828282828284,243,180.0,0.0,0.0,180.0,OPTIMAL
121.21212121212122,30.303030303030305,243,180.0,0.0,0.0,180.0,OPTIMAL
121.21212121212122,32.323232323232325,243,180.0,0.0,0.0,180.0,OPTIMAL
121.21212121212122,34.343434343434346,243,180.0,0.0,0.0,180.0,OPTIMAL
121.21212121212122,36.36363636363637,243,180.0,0.0,0.0,180.0,OPTIMAL
121.21212121212122,38.38383838383839,243,180.0,0.0,0.0,180.0,OPTIMAL
119.6969696969697,80.80808080808082,222,1530.0,0.0,1696.9696969696972,-166.96969696969722,OPTIMAL
119.6969696969697,82.82828282828284,222,1530.0,0.0,1739.3939393939395,-209.3939393939395,OPTIMAL
119.6969696969697,84.84848484848486,222,1530.0,0.0,1781.818181818182,-251.81818181818198,OPTIMAL
119.6969696969697,86.86868686868688,222,1530.0,0.0,1824.2424242424245,-294.2424242424245,OPTIMAL
119.6969696969697,88.8888888888889,222,1530.0,0.0,1866.666666666667,-336.66666666666697,OPTIMAL
119.6969696969697,90.90909090909092,217,1980.0,0.0,2363.636363636364,-383.63636363636397,OPTIMAL
119.6969696969697,92.92929292929294,217,1980.0,0.0,2416.1616161616166,-436.1616161616166,OPTIMAL
119.6969696969697,94.94949494949496,217,1980.0,0.0,2468.686868686869,-488.6868686868688,OPTIMAL
119.6969696969697,96.96969696969697,217,1980.0,0.0,2521.212121212121,-541.212121212121,OPTIMAL
119.6969696969697,98.98989898989899,217,1980.0,0.0,2573.7373737373737,-593.7373737373737,OPTIMAL
118.18181818181819,141.41414141414143,212,2530.0,0.0,4383.838383838384,-1853.8383838383843,OPTIMAL
118.18181818181819,143.43434343434345,212,2530.0,0.0,4446.464646464647,-1916.4646464646466,OPTIMAL
118.18181818181819,145.45454545454547,212,2530.0,0.0,4509.09090909091,-1979.09090909091,OPTIMAL
118.18181818181819,147.4747474747475,212,2530.0,0.0,4571.717171717172,-2041.7171717171723,OPTIMAL
118.18181818181819,149.4949494949495,212,2530.0,0.0,4634.343434343435,-2104.3434343434346,OPTIMAL
118.18181818181819,151.51515151515153,212,2530.0,0.0,4696.969696969697,-2166.969696969697,OPTIMAL
118.18181818181819,153.53535353535355,212,2530.0,0.0,4759.59595959596,-2229.5959595959603,OPTIMAL
118.18181818181819,155.55555555555557,212,2530.0,0.0,4822.222222222223,-2292.2222222222226,OPTIMAL
118.18181818181819,157.5757575757576,212,2530.0,0.0,4884.848484848485,-2354.848484848485,OPTIMAL
118.18181818181819,159.5959595959596,212,2530.0,0.0,4947.474747474748,-2417.4747474747483,OPTIMAL
118.18181818181819,121.21212121212122,212,2530.0,0.0,3757.575757575758,-1227.575757575758,OPTIMAL
118.18181818181819,123.23232323232324,212,2530.0,0.0,3820.2020202020203,-1290.2020202020203,OPTIMAL
118.18181818181819,125.25252525252526,212,2530.0,0.0,3882.828282828283,-1352.8282828282831,OPTIMAL
118.18181818181819,127.27272727272728,212,2530.0,0.0,3945.4545454545455,-1415.4545454545455,OPTIMAL
118.18181818181819,129.2929292929293,212,2530.0,0.0,4008.0808080808083,-1478.0808080808083,OPTIMAL
118.18181818181819,131.31313131313132,212,2530.0,0.0,4070.707070707071,-1540.7070707070711,OPTIMAL
118.18181818181819,133.33333333333334,212,2530.0,0.0,4133.333333333334,-1603.333333333334,OPTIMAL
118.18181818181819,135.35353535353536,212,2530.0,0.0,4195.959595959596,-1665.9595959595963,OPTIMAL
118.18181818181819,137.37373737373738,212,2530.0,0.0,4258.585858585859,-1728.5858585858587,OPTIMAL
118.18181818181819,139.3939393939394,212,2530.0,0.0,4321.212121212122,-1791.212121212122,OPTIMAL
121.21212121212122,60.60606060606061,234,600.0,0.0,545.4545454545455,54.545454545454504,OPTIMAL
121.21212121212122,62.62626262626263,234,600.0,0.0,563.6363636363636,36.363636363636374,OPTIMAL
121.21212121212122,64.64646464646465,234,600.0,0.0,581.8181818181819,18.18181818181813,OPTIMAL
121.21212121212122,66.66666666666667,234,600.0,0.0,600.0,0.0,OPTIMAL
121.21212121212122,68.68686868686869,234,600.0,0.0,618.1818181818182,-18.181818181818244,OPTIMAL
121.21212121212122,70.70707070707071,231,810.0,0.0,848.4848484848485,-38.4848484848485,OPTIMAL
121.21212121212122,72.72727272727273,231,810.0,0.0,872.7272727272727,-62.72727272727275,OPTIMAL
121.21212121212122,74.74747474747475,231,810.0,0.0,896.969696969697,-86.969696969697,OPTIMAL
121.21212121212122,76.76767676767678,231,810.0,0.0,921.2121212121212,-111.21212121212125,OPTIMAL
121.21212121212122,78.7878787878788,231,810.0,0.0,945.4545454545455,-135.4545454545455,OPTIMAL
121.21212121212122,40.40404040404041,237,420.0,0.0,242.42424242424244,177.57575757575756,OPTIMAL
121.21212121212122,42.42424242424243,237,420.0,0.0,254.54545454545456,165.45454545454544,OPTIMAL
121.21212121212122,44.44444444444445,237,420.0,0.0,266.6666666666667,153.33333333333331,OPTIMAL
121.21212121212122,46.46464646464647,237,420.0,0.0,278.7878787878788,141.2121212121212,OPTIMAL
121.21212121212122,48.484848484848484,237,420.0,0.0,290.9090909090909,129.09090909090912,OPTIMAL
121.21212121212122,50.505050505050505,237,420.0,0.0,303.030303030303,116.969696969697,OPTIMAL
121.21212121212122,52.525252525252526,237,420.0,0.0,315.1515151515151,104.84848484848487,OPTIMAL
121.21212121212122,54.54545454545455,237,420.0,0.0,327.27272727272725,92.72727272727275,OPTIMAL
121.21212121212122,56.56565656565657,237,420.0,0.0,339.3939393939394,80.60606060606062,OPTIMAL
121.21212121212122,58.58585858585859,237,420.0,0.0,351.5151515151515,68.4848484848485,OPTIMAL
119.6969696969697,101.01010101010101,217,1980.0,0.0,2626.2626262626263,-646.2626262626263,OPTIMAL
119.6969696969697,103.03030303030303,217,1980.0,0.0,2678.787878787879,-698.787878787879,OPTIMAL
119.6969696969697,105.05050505050505,217,1980.0,0.0,2731.313131313131,-751.3131313131312,OPTIMAL
119.6969696969697,107.07070707070707,217,1980.0,0.0,2783.838383838384,-803.8383838383838,OPTIMAL
119.6969696969697,109.0909090909091,217,1980.0,0.0,2836.3636363636365,-856.3636363636365,OPTIMAL
119.6969696969697,111.11111111111111,212,2530.0,0.0,3444.4444444444443,-914.4444444444443,OPTIMAL
119.6969696969697,113.13131313131314,212,2530.0,0.0,3507.070707070707,-977.0707070707072,OPTIMAL
119.6969696969697,115.15151515151516,212,2530.0,0.0,3569.69696969697,-1039.69696969697,OPTIMAL
119.6969696969697,117.17171717171718,212,2530.0,0.0,3632.3232323232323,-1102.3232323232323,OPTIMAL
119.6969696969697,119.1919191919192,212,2530.0,0.0,3694.949494949495,-1164.9494949494951,OPTIMAL
118.18181818181819,161.61616161616163,212,2530.0,0.0,5010.101010101011,-2480.1010101010106,OPTIMAL
118.18181818181819,163.63636363636365,212,2530.0,0.0,5072.727272727273,-2542.727272727273,OPTIMAL
118.18181818181819,165.65656565656568,212,2530.0,0.0,5135.353535353536,-2605.3535353535362,OPTIMAL
118.18181818181819,167.6767676767677,212,2530.0,0.0,5197.979797979799,-2667.9797979797986,OPTIMAL
118.18181818181819,169.69696969696972,212,2530.0,0.0,5260.606060606061,-2730.606060606061,OPTIMAL
118.18181818181819,171.71717171717174,212,2530.0,0.0,5323.232323232324,-2793.2323232323242,OPTIMAL
118.18181818181819,173.73737373737376,212,2530.0,0.0,5385.858585858587,-2855.8585858585866,OPTIMAL
118.18181818181819,175.75757575757578,212,2530.0,0.0,5448.484848484849,-2918.484848484849,OPTIMAL
118.18181818181819,177.7777777777778,212,2530.0,0.0,5511.111111111112,-2981.111111111112,OPTIMAL
118.18181818181819,179.79797979797982,212,2530.0,0.0,5573.737373737375,-3043.7373737373746,OPTIMAL
122.72727272727272,0.0,243,180.0,0.0,0.0,180.0,OPTIMAL
122.72727272727272,2.0202020202020203,243,180.0,0.0,0.0,180.0,OPTIMAL
122.72727272727272,4.040404040404041,243,180.0,0.0,0.0,180.0,OPTIMAL
122.72727272727272,6.0606060606060606,243,180.0,0.0,0.0,180.0,OPTIMAL
122.72727272727272,8.080808080808081,243,180.0,0.0,0.0,180.0,OPTIMAL
122.72727272727272,10.101010101010102,243,180.0,0.0,0.0,180.0,OPTIMAL
122.72727272727272,12.121212121212121,243,180.0,0.0,0.0,180.0,OPTIMAL
122.72727272727272,14.141414141414142,243,180.0,0.0,0.0,180.0,OPTIMAL
122.72727272727272,16.161616161616163,243,180.0,0.0,0.0,180.0,OPTIMAL
122.72727272727272,18.181818181818183,243,180.0,0.0,0.0,180.0,OPTIMAL
118.18181818181819,181.81818181818184,202,4330.0,0.0,7454.545454545456,-3124.545454545456,OPTIMAL
118.18181818181819,183.83838383838386,202,4330.0,0.0,7537.373737373739,-3207.3737373737385,OPTIMAL
118.18181818181819,185.85858585858588,202,4330.0,0.0,7620.202020202021,-3290.2020202020212,OPTIMAL
118.18181818181819,187.8787878787879,202,4330.0,0.0,7703.030303030304,-3373.030303030304,OPTIMAL
118.18181818181819,189.89898989898992,202,4330.0,0.0,7785.858585858587,-3455.8585858585866,OPTIMAL
118.18181818181819,191.91919191919195,202,4330.0,0.0,7868.68686868687,-3538.68686868687,OPTIMAL
118.18181818181819,193.93939393939394,202,4330.0,0.0,7951.515151515151,-3621.515151515151,OPTIMAL
118.18181818181819,195.95959595959596,202,4330.0,0.0,8034.343434343435,-3704.3434343434346,OPTIMAL
118.18181818181819,197.97979797979798,202,4330.0,0.0,8117.171717171717,-3787.1717171717173,OPTIMAL
118.18181818181819,200.0,202,4330.0,0.0,8200.0,-3870.0,OPTIMAL
122.72727272727272,20.202020202020204,243,180.0,0.0,0.0,180.0,OPTIMAL
122.72727272727272,22.222222222222225,243,180.0,0.0,0.0,180.0,OPTIMAL
122.72727272727272,24.242424242424242,243,180.0,0.0,0.0,180.0,OPTIMAL
122.72727272727272,26.262626262626263,243,180.0,0.0,0.0,180.0,OPTIMAL
122.72727272727272,28.282828282828284,243,180.0,0.0,0.0,180.0,OPTIMAL
122.72727272727272,30.303030303030305,243,180.0,0.0,0.0,180.0,OPTIMAL
122.72727272727272,32.323232323232325,243,180.0,0.0,0.0,180.0,OPTIMAL
122.72727272727272,34.343434343434346,243,180.0,0.0,0.0,180.0,OPTIMAL
122.72727272727272,36.36363636363637,243,180.0,0.0,0.0,180.0,OPTIMAL
122.72727272727272,38.38383838383839,243,180.0,0.0,0.0,180.0,OPTIMAL
119.6969696969697,161.61616161616163,212,2530.0,0.0,5010.101010101011,-2480.1010101010106,OPTIMAL
119.6969696969697,163.63636363636365,212,2530.0,0.0,5072.727272727273,-2542.727272727273,OPTIMAL
119.6969696969697,165.65656565656568,212,2530.0,0.0,5135.353535353536,-2605.3535353535362,OPTIMAL
119.6969696969697,167.6767676767677,212,2530.0,0.0,5197.979797979799,-2667.9797979797986,OPTIMAL
119.6969696969697,169.69696969696972,212,2530.0,0.0,5260.606060606061,-2730.606060606061,OPTIMAL
119.6969696969697,171.71717171717174,212,2530.0,0.0,5323.232323232324,-2793.2323232323242,OPTIMAL
119.6969696969697,173.73737373737376,212,2530.0,0.0,5385.858585858587,-2855.8585858585866,OPTIMAL
119.6969696969697,175.75757575757578,212,2530.0,0.0,5448.484848484849,-2918.484848484849,OPTIMAL
119.6969696969697,177.7777777777778,212,2530.0,0.0,5511.111111111112,-2981.111111111112,OPTIMAL
119.6969696969697,179.79797979797982,212,2530.0,0.0,5573.737373737375,-3043.7373737373746,OPTIMAL
122.72727272727272,40.40404040404041,237,420.0,0.0,242.42424242424244,177.57575757575756,OPTIMAL
122.72727272727272,42.42424242424243,237,420.0,0.0,254.54545454545456,165.45454545454544,OPTIMAL
122.72727272727272,44.44444444444445,237,420.0,0.0,266.6666666666667,153.33333333333331,OPTIMAL
122.72727272727272,46.46464646464647,237,420.0,0.0,278.7878787878788,141.2121212121212,OPTIMAL
122.72727272727272,48.484848484848484,237,420.0,0.0,290.9090909090909,129.09090909090912,OPTIMAL
122.72727272727272,50.505050505050505,237,420.0,0.0,303.030303030303,116.969696969697,OPTIMAL
122.72727272727272,52.525252525252526,237,420.0,0.0,315.1515151515151,104.84848484848487,OPTIMAL
122.72727272727272,54.54545454545455,237,420.0,0.0,327.27272727272725,92.72727272727275,OPTIMAL
122.72727272727272,56.56565656565657,237,420.0,0.0,339.3939393939394,80.60606060606062,OPTIMAL
122.72727272727272,58.58585858585859,237,420.0,0.0,351.5151515151515,68.4848484848485,OPTIMAL
119.6969696969697,121.21212121212122,212,2530.0,0.0,3757.575757575758,-1227.575757575758,OPTIMAL
119.6969696969697,123.23232323232324,212,2530.0,0.0,3820.2020202020203,-1290.2020202020203,OPTIMAL
119.6969696969697,125.25252525252526,212,2530.0,0.0,3882.828282828283,-1352.8282828282831,OPTIMAL
119.6969696969697,127.27272727272728,212,2530.0,0.0,3945.4545454545455,-1415.4545454545455,OPTIMAL
119.6969696969697,129.2929292929293,212,2530.0,0.0,4008.0808080808083,-1478.0808080808083,OPTIMAL
119.6969696969697,131.31313131313132,212,2530.0,0.0,4070.707070707071,-1540.7070707070711,OPTIMAL
119.6969696969697,133.33333333333334,212,2530.0,0.0,4133.333333333334,-1603.333333333334,OPTIMAL
119.6969696969697,135.35353535353536,212,2530.0,0.0,4195.959595959596,-1665.9595959595963,OPTIMAL
119.6969696969697,137.37373737373738,212,2530.0,0.0,4258.585858585859,-1728.5858585858587,OPTIMAL
119.6969696969697,139.3939393939394,212,2530.0,0.0,4321.212121212122,-1791.212121212122,OPTIMAL
122.72727272727272,60.60606060606061,234,600.0,0.0,545.4545454545455,54.545454545454504,OPTIMAL
122.72727272727272,62.62626262626263,234,600.0,0.0,563.6363636363636,36.363636363636374,OPTIMAL
122.72727272727272,64.64646464646465,234,600.0,0.0,581.8181818181819,18.18181818181813,OPTIMAL
122.72727272727272,66.66666666666667,234,600.0,0.0,600.0,0.0,OPTIMAL
122.72727272727272,68.68686868686869,234,600.0,0.0,618.1818181818182,-18.181818181818244,OPTIMAL
122.72727272727272,70.70707070707071,231,810.0,0.0,848.4848484848485,-38.4848484848485,OPTIMAL
122.72727272727272,72.72727272727273,231,810.0,0.0,872.7272727272727,-62.72727272727275,OPTIMAL
122.72727272727272,74.74747474747475,231,810.0,0.0,896.969696969697,-86.969696969697,OPTIMAL
122.72727272727272,76.76767676767678,231,810.0,0.0,921.2121212121212,-111.21212121212125,OPTIMAL
122.72727272727272,78.7878787878788,231,810.0,0.0,945.4545454545455,-135.4545454545455,OPTIMAL
121.21212121212122,80.80808080808082,222,1530.0,0.0,1696.9696969696972,-166.96969696969722,OPTIMAL
121.21212121212122,82.82828282828284,222,1530.0,0.0,1739.3939393939395,-209.3939393939395,OPTIMAL
121.21212121212122,84.84848484848486,222,1530.0,0.0,1781.818181818182,-251.81818181818198,OPTIMAL
121.21212121212122,86.86868686868688,222,1530.0,0.0,1824.2424242424245,-294.2424242424245,OPTIMAL
121.21212121212122,88.8888888888889,222,1530.0,0.0,1866.666666666667,-336.66666666666697,OPTIMAL
121.21212121212122,90.90909090909092,217,1980.0,0.0,2363.636363636364,-383.63636363636397,OPTIMAL
121.21212121212122,92.92929292929294,217,1980.0,0.0,2416.1616161616166,-436.1616161616166,OPTIMAL
121.21212121212122,94.94949494949496,217,1980.0,0.0,2468.686868686869,-488.6868686868688,OPTIMAL
121.21212121212122,96.96969696969697,217,1980.0,0.0,2521.212121212121,-541.212121212121,OPTIMAL
121.21212121212122,98.98989898989899,217,1980.0,0.0,2573.7373737373737,-593.7373737373737,OPTIMAL
119.6969696969697,181.81818181818184,202,4330.0,0.0,7454.545454545456,-3124.545454545456,OPTIMAL
119.6969696969697,183.83838383838386,202,4330.0,0.0,7537.373737373739,-3207.3737373737385,OPTIMAL
119.6969696969697,185.85858585858588,202,4330.0,0.0,7620.202020202021,-3290.2020202020212,OPTIMAL
119.6969696969697,187.8787878787879,202,4330.0,0.0,7703.030303030304,-3373.030303030304,OPTIMAL
119.6969696969697,189.89898989898992,202,4330.0,0.0,7785.858585858587,-3455.8585858585866,OPTIMAL
119.6969696969697,191.91919191919195,202,4330.0,0.0,7868.68686868687,-3538.68686868687,OPTIMAL
119.6969696969697,193.93939393939394,202,4330.0,0.0,7951.515151515151,-3621.515151515151,OPTIMAL
119.6969696969697,195.95959595959596,202,4330.0,0.0,8034.343434343435,-3704.3434343434346,OPTIMAL
119.6969696969697,197.97979797979798,202,4330.0,0.0,8117.171717171717,-3787.1717171717173,OPTIMAL
119.6969696969697,200.0,202,4330.0,0.0,8200.0,-3870.0,OPTIMAL
124.24242424242424,0.0,243,180.0,0.0,0.0,180.0,OPTIMAL
124.24242424242424,2.0202020202020203,243,180.0,0.0,0.0,180.0,OPTIMAL
124.24242424242424,4.040404040404041,243,180.0,0.0,0.0,180.0,OPTIMAL
124.24242424242424,6.0606060606060606,243,180.0,0.0,0.0,180.0,OPTIMAL
124.24242424242424,8.080808080808081,243,180.0,0.0,0.0,180.0,OPTIMAL
124.24242424242424,10.101010101010102,243,180.0,0.0,0.0,180.0,OPTIMAL
124.24242424242424,12.121212121212121,243,180.0,0.0,0.0,180.0,OPTIMAL
124.24242424242424,14.141414141414142,243,180.0,0.0,0.0,180.0,OPTIMAL
124.24242424242424,16.161616161616163,243,180.0,0.0,0.0,180.0,OPTIMAL
124.24242424242424,18.181818181818183,243,180.0,0.0,0.0,180.0,OPTIMAL
119.6969696969697,141.41414141414143,212,2530.0,0.0,4383.838383838384,-1853.8383838383843,OPTIMAL
119.6969696969697,143.43434343434345,212,2530.0,0.0,4446.464646464647,-1916.4646464646466,OPTIMAL
119.6969696969697,145.45454545454547,212,2530.0,0.0,4509.09090909091,-1979.09090909091,OPTIMAL
119.6969696969697,147.4747474747475,212,2530.0,0.0,4571.717171717172,-2041.7171717171723,OPTIMAL
119.6969696969697,149.4949494949495,212,2530.0,0.0,4634.343434343435,-2104.3434343434346,OPTIMAL
119.6969696969697,151.51515151515153,212,2530.0,0.0,4696.969696969697,-2166.969696969697,OPTIMAL
119.6969696969697,153.53535353535355,212,2530.0,0.0,4759.59595959596,-2229.5959595959603,OPTIMAL
119.6969696969697,155.55555555555557,212,2530.0,0.0,4822.222222222223,-2292.2222222222226,OPTIMAL
119.6969696969697,157.5757575757576,212,2530.0,0.0,4884.848484848485,-2354.848484848485,OPTIMAL
119.6969696969697,159.5959595959596,212,2530.0,0.0,4947.474747474748,-2417.4747474747483,OPTIMAL
121.21212121212122,101.01010101010101,217,1980.0,0.0,2626.2626262626263,-646.2626262626263,OPTIMAL
121.21212121212122,103.03030303030303,217,1980.0,0.0,2678.787878787879,-698.787878787879,OPTIMAL
121.21212121212122,105.05050505050505,217,1980.0,0.0,2731.313131313131,-751.3131313131312,OPTIMAL
121.21212121212122,107.07070707070707,217,1980.0,0.0,2783.838383838384,-803.8383838383838,OPTIMAL
121.21212121212122,109.0909090909091,217,1980.0,0.0,2836.3636363636365,-856.3636363636365,OPTIMAL
121.21212121212122,111.11111111111111,212,2530.0,0.0,3444.4444444444443,-914.4444444444443,OPTIMAL
121.21212121212122,113.13131313131314,212,2530.0,0.0,3507.070707070707,-977.0707070707072,OPTIMAL
121.21212121212122,115.15151515151516,212,2530.0,0.0,3569.69696969697,-1039.69696969697,OPTIMAL
121.21212121212122,117.17171717171718,212,2530.0,0.0,3632.3232323232323,-1102.3232323232323,OPTIMAL
121.21212121212122,119.1919191919192,212,2530.0,0.0,3694.949494949495,-1164.9494949494951,OPTIMAL
124.24242424242424,20.202020202020204,243,180.0,0.0,0.0,180.0,OPTIMAL
124.24242424242424,22.222222222222225,243,180.0,0.0,0.0,180.0,OPTIMAL
124.24242424242424,24.242424242424242,243,180.0,0.0,0.0,180.0,OPTIMAL
124.24242424242424,26.262626262626263,243,180.0,0.0,0.0,180.0,OPTIMAL
124.24242424242424,28.282828282828284,243,180.0,0.0,0.0,180.0,OPTIMAL
124.24242424242424,30.303030303030305,243,180.0,0.0,0.0,180.0,OPTIMAL
124.24242424242424,32.323232323232325,243,180.0,0.0,0.0,180.0,OPTIMAL
124.24242424242424,34.343434343434346,243,180.0,0.0,0.0,180.0,OPTIMAL
124.24242424242424,36.36363636363637,243,180.0,0.0,0.0,180.0,OPTIMAL
124.24242424242424,38.38383838383839,243,180.0,0.0,0.0,180.0,OPTIMAL
121.21212121212122,161.61616161616163,212,2530.0,0.0,5010.101010101011,-2480.1010101010106,OPTIMAL
121.21212121212122,163.63636363636365,212,2530.0,0.0,5072.727272727273,-2542.727272727273,OPTIMAL
121.21212121212122,165.65656565656568,212,2530.0,0.0,5135.353535353536,-2605.3535353535362,OPTIMAL
121.21212121212122,167.6767676767677,212,2530.0,0.0,5197.979797979799,-2667.9797979797986,OPTIMAL
121.21212121212122,169.69696969696972,212,2530.0,0.0,5260.606060606061,-2730.606060606061,OPTIMAL
121.21212121212122,171.71717171717174,212,2530.0,0.0,5323.232323232324,-2793.2323232323242,OPTIMAL
121.21212121212122,173.73737373737376,212,2530.0,0.0,5385.858585858587,-2855.8585858585866,OPTIMAL
121.21212121212122,175.75757575757578,212,2530.0,0.0,5448.484848484849,-2918.484848484849,OPTIMAL
121.21212121212122,177.7777777777778,212,2530.0,0.0,5511.111111111112,-2981.111111111112,OPTIMAL
121.21212121212122,179.79797979797982,212,2530.0,0.0,5573.737373737375,-3043.7373737373746,OPTIMAL
124.24242424242424,60.60606060606061,234,600.0,0.0,545.4545454545455,54.545454545454504,OPTIMAL
124.24242424242424,62.62626262626263,234,600.0,0.0,563.6363636363636,36.363636363636374,OPTIMAL
124.24242424242424,64.64646464646465,234,600.0,0.0,581.8181818181819,18.18181818181813,OPTIMAL
124.24242424242424,66.66666666666667,234,600.0,0.0,600.0,0.0,OPTIMAL
124.24242424242424,68.68686868686869,234,600.0,0.0,618.1818181818182,-18.181818181818244,OPTIMAL
124.24242424242424,70.70707070707071,231,810.0,0.0,848.4848484848485,-38.4848484848485,OPTIMAL
124.24242424242424,72.72727272727273,231,810.0,0.0,872.7272727272727,-62.72727272727275,OPTIMAL
124.24242424242424,74.74747474747475,231,810.0,0.0,896.969696969697,-86.969696969697,OPTIMAL
124.24242424242424,76.76767676767678,231,810.0,0.0,921.2121212121212,-111.21212121212125,OPTIMAL
124.24242424242424,78.7878787878788,231,810.0,0.0,945.4545454545455,-135.4545454545455,OPTIMAL
124.24242424242424,40.40404040404041,237,420.0,0.0,242.42424242424244,177.57575757575756,OPTIMAL
124.24242424242424,42.42424242424243,237,420.0,0.0,254.54545454545456,165.45454545454544,OPTIMAL
124.24242424242424,44.44444444444445,237,420.0,0.0,266.6666666666667,153.33333333333331,OPTIMAL
124.24242424242424,46.46464646464647,237,420.0,0.0,278.7878787878788,141.2121212121212,OPTIMAL
124.24242424242424,48.484848484848484,237,420.0,0.0,290.9090909090909,129.09090909090912,OPTIMAL
124.24242424242424,50.505050505050505,237,420.0,0.0,303.030303030303,116.969696969697,OPTIMAL
124.24242424242424,52.525252525252526,237,420.0,0.0,315.1515151515151,104.84848484848487,OPTIMAL
124.24242424242424,54.54545454545455,237,420.0,0.0,327.27272727272725,92.72727272727275,OPTIMAL
124.24242424242424,56.56565656565657,237,420.0,0.0,339.3939393939394,80.60606060606062,OPTIMAL
124.24242424242424,58.58585858585859,237,420.0,0.0,351.5151515151515,68.4848484848485,OPTIMAL
121.21212121212122,141.41414141414143,212,2530.0,0.0,4383.838383838384,-1853.8383838383843,OPTIMAL
121.21212121212122,143.43434343434345,212,2530.0,0.0,4446.464646464647,-1916.4646464646466,OPTIMAL
121.21212121212122,145.45454545454547,212,2530.0,0.0,4509.09090909091,-1979.09090909091,OPTIMAL
121.21212121212122,147.4747474747475,212,2530.0,0.0,4571.717171717172,-2041.7171717171723,OPTIMAL
121.21212121212122,149.4949494949495,212,2530.0,0.0,4634.343434343435,-2104.3434343434346,OPTIMAL
121.21212121212122,151.51515151515153,212,2530.0,0.0,4696.969696969697,-2166.969696969697,OPTIMAL
121.21212121212122,153.53535353535355,212,2530.0,0.0,4759.59595959596,-2229.5959595959603,OPTIMAL
121.21212121212122,155.55555555555557,212,2530.0,0.0,4822.222222222223,-2292.2222222222226,OPTIMAL
121.21212121212122,157.5757575757576,212,2530.0,0.0,4884.848484848485,-2354.848484848485,OPTIMAL
121.21212121212122,159.5959595959596,212,2530.0,0.0,4947.474747474748,-2417.4747474747483,OPTIMAL
122.72727272727272,80.80808080808082,222,1530.0,0.0,1696.9696969696972,-166.96969696969722,OPTIMAL
122.72727272727272,82.82828282828284,222,1530.0,0.0,1739.3939393939395,-209.3939393939395,OPTIMAL
122.72727272727272,84.84848484848486,222,1530.0,0.0,1781.818181818182,-251.81818181818198,OPTIMAL
122.72727272727272,86.86868686868688,222,1530.0,0.0,1824.2424242424245,-294.2424242424245,OPTIMAL
122.72727272727272,88.8888888888889,222,1530.0,0.0,1866.666666666667,-336.66666666666697,OPTIMAL
122.72727272727272,90.90909090909092,217,1980.0,0.0,2363.636363636364,-383.63636363636397,OPTIMAL
122.72727272727272,92.92929292929294,217,1980.0,0.0,2416.1616161616166,-436.1616161616166,OPTIMAL
122.72727272727272,94.94949494949496,217,1980.0,0.0,2468.686868686869,-488.6868686868688,OPTIMAL
122.72727272727272,96.96969696969697,217,1980.0,0.0,2521.212121212121,-541.212121212121,OPTIMAL
122.72727272727272,98.98989898989899,217,1980.0,0.0,2573.7373737373737,-593.7373737373737,OPTIMAL
121.21212121212122,181.81818181818184,202,4330.0,0.0,7454.545454545456,-3124.545454545456,OPTIMAL
121.21212121212122,183.83838383838386,202,4330.0,0.0,7537.373737373739,-3207.3737373737385,OPTIMAL
121.21212121212122,185.85858585858588,202,4330.0,0.0,7620.202020202021,-3290.2020202020212,OPTIMAL
121.21212121212122,187.8787878787879,202,4330.0,0.0,7703.030303030304,-3373.030303030304,OPTIMAL
121.21212121212122,189.89898989898992,202,4330.0,0.0,7785.858585858587,-3455.8585858585866,OPTIMAL
121.21212121212122,191.91919191919195,202,4330.0,0.0,7868.68686868687,-3538.68686868687,OPTIMAL
121.21212121212122,193.93939393939394,202,4330.0,0.0,7951.515151515151,-3621.515151515151,OPTIMAL
121.21212121212122,195.95959595959596,202,4330.0,0.0,8034.343434343435,-3704.3434343434346,OPTIMAL
121.21212121212122,197.97979797979798,202,4330.0,0.0,8117.171717171717,-3787.1717171717173,OPTIMAL
121.21212121212122,200.0,202,4330.0,0.0,8200.0,-3870.0,OPTIMAL
122.72727272727272,101.01010101010101,217,1980.0,0.0,2626.2626262626263,-646.2626262626263,OPTIMAL
122.72727272727272,103.03030303030303,217,1980.0,0.0,2678.787878787879,-698.787878787879,OPTIMAL
122.72727272727272,105.05050505050505,217,1980.0,0.0,2731.313131313131,-751.3131313131312,OPTIMAL
122.72727272727272,107.07070707070707,217,1980.0,0.0,2783.838383838384,-803.8383838383838,OPTIMAL
122.72727272727272,109.0909090909091,217,1980.0,0.0,2836.3636363636365,-856.3636363636365,OPTIMAL
122.72727272727272,111.11111111111111,212,2530.0,0.0,3444.4444444444443,-914.4444444444443,OPTIMAL
122.72727272727272,113.13131313131314,212,2530.0,0.0,3507.070707070707,-977.0707070707072,OPTIMAL
122.72727272727272,115.15151515151516,212,2530.0,0.0,3569.69696969697,-1039.69696969697,OPTIMAL
122.72727272727272,117.17171717171718,212,2530.0,0.0,3632.3232323232323,-1102.3232323232323,OPTIMAL
122.72727272727272,119.1919191919192,212,2530.0,0.0,3694.949494949495,-1164.9494949494951,OPTIMAL
125.75757575757575,0.0,243,180.0,0.0,0.0,180.0,OPTIMAL
125.75757575757575,2.0202020202020203,243,180.0,0.0,0.0,180.0,OPTIMAL
125.75757575757575,4.040404040404041,243,180.0,0.0,0.0,180.0,OPTIMAL
125.75757575757575,6.0606060606060606,243,180.0,0.0,0.0,180.0,OPTIMAL
125.75757575757575,8.080808080808081,243,180.0,0.0,0.0,180.0,OPTIMAL
125.75757575757575,10.101010101010102,243,180.0,0.0,0.0,180.0,OPTIMAL
125.75757575757575,12.121212121212121,243,180.0,0.0,0.0,180.0,OPTIMAL
125.75757575757575,14.141414141414142,243,180.0,0.0,0.0,180.0,OPTIMAL
125.75757575757575,16.161616161616163,243,180.0,0.0,0.0,180.0,OPTIMAL
125.75757575757575,18.181818181818183,243,180.0,0.0,0.0,180.0,OPTIMAL
122.72727272727272,121.21212121212122,212,2530.0,0.0,3757.575757575758,-1227.575757575758,OPTIMAL
122.72727272727272,123.23232323232324,212,2530.0,0.0,3820.2020202020203,-1290.2020202020203,OPTIMAL
122.72727272727272,125.25252525252526,212,2530.0,0.0,3882.828282828283,-1352.8282828282831,OPTIMAL
122.72727272727272,127.27272727272728,212,2530.0,0.0,3945.4545454545455,-1415.4545454545455,OPTIMAL
122.72727272727272,129.2929292929293,212,2530.0,0.0,4008.0808080808083,-1478.0808080808083,OPTIMAL
122.72727272727272,131.31313131313132,212,2530.0,0.0,4070.707070707071,-1540.7070707070711,OPTIMAL
122.72727272727272,133.33333333333334,212,2530.0,0.0,4133.333333333334,-1603.333333333334,OPTIMAL
122.72727272727272,135.35353535353536,212,2530.0,0.0,4195.959595959596,-1665.9595959595963,OPTIMAL
122.72727272727272,137.37373737373738,212,2530.0,0.0,4258.585858585859,-1728.5858585858587,OPTIMAL
122.72727272727272,139.3939393939394,212,2530.0,0.0,4321.212121212122,-1791.212121212122,OPTIMAL
121.21212121212122,121.21212121212122,212,2530.0,0.0,3757.575757575758,-1227.575757575758,OPTIMAL
121.21212121212122,123.23232323232324,212,2530.0,0.0,3820.2020202020203,-1290.2020202020203,OPTIMAL
121.21212121212122,125.25252525252526,212,2530.0,0.0,3882.828282828283,-1352.8282828282831,OPTIMAL
121.21212121212122,127.27272727272728,212,2530.0,0.0,3945.4545454545455,-1415.4545454545455,OPTIMAL
121.21212121212122,129.2929292929293,212,2530.0,0.0,4008.0808080808083,-1478.0808080808083,OPTIMAL
121.21212121212122,131.31313131313132,212,2530.0,0.0,4070.707070707071,-1540.7070707070711,OPTIMAL
121.21212121212122,133.33333333333334,212,2530.0,0.0,4133.333333333334,-1603.333333333334,OPTIMAL
121.21212121212122,135.35353535353536,212,2530.0,0.0,4195.959595959596,-1665.9595959595963,OPTIMAL
121.21212121212122,137.37373737373738,212,2530.0,0.0,4258.585858585859,-1728.5858585858587,OPTIMAL
121.21212121212122,139.3939393939394,212,2530.0,0.0,4321.212121212122,-1791.212121212122,OPTIMAL
125.75757575757575,20.202020202020204,243,180.0,0.0,0.0,180.0,OPTIMAL
125.75757575757575,22.222222222222225,243,180.0,0.0,0.0,180.0,OPTIMAL
125.75757575757575,24.242424242424242,243,180.0,0.0,0.0,180.0,OPTIMAL
125.75757575757575,26.262626262626263,243,180.0,0.0,0.0,180.0,OPTIMAL
125.75757575757575,28.282828282828284,243,180.0,0.0,0.0,180.0,OPTIMAL
125.75757575757575,30.303030303030305,243,180.0,0.0,0.0,180.0,OPTIMAL
125.75757575757575,32.323232323232325,243,180.0,0.0,0.0,180.0,OPTIMAL
125.75757575757575,34.343434343434346,243,180.0,0.0,0.0,180.0,OPTIMAL
125.75757575757575,36.36363636363637,243,180.0,0.0,0.0,180.0,OPTIMAL
125.75757575757575,38.38383838383839,243,180.0,0.0,0.0,180.0,OPTIMAL
124.24242424242424,80.80808080808082,222,1530.0,0.0,1696.9696969696972,-166.96969696969722,OPTIMAL
124.24242424242424,82.82828282828284,222,1530.0,0.0,1739.3939393939395,-209.3939393939395,OPTIMAL
124.24242424242424,84.84848484848486,222,1530.0,0.0,1781.818181818182,-251.81818181818198,OPTIMAL
124.24242424242424,86.86868686868688,222,1530.0,0.0,1824.2424242424245,-294.2424242424245,OPTIMAL
124.24242424242424,88.8888888888889,222,1530.0,0.0,1866.666666666667,-336.66666666666697,OPTIMAL
124.24242424242424,90.90909090909092,217,1980.0,0.0,2363.636363636364,-383.63636363636397,OPTIMAL
124.24242424242424,92.92929292929294,217,1980.0,0.0,2416.1616161616166,-436.1616161616166,OPTIMAL
124.24242424242424,94.94949494949496,217,1980.0,0.0,2468.686868686869,-488.6868686868688,OPTIMAL
124.24242424242424,96.96969696969697,217,1980.0,0.0,2521.212121212121,-541.212121212121,OPTIMAL
124.24242424242424,98.98989898989899,217,1980.0,0.0,2573.7373737373737,-593.7373737373737,OPTIMAL
125.75757575757575,40.40404040404041,237,420.0,0.0,242.42424242424244,177.57575757575756,OPTIMAL
125.75757575757575,42.42424242424243,237,420.0,0.0,254.54545454545456,165.45454545454544,OPTIMAL
125.75757575757575,44.44444444444445,237,420.0,0.0,266.6666666666667,153.33333333333331,OPTIMAL
125.75757575757575,46.46464646464647,237,420.0,0.0,278.7878787878788,141.2121212121212,OPTIMAL
125.75757575757575,48.484848484848484,237,420.0,0.0,290.9090909090909,129.09090909090912,OPTIMAL
125.75757575757575,50.505050505050505,237,420.0,0.0,303.030303030303,116.969696969697,OPTIMAL
125.75757575757575,52.525252525252526,237,420.0,0.0,315.1515151515151,104.84848484848487,OPTIMAL
125.75757575757575,54.54545454545455,237,420.0,0.0,327.27272727272725,92.72727272727275,OPTIMAL
125.75757575757575,56.56565656565657,237,420.0,0.0,339.3939393939394,80.60606060606062,OPTIMAL
125.75757575757575,58.58585858585859,237,420.0,0.0,351.5151515151515,68.4848484848485,OPTIMAL
122.72727272727272,141.41414141414143,212,2530.0,0.0,4383.838383838384,-1853.8383838383843,OPTIMAL
122.72727272727272,143.43434343434345,212,2530.0,0.0,4446.464646464647,-1916.4646464646466,OPTIMAL
122.72727272727272,145.45454545454547,212,2530.0,0.0,4509.09090909091,-1979.09090909091,OPTIMAL
122.72727272727272,147.4747474747475,212,2530.0,0.0,4571.717171717172,-2041.7171717171723,OPTIMAL
122.72727272727272,149.4949494949495,212,2530.0,0.0,4634.343434343435,-2104.3434343434346,OPTIMAL
122.72727272727272,151.51515151515153,212,2530.0,0.0,4696.969696969697,-2166.969696969697,OPTIMAL
122.72727272727272,153.53535353535355,212,2530.0,0.0,4759.59595959596,-2229.5959595959603,OPTIMAL
122.72727272727272,155.55555555555557,212,2530.0,0.0,4822.222222222223,-2292.2222222222226,OPTIMAL
122.72727272727272,157.5757575757576,212,2530.0,0.0,4884.848484848485,-2354.848484848485,OPTIMAL
122.72727272727272,159.5959595959596,212,2530.0,0.0,4947.474747474748,-2417.4747474747483,OPTIMAL
122.72727272727272,161.61616161616163,212,2530.0,0.0,5010.101010101011,-2480.1010101010106,OPTIMAL
122.72727272727272,163.63636363636365,212,2530.0,0.0,5072.727272727273,-2542.727272727273,OPTIMAL
122.72727272727272,165.65656565656568,212,2530.0,0.0,5135.353535353536,-2605.3535353535362,OPTIMAL
122.72727272727272,167.6767676767677,212,2530.0,0.0,5197.979797979799,-2667.9797979797986,OPTIMAL
122.72727272727272,169.69696969696972,212,2530.0,0.0,5260.606060606061,-2730.606060606061,OPTIMAL
122.72727272727272,171.71717171717174,212,2530.0,0.0,5323.232323232324,-2793.2323232323242,OPTIMAL
122.72727272727272,173.73737373737376,212,2530.0,0.0,5385.858585858587,-2855.8585858585866,OPTIMAL
122.72727272727272,175.75757575757578,212,2530.0,0.0,5448.484848484849,-2918.484848484849,OPTIMAL
122.72727272727272,177.7777777777778,212,2530.0,0.0,5511.111111111112,-2981.111111111112,OPTIMAL
122.72727272727272,179.79797979797982,212,2530.0,0.0,5573.737373737375,-3043.7373737373746,OPTIMAL
125.75757575757575,60.60606060606061,234,600.0,0.0,545.4545454545455,54.545454545454504,OPTIMAL
125.75757575757575,62.62626262626263,234,600.0,0.0,563.6363636363636,36.363636363636374,OPTIMAL
125.75757575757575,64.64646464646465,234,600.0,0.0,581.8181818181819,18.18181818181813,OPTIMAL
125.75757575757575,66.66666666666667,234,600.0,0.0,600.0,0.0,OPTIMAL
125.75757575757575,68.68686868686869,234,600.0,0.0,618.1818181818182,-18.181818181818244,OPTIMAL
125.75757575757575,70.70707070707071,231,810.0,0.0,848.4848484848485,-38.4848484848485,OPTIMAL
125.75757575757575,72.72727272727273,231,810.0,0.0,872.7272727272727,-62.72727272727275,OPTIMAL
125.75757575757575,74.74747474747475,231,810.0,0.0,896.969696969697,-86.969696969697,OPTIMAL
125.75757575757575,76.76767676767678,231,810.0,0.0,921.2121212121212,-111.21212121212125,OPTIMAL
125.75757575757575,78.7878787878788,231,810.0,0.0,945.4545454545455,-135.4545454545455,OPTIMAL
122.72727272727272,181.81818181818184,202,4330.0,0.0,7454.545454545456,-3124.545454545456,OPTIMAL
122.72727272727272,183.83838383838386,202,4330.0,0.0,7537.373737373739,-3207.3737373737385,OPTIMAL
122.72727272727272,185.85858585858588,202,4330.0,0.0,7620.202020202021,-3290.2020202020212,OPTIMAL
122.72727272727272,187.8787878787879,202,4330.0,0.0,7703.030303030304,-3373.030303030304,OPTIMAL
122.72727272727272,189.89898989898992,202,4330.0,0.0,7785.858585858587,-3455.8585858585866,OPTIMAL
122.72727272727272,191.91919191919195,202,4330.0,0.0,7868.68686868687,-3538.68686868687,OPTIMAL
122.72727272727272,193.93939393939394,202,4330.0,0.0,7951.515151515151,-3621.515151515151,OPTIMAL
122.72727272727272,195.95959595959596,202,4330.0,0.0,8034.343434343435,-3704.3434343434346,OPTIMAL
122.72727272727272,197.97979797979798,202,4330.0,0.0,8117.171717171717,-3787.1717171717173,OPTIMAL
122.72727272727272,200.0,202,4330.0,0.0,8200.0,-3870.0,OPTIMAL
127.27272727272727,0.0,243,180.0,0.0,0.0,180.0,OPTIMAL
127.27272727272727,2.0202020202020203,243,180.0,0.0,0.0,180.0,OPTIMAL
127.27272727272727,4.040404040404041,243,180.0,0.0,0.0,180.0,OPTIMAL
127.27272727272727,6.0606060606060606,243,180.0,0.0,0.0,180.0,OPTIMAL
127.27272727272727,8.080808080808081,243,180.0,0.0,0.0,180.0,OPTIMAL
127.27272727272727,10.101010101010102,243,180.0,0.0,0.0,180.0,OPTIMAL
127.27272727272727,12.121212121212121,243,180.0,0.0,0.0,180.0,OPTIMAL
127.27272727272727,14.141414141414142,243,180.0,0.0,0.0,180.0,OPTIMAL
127.27272727272727,16.161616161616163,243,180.0,0.0,0.0,180.0,OPTIMAL
127.27272727272727,18.181818181818183,243,180.0,0.0,0.0,180.0,OPTIMAL
124.24242424242424,101.01010101010101,217,1980.0,0.0,2626.2626262626263,-646.2626262626263,OPTIMAL
124.24242424242424,103.03030303030303,217,1980.0,0.0,2678.787878787879,-698.787878787879,OPTIMAL
124.24242424242424,105.05050505050505,217,1980.0,0.0,2731.313131313131,-751.3131313131312,OPTIMAL
124.24242424242424,107.07070707070707,217,1980.0,0.0,2783.838383838384,-803.8383838383838,OPTIMAL
124.24242424242424,109.0909090909091,217,1980.0,0.0,2836.3636363636365,-856.3636363636365,OPTIMAL
124.24242424242424,111.11111111111111,212,2530.0,0.0,3444.4444444444443,-914.4444444444443,OPTIMAL
124.24242424242424,113.13131313131314,212,2530.0,0.0,3507.070707070707,-977.0707070707072,OPTIMAL
124.24242424242424,115.15151515151516,212,2530.0,0.0,3569.69696969697,-1039.69696969697,OPTIMAL
124.24242424242424,117.17171717171718,212,2530.0,0.0,3632.3232323232323,-1102.3232323232323,OPTIMAL
124.24242424242424,119.1919191919192,212,2530.0,0.0,3694.949494949495,-1164.9494949494951,OPTIMAL
124.24242424242424,121.21212121212122,212,2530.0,0.0,3757.575757575758,-1227.575757575758,OPTIMAL
124.24242424242424,123.23232323232324,212,2530.0,0.0,3820.2020202020203,-1290.2020202020203,OPTIMAL
124.24242424242424,125.25252525252526,212,2530.0,0.0,3882.828282828283,-1352.8282828282831,OPTIMAL
124.24242424242424,127.27272727272728,212,2530.0,0.0,3945.4545454545455,-1415.4545454545455,OPTIMAL
124.24242424242424,129.2929292929293,212,2530.0,0.0,4008.0808080808083,-1478.0808080808083,OPTIMAL
124.24242424242424,131.31313131313132,212,2530.0,0.0,4070.707070707071,-1540.7070707070711,OPTIMAL
124.24242424242424,133.33333333333334,212,2530.0,0.0,4133.333333333334,-1603.333333333334,OPTIMAL
124.24242424242424,135.35353535353536,212,2530.0,0.0,4195.959595959596,-1665.9595959595963,OPTIMAL
124.24242424242424,137.37373737373738,212,2530.0,0.0,4258.585858585859,-1728.5858585858587,OPTIMAL
124.24242424242424,139.3939393939394,212,2530.0,0.0,4321.212121212122,-1791.212121212122,OPTIMAL
127.27272727272727,20.202020202020204,243,180.0,0.0,0.0,180.0,OPTIMAL
127.27272727272727,22.222222222222225,243,180.0,0.0,0.0,180.0,OPTIMAL
127.27272727272727,24.242424242424242,243,180.0,0.0,0.0,180.0,OPTIMAL
127.27272727272727,26.262626262626263,243,180.0,0.0,0.0,180.0,OPTIMAL
127.27272727272727,28.282828282828284,243,180.0,0.0,0.0,180.0,OPTIMAL
127.27272727272727,30.303030303030305,243,180.0,0.0,0.0,180.0,OPTIMAL
127.27272727272727,32.323232323232325,243,180.0,0.0,0.0,180.0,OPTIMAL
127.27272727272727,34.343434343434346,243,180.0,0.0,0.0,180.0,OPTIMAL
127.27272727272727,36.36363636363637,243,180.0,0.0,0.0,180.0,OPTIMAL
127.27272727272727,38.38383838383839,243,180.0,0.0,0.0,180.0,OPTIMAL
125.75757575757575,80.80808080808082,222,1530.0,0.0,1696.9696969696972,-166.96969696969722,OPTIMAL
125.75757575757575,82.82828282828284,222,1530.0,0.0,1739.3939393939395,-209.3939393939395,OPTIMAL
125.75757575757575,84.84848484848486,222,1530.0,0.0,1781.818181818182,-251.81818181818198,OPTIMAL
125.75757575757575,86.86868686868688,222,1530.0,0.0,1824.2424242424245,-294.2424242424245,OPTIMAL
125.75757575757575,88.8888888888889,222,1530.0,0.0,1866.666666666667,-336.66666666666697,OPTIMAL
125.75757575757575,90.90909090909092,217,1980.0,0.0,2363.636363636364,-383.63636363636397,OPTIMAL
125.75757575757575,92.92929292929294,217,1980.0,0.0,2416.1616161616166,-436.1616161616166,OPTIMAL
125.75757575757575,94.94949494949496,217,1980.0,0.0,2468.686868686869,-488.6868686868688,OPTIMAL
125.75757575757575,96.96969696969697,217,1980.0,0.0,2521.212121212121,-541.212121212121,OPTIMAL
125.75757575757575,98.98989898989899,217,1980.0,0.0,2573.7373737373737,-593.7373737373737,OPTIMAL
124.24242424242424,141.41414141414143,212,2530.0,0.0,4383.838383838384,-1853.8383838383843,OPTIMAL
124.24242424242424,143.43434343434345,212,2530.0,0.0,4446.464646464647,-1916.4646464646466,OPTIMAL
124.24242424242424,145.45454545454547,212,2530.0,0.0,4509.09090909091,-1979.09090909091,OPTIMAL
124.24242424242424,147.4747474747475,212,2530.0,0.0,4571.717171717172,-2041.7171717171723,OPTIMAL
124.24242424242424,149.4949494949495,212,2530.0,0.0,4634.343434343435,-2104.3434343434346,OPTIMAL
124.24242424242424,151.51515151515153,212,2530.0,0.0,4696.969696969697,-2166.969696969697,OPTIMAL
124.24242424242424,153.53535353535355,212,2530.0,0.0,4759.59595959596,-2229.5959595959603,OPTIMAL
124.24242424242424,155.55555555555557,212,2530.0,0.0,4822.222222222223,-2292.2222222222226,OPTIMAL
124.24242424242424,157.5757575757576,212,2530.0,0.0,4884.848484848485,-2354.848484848485,OPTIMAL
124.24242424242424,159.5959595959596,212,2530.0,0.0,4947.474747474748,-2417.4747474747483,OPTIMAL
127.27272727272727,40.40404040404041,237,420.0,0.0,242.42424242424244,177.57575757575756,OPTIMAL
127.27272727272727,42.42424242424243,237,420.0,0.0,254.54545454545456,165.45454545454544,OPTIMAL
127.27272727272727,44.44444444444445,237,420.0,0.0,266.6666666666667,153.33333333333331,OPTIMAL
127.27272727272727,46.46464646464647,237,420.0,0.0,278.7878787878788,141.2121212121212,OPTIMAL
127.27272727272727,48.484848484848484,237,420.0,0.0,290.9090909090909,129.09090909090912,OPTIMAL
127.27272727272727,50.505050505050505,237,420.0,0.0,303.030303030303,116.969696969697,OPTIMAL
127.27272727272727,52.525252525252526,237,420.0,0.0,315.1515151515151,104.84848484848487,OPTIMAL
127.27272727272727,54.54545454545455,237,420.0,0.0,327.27272727272725,92.72727272727275,OPTIMAL
127.27272727272727,56.56565656565657,237,420.0,0.0,339.3939393939394,80.60606060606062,OPTIMAL
127.27272727272727,58.58585858585859,237,420.0,0.0,351.5151515151515,68.4848484848485,OPTIMAL
124.24242424242424,161.61616161616163,212,2530.0,0.0,5010.101010101011,-2480.1010101010106,OPTIMAL
124.24242424242424,163.63636363636365,212,2530.0,0.0,5072.727272727273,-2542.727272727273,OPTIMAL
124.24242424242424,165.65656565656568,212,2530.0,0.0,5135.353535353536,-2605.3535353535362,OPTIMAL
124.24242424242424,167.6767676767677,212,2530.0,0.0,5197.979797979799,-2667.9797979797986,OPTIMAL
124.24242424242424,169.69696969696972,212,2530.0,0.0,5260.606060606061,-2730.606060606061,OPTIMAL
124.24242424242424,171.71717171717174,212,2530.0,0.0,5323.232323232324,-2793.2323232323242,OPTIMAL
124.24242424242424,173.73737373737376,212,2530.0,0.0,5385.858585858587,-2855.8585858585866,OPTIMAL
124.24242424242424,175.75757575757578,212,2530.0,0.0,5448.484848484849,-2918.484848484849,OPTIMAL
124.24242424242424,177.7777777777778,212,2530.0,0.0,5511.111111111112,-2981.111111111112,OPTIMAL
124.24242424242424,179.79797979797982,212,2530.0,0.0,5573.737373737375,-3043.7373737373746,OPTIMAL
127.27272727272727,60.60606060606061,234,600.0,0.0,545.4545454545455,54.545454545454504,OPTIMAL
127.27272727272727,62.62626262626263,234,600.0,0.0,563.6363636363636,36.363636363636374,OPTIMAL
127.27272727272727,64.64646464646465,234,600.0,0.0,581.8181818181819,18.18181818181813,OPTIMAL
127.27272727272727,66.66666666666667,234,600.0,0.0,600.0,0.0,OPTIMAL
127.27272727272727,68.68686868686869,234,600.0,0.0,618.1818181818182,-18.181818181818244,OPTIMAL
127.27272727272727,70.70707070707071,231,810.0,0.0,848.4848484848485,-38.4848484848485,OPTIMAL
127.27272727272727,72.72727272727273,231,810.0,0.0,872.7272727272727,-62.72727272727275,OPTIMAL
127.27272727272727,74.74747474747475,231,810.0,0.0,896.969696969697,-86.969696969697,OPTIMAL
127.27272727272727,76.76767676767678,231,810.0,0.0,921.2121212121212,-111.21212121212125,OPTIMAL
127.27272727272727,78.7878787878788,231,810.0,0.0,945.4545454545455,-135.4545454545455,OPTIMAL
128.78787878787878,0.0,243,180.0,0.0,0.0,180.0,OPTIMAL
128.78787878787878,2.0202020202020203,243,180.0,0.0,0.0,180.0,OPTIMAL
128.78787878787878,4.040404040404041,243,180.0,0.0,0.0,180.0,OPTIMAL
128.78787878787878,6.0606060606060606,243,180.0,0.0,0.0,180.0,OPTIMAL
128.78787878787878,8.080808080808081,243,180.0,0.0,0.0,180.0,OPTIMAL
128.78787878787878,10.101010101010102,243,180.0,0.0,0.0,180.0,OPTIMAL
128.78787878787878,12.121212121212121,243,180.0,0.0,0.0,180.0,OPTIMAL
128.78787878787878,14.141414141414142,243,180.0,0.0,0.0,180.0,OPTIMAL
128.78787878787878,16.161616161616163,243,180.0,0.0,0.0,180.0,OPTIMAL
128.78787878787878,18.181818181818183,243,180.0,0.0,0.0,180.0,OPTIMAL
125.75757575757575,101.01010101010101,217,1980.0,0.0,2626.2626262626263,-646.2626262626263,OPTIMAL
125.75757575757575,103.03030303030303,217,1980.0,0.0,2678.787878787879,-698.787878787879,OPTIMAL
125.75757575757575,105.05050505050505,217,1980.0,0.0,2731.313131313131,-751.3131313131312,OPTIMAL
125.75757575757575,107.07070707070707,217,1980.0,0.0,2783.838383838384,-803.8383838383838,OPTIMAL
125.75757575757575,109.0909090909091,217,1980.0,0.0,2836.3636363636365,-856.3636363636365,OPTIMAL
125.75757575757575,111.11111111111111,212,2530.0,0.0,3444.4444444444443,-914.4444444444443,OPTIMAL
125.75757575757575,113.13131313131314,212,2530.0,0.0,3507.070707070707,-977.0707070707072,OPTIMAL
125.75757575757575,115.15151515151516,212,2530.0,0.0,3569.69696969697,-1039.69696969697,OPTIMAL
125.75757575757575,117.17171717171718,212,2530.0,0.0,3632.3232323232323,-1102.3232323232323,OPTIMAL
125.75757575757575,119.1919191919192,212,2530.0,0.0,3694.949494949495,-1164.9494949494951,OPTIMAL
124.24242424242424,181.81818181818184,202,4330.0,0.0,7454.545454545456,-3124.545454545456,OPTIMAL
124.24242424242424,183.83838383838386,202,4330.0,0.0,7537.373737373739,-3207.3737373737385,OPTIMAL
124.24242424242424,185.85858585858588,202,4330.0,0.0,7620.202020202021,-3290.2020202020212,OPTIMAL
124.24242424242424,187.8787878787879,202,4330.0,0.0,7703.030303030304,-3373.030303030304,OPTIMAL
124.24242424242424,189.89898989898992,202,4330.0,0.0,7785.858585858587,-3455.8585858585866,OPTIMAL
124.24242424242424,191.91919191919195,202,4330.0,0.0,7868.68686868687,-3538.68686868687,OPTIMAL
124.24242424242424,193.93939393939394,202,4330.0,0.0,7951.515151515151,-3621.515151515151,OPTIMAL
124.24242424242424,195.95959595959596,202,4330.0,0.0,8034.343434343435,-3704.3434343434346,OPTIMAL
124.24242424242424,197.97979797979798,202,4330.0,0.0,8117.171717171717,-3787.1717171717173,OPTIMAL
124.24242424242424,200.0,202,4330.0,0.0,8200.0,-3870.0,OPTIMAL
125.75757575757575,141.41414141414143,212,2530.0,0.0,4383.838383838384,-1853.8383838383843,OPTIMAL
125.75757575757575,143.43434343434345,212,2530.0,0.0,4446.464646464647,-1916.4646464646466,OPTIMAL
125.75757575757575,145.45454545454547,212,2530.0,0.0,4509.09090909091,-1979.09090909091,OPTIMAL
125.75757575757575,147.4747474747475,212,2530.0,0.0,4571.717171717172,-2041.7171717171723,OPTIMAL
125.75757575757575,149.4949494949495,212,2530.0,0.0,4634.343434343435,-2104.3434343434346,OPTIMAL
125.75757575757575,151.51515151515153,212,2530.0,0.0,4696.969696969697,-2166.969696969697,OPTIMAL
125.75757575757575,153.53535353535355,212,2530.0,0.0,4759.59595959596,-2229.5959595959603,OPTIMAL
125.75757575757575,155.55555555555557,212,2530.0,0.0,4822.222222222223,-2292.2222222222226,OPTIMAL
125.75757575757575,157.5757575757576,212,2530.0,0.0,4884.848484848485,-2354.848484848485,OPTIMAL
125.75757575757575,159.5959595959596,212,2530.0,0.0,4947.474747474748,-2417.4747474747483,OPTIMAL
128.78787878787878,20.202020202020204,243,180.0,0.0,0.0,180.0,OPTIMAL
128.78787878787878,22.222222222222225,243,180.0,0.0,0.0,180.0,OPTIMAL
128.78787878787878,24.242424242424242,243,180.0,0.0,0.0,180.0,OPTIMAL
128.78787878787878,26.262626262626263,243,180.0,0.0,0.0,180.0,OPTIMAL
128.78787878787878,28.282828282828284,243,180.0,0.0,0.0,180.0,OPTIMAL
128.78787878787878,30.303030303030305,243,180.0,0.0,0.0,180.0,OPTIMAL
128.78787878787878,32.323232323232325,243,180.0,0.0,0.0,180.0,OPTIMAL
128.78787878787878,34.343434343434346,243,180.0,0.0,0.0,180.0,OPTIMAL
128.78787878787878,36.36363636363637,243,180.0,0.0,0.0,180.0,OPTIMAL
128.78787878787878,38.38383838383839,243,180.0,0.0,0.0,180.0,OPTIMAL
125.75757575757575,161.61616161616163,212,2530.0,0.0,5010.101010101011,-2480.1010101010106,OPTIMAL
125.75757575757575,163.63636363636365,212,2530.0,0.0,5072.727272727273,-2542.727272727273,OPTIMAL
125.75757575757575,165.65656565656568,212,2530.0,0.0,5135.353535353536,-2605.3535353535362,OPTIMAL
125.75757575757575,167.6767676767677,212,2530.0,0.0,5197.979797979799,-2667.9797979797986,OPTIMAL
125.75757575757575,169.69696969696972,212,2530.0,0.0,5260.606060606061,-2730.606060606061,OPTIMAL
125.75757575757575,171.71717171717174,212,2530.0,0.0,5323.232323232324,-2793.2323232323242,OPTIMAL
125.75757575757575,173.73737373737376,212,2530.0,0.0,5385.858585858587,-2855.8585858585866,OPTIMAL
125.75757575757575,175.75757575757578,212,2530.0,0.0,5448.484848484849,-2918.484848484849,OPTIMAL
125.75757575757575,177.7777777777778,212,2530.0,0.0,5511.111111111112,-2981.111111111112,OPTIMAL
125.75757575757575,179.79797979797982,212,2530.0,0.0,5573.737373737375,-3043.7373737373746,OPTIMAL
127.27272727272727,80.80808080808082,222,1530.0,0.0,1696.9696969696972,-166.96969696969722,OPTIMAL
127.27272727272727,82.82828282828284,222,1530.0,0.0,1739.3939393939395,-209.3939393939395,OPTIMAL
127.27272727272727,84.84848484848486,222,1530.0,0.0,1781.818181818182,-251.81818181818198,OPTIMAL
127.27272727272727,86.86868686868688,222,1530.0,0.0,1824.2424242424245,-294.2424242424245,OPTIMAL
127.27272727272727,88.8888888888889,222,1530.0,0.0,1866.666666666667,-336.66666666666697,OPTIMAL
127.27272727272727,90.90909090909092,217,1980.0,0.0,2363.636363636364,-383.63636363636397,OPTIMAL
127.27272727272727,92.92929292929294,217,1980.0,0.0,2416.1616161616166,-436.1616161616166,OPTIMAL
127.27272727272727,94.94949494949496,217,1980.0,0.0,2468.686868686869,-488.6868686868688,OPTIMAL
127.27272727272727,96.96969696969697,217,1980.0,0.0,2521.212121212121,-541.212121212121,OPTIMAL
127.27272727272727,98.98989898989899,217,1980.0,0.0,2573.7373737373737,-593.7373737373737,OPTIMAL
128.78787878787878,40.40404040404041,237,420.0,0.0,242.42424242424244,177.57575757575756,OPTIMAL
128.78787878787878,42.42424242424243,237,420.0,0.0,254.54545454545456,165.45454545454544,OPTIMAL
128.78787878787878,44.44444444444445,237,420.0,0.0,266.6666666666667,153.33333333333331,OPTIMAL
128.78787878787878,46.46464646464647,237,420.0,0.0,278.7878787878788,141.2121212121212,OPTIMAL
128.78787878787878,48.484848484848484,237,420.0,0.0,290.9090909090909,129.09090909090912,OPTIMAL
128.78787878787878,50.505050505050505,237,420.0,0.0,303.030303030303,116.969696969697,OPTIMAL
128.78787878787878,52.525252525252526,237,420.0,0.0,315.1515151515151,104.84848484848487,OPTIMAL
128.78787878787878,54.54545454545455,237,420.0,0.0,327.27272727272725,92.72727272727275,OPTIMAL
128.78787878787878,56.56565656565657,237,420.0,0.0,339.3939393939394,80.60606060606062,OPTIMAL
128.78787878787878,58.58585858585859,237,420.0,0.0,351.5151515151515,68.4848484848485,OPTIMAL
125.75757575757575,121.21212121212122,212,2530.0,0.0,3757.575757575758,-1227.575757575758,OPTIMAL
125.75757575757575,123.23232323232324,212,2530.0,0.0,3820.2020202020203,-1290.2020202020203,OPTIMAL
125.75757575757575,125.25252525252526,212,2530.0,0.0,3882.828282828283,-1352.8282828282831,OPTIMAL
125.75757575757575,127.27272727272728,212,2530.0,0.0,3945.4545454545455,-1415.4545454545455,OPTIMAL
125.75757575757575,129.2929292929293,212,2530.0,0.0,4008.0808080808083,-1478.0808080808083,OPTIMAL
125.75757575757575,131.31313131313132,212,2530.0,0.0,4070.707070707071,-1540.7070707070711,OPTIMAL
125.75757575757575,133.33333333333334,212,2530.0,0.0,4133.333333333334,-1603.333333333334,OPTIMAL
125.75757575757575,135.35353535353536,212,2530.0,0.0,4195.959595959596,-1665.9595959595963,OPTIMAL
125.75757575757575,137.37373737373738,212,2530.0,0.0,4258.585858585859,-1728.5858585858587,OPTIMAL
125.75757575757575,139.3939393939394,212,2530.0,0.0,4321.212121212122,-1791.212121212122,OPTIMAL
128.78787878787878,60.60606060606061,234,600.0,0.0,545.4545454545455,54.545454545454504,OPTIMAL
128.78787878787878,62.62626262626263,234,600.0,0.0,563.6363636363636,36.363636363636374,OPTIMAL
128.78787878787878,64.64646464646465,234,600.0,0.0,581.8181818181819,18.18181818181813,OPTIMAL
128.78787878787878,66.66666666666667,234,600.0,0.0,600.0,0.0,OPTIMAL
128.78787878787878,68.68686868686869,234,600.0,0.0,618.1818181818182,-18.181818181818244,OPTIMAL
128.78787878787878,70.70707070707071,231,810.0,0.0,848.4848484848485,-38.4848484848485,OPTIMAL
128.78787878787878,72.72727272727273,231,810.0,0.0,872.7272727272727,-62.72727272727275,OPTIMAL
128.78787878787878,74.74747474747475,231,810.0,0.0,896.969696969697,-86.969696969697,OPTIMAL
128.78787878787878,76.76767676767678,231,810.0,0.0,921.2121212121212,-111.21212121212125,OPTIMAL
128.78787878787878,78.7878787878788,231,810.0,0.0,945.4545454545455,-135.4545454545455,OPTIMAL
130.3030303030303,0.0,243,180.0,0.0,0.0,180.0,OPTIMAL
130.3030303030303,2.0202020202020203,243,180.0,0.0,0.0,180.0,OPTIMAL
130.3030303030303,4.040404040404041,243,180.0,0.0,0.0,180.0,OPTIMAL
130.3030303030303,6.0606060606060606,243,180.0,0.0,0.0,180.0,OPTIMAL
130.3030303030303,8.080808080808081,243,180.0,0.0,0.0,180.0,OPTIMAL
130.3030303030303,10.101010101010102,243,180.0,0.0,0.0,180.0,OPTIMAL
130.3030303030303,12.121212121212121,243,180.0,0.0,0.0,180.0,OPTIMAL
130.3030303030303,14.141414141414142,243,180.0,0.0,0.0,180.0,OPTIMAL
130.3030303030303,16.161616161616163,243,180.0,0.0,0.0,180.0,OPTIMAL
130.3030303030303,18.181818181818183,243,180.0,0.0,0.0,180.0,OPTIMAL
127.27272727272727,101.01010101010101,217,1980.0,0.0,2626.2626262626263,-646.2626262626263,OPTIMAL
127.27272727272727,103.03030303030303,217,1980.0,0.0,2678.787878787879,-698.787878787879,OPTIMAL
127.27272727272727,105.05050505050505,217,1980.0,0.0,2731.313131313131,-751.3131313131312,OPTIMAL
127.27272727272727,107.07070707070707,217,1980.0,0.0,2783.838383838384,-803.8383838383838,OPTIMAL
127.27272727272727,109.0909090909091,217,1980.0,0.0,2836.3636363636365,-856.3636363636365,OPTIMAL
127.27272727272727,111.11111111111111,212,2530.0,0.0,3444.4444444444443,-914.4444444444443,OPTIMAL
127.27272727272727,113.13131313131314,212,2530.0,0.0,3507.070707070707,-977.0707070707072,OPTIMAL
127.27272727272727,115.15151515151516,212,2530.0,0.0,3569.69696969697,-1039.69696969697,OPTIMAL
127.27272727272727,117.17171717171718,212,2530.0,0.0,3632.3232323232323,-1102.3232323232323,OPTIMAL
127.27272727272727,119.1919191919192,212,2530.0,0.0,3694.949494949495,-1164.9494949494951,OPTIMAL
125.75757575757575,181.81818181818184,202,4330.0,0.0,7454.545454545456,-3124.545454545456,OPTIMAL
125.75757575757575,183.83838383838386,202,4330.0,0.0,7537.373737373739,-3207.3737373737385,OPTIMAL
125.75757575757575,185.85858585858588,202,4330.0,0.0,7620.202020202021,-3290.2020202020212,OPTIMAL
125.75757575757575,187.8787878787879,202,4330.0,0.0,7703.030303030304,-3373.030303030304,OPTIMAL
125.75757575757575,189.89898989898992,202,4330.0,0.0,7785.858585858587,-3455.8585858585866,OPTIMAL
125.75757575757575,191.91919191919195,202,4330.0,0.0,7868.68686868687,-3538.68686868687,OPTIMAL
125.75757575757575,193.93939393939394,202,4330.0,0.0,7951.515151515151,-3621.515151515151,OPTIMAL
125.75757575757575,195.95959595959596,202,4330.0,0.0,8034.343434343435,-3704.3434343434346,OPTIMAL
125.75757575757575,197.97979797979798,202,4330.0,0.0,8117.171717171717,-3787.1717171717173,OPTIMAL
125.75757575757575,200.0,202,4330.0,0.0,8200.0,-3870.0,OPTIMAL
130.3030303030303,20.202020202020204,243,180.0,0.0,0.0,180.0,OPTIMAL
130.3030303030303,22.222222222222225,243,180.0,0.0,0.0,180.0,OPTIMAL
130.3030303030303,24.242424242424242,243,180.0,0.0,0.0,180.0,OPTIMAL
130.3030303030303,26.262626262626263,243,180.0,0.0,0.0,180.0,OPTIMAL
130.3030303030303,28.282828282828284,243,180.0,0.0,0.0,180.0,OPTIMAL
130.3030303030303,30.303030303030305,243,180.0,0.0,0.0,180.0,OPTIMAL
130.3030303030303,32.323232323232325,243,180.0,0.0,0.0,180.0,OPTIMAL
130.3030303030303,34.343434343434346,243,180.0,0.0,0.0,180.0,OPTIMAL
130.3030303030303,36.36363636363637,243,180.0,0.0,0.0,180.0,OPTIMAL
130.3030303030303,38.38383838383839,243,180.0,0.0,0.0,180.0,OPTIMAL
128.78787878787878,80.80808080808082,222,1530.0,0.0,1696.9696969696972,-166.96969696969722,OPTIMAL
128.78787878787878,82.82828282828284,222,1530.0,0.0,1739.3939393939395,-209.3939393939395,OPTIMAL
128.78787878787878,84.84848484848486,222,1530.0,0.0,1781.818181818182,-251.81818181818198,OPTIMAL
128.78787878787878,86.86868686868688,222,1530.0,0.0,1824.2424242424245,-294.2424242424245,OPTIMAL
128.78787878787878,88.8888888888889,222,1530.0,0.0,1866.666666666667,-336.66666666666697,OPTIMAL
128.78787878787878,90.90909090909092,217,1980.0,0.0,2363.636363636364,-383.63636363636397,OPTIMAL
128.78787878787878,92.92929292929294,217,1980.0,0.0,2416.1616161616166,-436.1616161616166,OPTIMAL
128.78787878787878,94.94949494949496,217,1980.0,0.0,2468.686868686869,-488.6868686868688,OPTIMAL
128.78787878787878,96.96969696969697,217,1980.0,0.0,2521.212121212121,-541.212121212121,OPTIMAL
128.78787878787878,98.98989898989899,217,1980.0,0.0,2573.7373737373737,-593.7373737373737,OPTIMAL
127.27272727272727,141.41414141414143,212,2530.0,0.0,4383.838383838384,-1853.8383838383843,OPTIMAL
127.27272727272727,143.43434343434345,212,2530.0,0.0,4446.464646464647,-1916.4646464646466,OPTIMAL
127.27272727272727,145.45454545454547,212,2530.0,0.0,4509.09090909091,-1979.09090909091,OPTIMAL
127.27272727272727,147.4747474747475,212,2530.0,0.0,4571.717171717172,-2041.7171717171723,OPTIMAL
127.27272727272727,149.4949494949495,212,2530.0,0.0,4634.343434343435,-2104.3434343434346,OPTIMAL
127.27272727272727,151.51515151515153,212,2530.0,0.0,4696.969696969697,-2166.969696969697,OPTIMAL
127.27272727272727,153.53535353535355,212,2530.0,0.0,4759.59595959596,-2229.5959595959603,OPTIMAL
127.27272727272727,155.55555555555557,212,2530.0,0.0,4822.222222222223,-2292.2222222222226,OPTIMAL
127.27272727272727,157.5757575757576,212,2530.0,0.0,4884.848484848485,-2354.848484848485,OPTIMAL
127.27272727272727,159.5959595959596,212,2530.0,0.0,4947.474747474748,-2417.4747474747483,OPTIMAL
130.3030303030303,40.40404040404041,237,420.0,0.0,242.42424242424244,177.57575757575756,OPTIMAL
130.3030303030303,42.42424242424243,237,420.0,0.0,254.54545454545456,165.45454545454544,OPTIMAL
130.3030303030303,44.44444444444445,237,420.0,0.0,266.6666666666667,153.33333333333331,OPTIMAL
130.3030303030303,46.46464646464647,237,420.0,0.0,278.7878787878788,141.2121212121212,OPTIMAL
130.3030303030303,48.484848484848484,237,420.0,0.0,290.9090909090909,129.09090909090912,OPTIMAL
130.3030303030303,50.505050505050505,237,420.0,0.0,303.030303030303,116.969696969697,OPTIMAL
130.3030303030303,52.525252525252526,237,420.0,0.0,315.1515151515151,104.84848484848487,OPTIMAL
130.3030303030303,54.54545454545455,237,420.0,0.0,327.27272727272725,92.72727272727275,OPTIMAL
130.3030303030303,56.56565656565657,237,420.0,0.0,339.3939393939394,80.60606060606062,OPTIMAL
130.3030303030303,58.58585858585859,237,420.0,0.0,351.5151515151515,68.4848484848485,OPTIMAL
127.27272727272727,161.61616161616163,212,2530.0,0.0,5010.101010101011,-2480.1010101010106,OPTIMAL
127.27272727272727,163.63636363636365,212,2530.0,0.0,5072.727272727273,-2542.727272727273,OPTIMAL
127.27272727272727,165.65656565656568,212,2530.0,0.0,5135.353535353536,-2605.3535353535362,OPTIMAL
127.27272727272727,167.6767676767677,212,2530.0,0.0,5197.979797979799,-2667.9797979797986,OPTIMAL
127.27272727272727,169.69696969696972,212,2530.0,0.0,5260.606060606061,-2730.606060606061,OPTIMAL
127.27272727272727,171.71717171717174,212,2530.0,0.0,5323.232323232324,-2793.2323232323242,OPTIMAL
127.27272727272727,173.73737373737376,212,2530.0,0.0,5385.858585858587,-2855.8585858585866,OPTIMAL
127.27272727272727,175.75757575757578,212,2530.0,0.0,5448.484848484849,-2918.484848484849,OPTIMAL
127.27272727272727,177.7777777777778,212,2530.0,0.0,5511.111111111112,-2981.111111111112,OPTIMAL
127.27272727272727,179.79797979797982,212,2530.0,0.0,5573.737373737375,-3043.7373737373746,OPTIMAL
130.3030303030303,60.60606060606061,234,600.0,0.0,545.4545454545455,54.545454545454504,OPTIMAL
130.3030303030303,62.62626262626263,234,600.0,0.0,563.6363636363636,36.363636363636374,OPTIMAL
130.3030303030303,64.64646464646465,234,600.0,0.0,581.8181818181819,18.18181818181813,OPTIMAL
130.3030303030303,66.66666666666667,234,600.0,0.0,600.0,0.0,OPTIMAL
130.3030303030303,68.68686868686869,234,600.0,0.0,618.1818181818182,-18.181818181818244,OPTIMAL
130.3030303030303,70.70707070707071,231,810.0,0.0,848.4848484848485,-38.4848484848485,OPTIMAL
130.3030303030303,72.72727272727273,231,810.0,0.0,872.7272727272727,-62.72727272727275,OPTIMAL
130.3030303030303,74.74747474747475,231,810.0,0.0,896.969696969697,-86.969696969697,OPTIMAL
130.3030303030303,76.76767676767678,231,810.0,0.0,921.2121212121212,-111.21212121212125,OPTIMAL
130.3030303030303,78.7878787878788,231,810.0,0.0,945.4545454545455,-135.4545454545455,OPTIMAL
131.8181818181818,0.0,243,180.0,0.0,0.0,180.0,OPTIMAL
131.8181818181818,2.0202020202020203,243,180.0,0.0,0.0,180.0,OPTIMAL
131.8181818181818,4.040404040404041,243,180.0,0.0,0.0,180.0,OPTIMAL
131.8181818181818,6.0606060606060606,243,180.0,0.0,0.0,180.0,OPTIMAL
131.8181818181818,8.080808080808081,243,180.0,0.0,0.0,180.0,OPTIMAL
131.8181818181818,10.101010101010102,243,180.0,0.0,0.0,180.0,OPTIMAL
131.8181818181818,12.121212121212121,243,180.0,0.0,0.0,180.0,OPTIMAL
131.8181818181818,14.141414141414142,243,180.0,0.0,0.0,180.0,OPTIMAL
131.8181818181818,16.161616161616163,243,180.0,0.0,0.0,180.0,OPTIMAL
131.8181818181818,18.181818181818183,243,180.0,0.0,0.0,180.0,OPTIMAL
127.27272727272727,121.21212121212122,212,2530.0,0.0,3757.575757575758,-1227.575757575758,OPTIMAL
127.27272727272727,123.23232323232324,212,2530.0,0.0,3820.2020202020203,-1290.2020202020203,OPTIMAL
127.27272727272727,125.25252525252526,212,2530.0,0.0,3882.828282828283,-1352.8282828282831,OPTIMAL
127.27272727272727,127.27272727272728,212,2530.0,0.0,3945.4545454545455,-1415.4545454545455,OPTIMAL
127.27272727272727,129.2929292929293,212,2530.0,0.0,4008.0808080808083,-1478.0808080808083,OPTIMAL
127.27272727272727,131.31313131313132,212,2530.0,0.0,4070.707070707071,-1540.7070707070711,OPTIMAL
127.27272727272727,133.33333333333334,212,2530.0,0.0,4133.333333333334,-1603.333333333334,OPTIMAL
127.27272727272727,135.35353535353536,212,2530.0,0.0,4195.959595959596,-1665.9595959595963,OPTIMAL
127.27272727272727,137.37373737373738,212,2530.0,0.0,4258.585858585859,-1728.5858585858587,OPTIMAL
127.27272727272727,139.3939393939394,212,2530.0,0.0,4321.212121212122,-1791.212121212122,OPTIMAL
127.27272727272727,181.81818181818184,202,4330.0,0.0,7454.545454545456,-3124.545454545456,OPTIMAL
127.27272727272727,183.83838383838386,202,4330.0,0.0,7537.373737373739,-3207.3737373737385,OPTIMAL
127.27272727272727,185.85858585858588,202,4330.0,0.0,7620.202020202021,-3290.2020202020212,OPTIMAL
127.27272727272727,187.8787878787879,202,4330.0,0.0,7703.030303030304,-3373.030303030304,OPTIMAL
127.27272727272727,189.89898989898992,202,4330.0,0.0,7785.858585858587,-3455.8585858585866,OPTIMAL
127.27272727272727,191.91919191919195,202,4330.0,0.0,7868.68686868687,-3538.68686868687,OPTIMAL
127.27272727272727,193.93939393939394,202,4330.0,0.0,7951.515151515151,-3621.515151515151,OPTIMAL
127.27272727272727,195.95959595959596,202,4330.0,0.0,8034.343434343435,-3704.3434343434346,OPTIMAL
127.27272727272727,197.97979797979798,202,4330.0,0.0,8117.171717171717,-3787.1717171717173,OPTIMAL
127.27272727272727,200.0,202,4330.0,0.0,8200.0,-3870.0,OPTIMAL
128.78787878787878,101.01010101010101,217,1980.0,0.0,2626.2626262626263,-646.2626262626263,OPTIMAL
128.78787878787878,103.03030303030303,217,1980.0,0.0,2678.787878787879,-698.787878787879,OPTIMAL
128.78787878787878,105.05050505050505,217,1980.0,0.0,2731.313131313131,-751.3131313131312,OPTIMAL
128.78787878787878,107.07070707070707,217,1980.0,0.0,2783.838383838384,-803.8383838383838,OPTIMAL
128.78787878787878,109.0909090909091,217,1980.0,0.0,2836.3636363636365,-856.3636363636365,OPTIMAL
128.78787878787878,111.11111111111111,212,2530.0,0.0,3444.4444444444443,-914.4444444444443,OPTIMAL
128.78787878787878,113.13131313131314,212,2530.0,0.0,3507.070707070707,-977.0707070707072,OPTIMAL
128.78787878787878,115.15151515151516,212,2530.0,0.0,3569.69696969697,-1039.69696969697,OPTIMAL
128.78787878787878,117.17171717171718,212,2530.0,0.0,3632.3232323232323,-1102.3232323232323,OPTIMAL
128.78787878787878,119.1919191919192,212,2530.0,0.0,3694.949494949495,-1164.9494949494951,OPTIMAL
131.8181818181818,20.202020202020204,243,180.0,0.0,0.0,180.0,OPTIMAL
131.8181818181818,22.222222222222225,243,180.0,0.0,0.0,180.0,OPTIMAL
131.8181818181818,24.242424242424242,243,180.0,0.0,0.0,180.0,OPTIMAL
131.8181818181818,26.262626262626263,243,180.0,0.0,0.0,180.0,OPTIMAL
131.8181818181818,28.282828282828284,243,180.0,0.0,0.0,180.0,OPTIMAL
131.8181818181818,30.303030303030305,243,180.0,0.0,0.0,180.0,OPTIMAL
131.8181818181818,32.323232323232325,243,180.0,0.0,0.0,180.0,OPTIMAL
131.8181818181818,34.343434343434346,243,180.0,0.0,0.0,180.0,OPTIMAL
131.8181818181818,36.36363636363637,243,180.0,0.0,0.0,180.0,OPTIMAL
131.8181818181818,38.38383838383839,243,180.0,0.0,0.0,180.0,OPTIMAL
128.78787878787878,141.41414141414143,212,2530.0,0.0,4383.838383838384,-1853.8383838383843,OPTIMAL
128.78787878787878,143.43434343434345,212,2530.0,0.0,4446.464646464647,-1916.4646464646466,OPTIMAL
128.78787878787878,145.45454545454547,212,2530.0,0.0,4509.09090909091,-1979.09090909091,OPTIMAL
128.78787878787878,147.4747474747475,212,2530.0,0.0,4571.717171717172,-2041.7171717171723,OPTIMAL
128.78787878787878,149.4949494949495,212,2530.0,0.0,4634.343434343435,-2104.3434343434346,OPTIMAL
128.78787878787878,151.51515151515153,212,2530.0,0.0,4696.969696969697,-2166.969696969697,OPTIMAL
128.78787878787878,153.53535353535355,212,2530.0,0.0,4759.59595959596,-2229.5959595959603,OPTIMAL
128.78787878787878,155.55555555555557,212,2530.0,0.0,4822.222222222223,-2292.2222222222226,OPTIMAL
128.78787878787878,157.5757575757576,212,2530.0,0.0,4884.848484848485,-2354.848484848485,OPTIMAL
128.78787878787878,159.5959595959596,212,2530.0,0.0,4947.474747474748,-2417.4747474747483,OPTIMAL
130.3030303030303,80.80808080808082,222,1530.0,0.0,1696.9696969696972,-166.96969696969722,OPTIMAL
130.3030303030303,82.82828282828284,222,1530.0,0.0,1739.3939393939395,-209.3939393939395,OPTIMAL
130.3030303030303,84.84848484848486,222,1530.0,0.0,1781.818181818182,-251.81818181818198,OPTIMAL
130.3030303030303,86.86868686868688,222,1530.0,0.0,1824.2424242424245,-294.2424242424245,OPTIMAL
130.3030303030303,88.8888888888889,222,1530.0,0.0,1866.666666666667,-336.66666666666697,OPTIMAL
130.3030303030303,90.90909090909092,217,1980.0,0.0,2363.636363636364,-383.63636363636397,OPTIMAL
130.3030303030303,92.92929292929294,217,1980.0,0.0,2416.1616161616166,-436.1616161616166,OPTIMAL
130.3030303030303,94.94949494949496,217,1980.0,0.0,2468.686868686869,-488.6868686868688,OPTIMAL
130.3030303030303,96.96969696969697,217,1980.0,0.0,2521.212121212121,-541.212121212121,OPTIMAL
130.3030303030303,98.98989898989899,217,1980.0,0.0,2573.7373737373737,-593.7373737373737,OPTIMAL
128.78787878787878,161.61616161616163,212,2530.0,0.0,5010.101010101011,-2480.1010101010106,OPTIMAL
128.78787878787878,163.63636363636365,212,2530.0,0.0,5072.727272727273,-2542.727272727273,OPTIMAL
128.78787878787878,165.65656565656568,212,2530.0,0.0,5135.353535353536,-2605.3535353535362,OPTIMAL
128.78787878787878,167.6767676767677,212,2530.0,0.0,5197.979797979799,-2667.9797979797986,OPTIMAL
128.78787878787878,169.69696969696972,212,2530.0,0.0,5260.606060606061,-2730.606060606061,OPTIMAL
128.78787878787878,171.71717171717174,212,2530.0,0.0,5323.232323232324,-2793.2323232323242,OPTIMAL
128.78787878787878,173.73737373737376,212,2530.0,0.0,5385.858585858587,-2855.8585858585866,OPTIMAL
128.78787878787878,175.75757575757578,212,2530.0,0.0,5448.484848484849,-2918.484848484849,OPTIMAL
128.78787878787878,177.7777777777778,212,2530.0,0.0,5511.111111111112,-2981.111111111112,OPTIMAL
128.78787878787878,179.79797979797982,212,2530.0,0.0,5573.737373737375,-3043.7373737373746,OPTIMAL
128.78787878787878,181.81818181818184,202,4330.0,0.0,7454.545454545456,-3124.545454545456,OPTIMAL
128.78787878787878,183.83838383838386,202,4330.0,0.0,7537.373737373739,-3207.3737373737385,OPTIMAL
128.78787878787878,185.85858585858588,202,4330.0,0.0,7620.202020202021,-3290.2020202020212,OPTIMAL
128.78787878787878,187.8787878787879,202,4330.0,0.0,7703.030303030304,-3373.030303030304,OPTIMAL
128.78787878787878,189.89898989898992,202,4330.0,0.0,7785.858585858587,-3455.8585858585866,OPTIMAL
128.78787878787878,191.91919191919195,202,4330.0,0.0,7868.68686868687,-3538.68686868687,OPTIMAL
128.78787878787878,193.93939393939394,202,4330.0,0.0,7951.515151515151,-3621.515151515151,OPTIMAL
128.78787878787878,195.95959595959596,202,4330.0,0.0,8034.343434343435,-3704.3434343434346,OPTIMAL
128.78787878787878,197.97979797979798,202,4330.0,0.0,8117.171717171717,-3787.1717171717173,OPTIMAL
128.78787878787878,200.0,202,4330.0,0.0,8200.0,-3870.0,OPTIMAL
131.8181818181818,60.60606060606061,234,600.0,0.0,545.4545454545455,54.545454545454504,OPTIMAL
131.8181818181818,62.62626262626263,234,600.0,0.0,563.6363636363636,36.363636363636374,OPTIMAL
131.8181818181818,64.64646464646465,234,600.0,0.0,581.8181818181819,18.18181818181813,OPTIMAL
131.8181818181818,66.66666666666667,234,600.0,0.0,600.0,0.0,OPTIMAL
131.8181818181818,68.68686868686869,234,600.0,0.0,618.1818181818182,-18.181818181818244,OPTIMAL
131.8181818181818,70.70707070707071,231,810.0,0.0,848.4848484848485,-38.4848484848485,OPTIMAL
131.8181818181818,72.72727272727273,231,810.0,0.0,872.7272727272727,-62.72727272727275,OPTIMAL
131.8181818181818,74.74747474747475,231,810.0,0.0,896.969696969697,-86.969696969697,OPTIMAL
131.8181818181818,76.76767676767678,231,810.0,0.0,921.2121212121212,-111.21212121212125,OPTIMAL
131.8181818181818,78.7878787878788,231,810.0,0.0,945.4545454545455,-135.4545454545455,OPTIMAL
130.3030303030303,101.01010101010101,217,1980.0,0.0,2626.2626262626263,-646.2626262626263,OPTIMAL
130.3030303030303,103.03030303030303,217,1980.0,0.0,2678.787878787879,-698.787878787879,OPTIMAL
130.3030303030303,105.05050505050505,217,1980.0,0.0,2731.313131313131,-751.3131313131312,OPTIMAL
130.3030303030303,107.07070707070707,217,1980.0,0.0,2783.838383838384,-803.8383838383838,OPTIMAL
130.3030303030303,109.0909090909091,217,1980.0,0.0,2836.3636363636365,-856.3636363636365,OPTIMAL
130.3030303030303,111.11111111111111,212,2530.0,0.0,3444.4444444444443,-914.4444444444443,OPTIMAL
130.3030303030303,113.13131313131314,212,2530.0,0.0,3507.070707070707,-977.0707070707072,OPTIMAL
130.3030303030303,115.15151515151516,212,2530.0,0.0,3569.69696969697,-1039.69696969697,OPTIMAL
130.3030303030303,117.17171717171718,212,2530.0,0.0,3632.3232323232323,-1102.3232323232323,OPTIMAL
130.3030303030303,119.1919191919192,212,2530.0,0.0,3694.949494949495,-1164.9494949494951,OPTIMAL
128.78787878787878,121.21212121212122,212,2530.0,0.0,3757.575757575758,-1227.575757575758,OPTIMAL
128.78787878787878,123.23232323232324,212,2530.0,0.0,3820.2020202020203,-1290.2020202020203,OPTIMAL
128.78787878787878,125.25252525252526,212,2530.0,0.0,3882.828282828283,-1352.8282828282831,OPTIMAL
128.78787878787878,127.27272727272728,212,2530.0,0.0,3945.4545454545455,-1415.4545454545455,OPTIMAL
128.78787878787878,129.2929292929293,212,2530.0,0.0,4008.0808080808083,-1478.0808080808083,OPTIMAL
128.78787878787878,131.31313131313132,212,2530.0,0.0,4070.707070707071,-1540.7070707070711,OPTIMAL
128.78787878787878,133.33333333333334,212,2530.0,0.0,4133.333333333334,-1603.333333333334,OPTIMAL
128.78787878787878,135.35353535353536,212,2530.0,0.0,4195.959595959596,-1665.9595959595963,OPTIMAL
128.78787878787878,137.37373737373738,212,2530.0,0.0,4258.585858585859,-1728.5858585858587,OPTIMAL
128.78787878787878,139.3939393939394,212,2530.0,0.0,4321.212121212122,-1791.212121212122,OPTIMAL
131.8181818181818,40.40404040404041,237,420.0,0.0,242.42424242424244,177.57575757575756,OPTIMAL
131.8181818181818,42.42424242424243,237,420.0,0.0,254.54545454545456,165.45454545454544,OPTIMAL
131.8181818181818,44.44444444444445,237,420.0,0.0,266.6666666666667,153.33333333333331,OPTIMAL
131.8181818181818,46.46464646464647,237,420.0,0.0,278.7878787878788,141.2121212121212,OPTIMAL
131.8181818181818,48.484848484848484,237,420.0,0.0,290.9090909090909,129.09090909090912,OPTIMAL
131.8181818181818,50.505050505050505,237,420.0,0.0,303.030303030303,116.969696969697,OPTIMAL
131.8181818181818,52.525252525252526,237,420.0,0.0,315.1515151515151,104.84848484848487,OPTIMAL
131.8181818181818,54.54545454545455,237,420.0,0.0,327.27272727272725,92.72727272727275,OPTIMAL
131.8181818181818,56.56565656565657,237,420.0,0.0,339.3939393939394,80.60606060606062,OPTIMAL
131.8181818181818,58.58585858585859,237,420.0,0.0,351.5151515151515,68.4848484848485,OPTIMAL
133.33333333333334,0.0,243,180.0,0.0,0.0,180.0,OPTIMAL
133.33333333333334,2.0202020202020203,243,180.0,0.0,0.0,180.0,OPTIMAL
133.33333333333334,4.040404040404041,243,180.0,0.0,0.0,180.0,OPTIMAL
133.33333333333334,6.0606060606060606,243,180.0,0.0,0.0,180.0,OPTIMAL
133.33333333333334,8.080808080808081,243,180.0,0.0,0.0,180.0,OPTIMAL
133.33333333333334,10.101010101010102,243,180.0,0.0,0.0,180.0,OPTIMAL
133.33333333333334,12.121212121212121,243,180.0,0.0,0.0,180.0,OPTIMAL
133.33333333333334,14.141414141414142,243,180.0,0.0,0.0,180.0,OPTIMAL
133.33333333333334,16.161616161616163,243,180.0,0.0,0.0,180.0,OPTIMAL
133.33333333333334,18.181818181818183,243,180.0,0.0,0.0,180.0,OPTIMAL
130.3030303030303,121.21212121212122,212,2530.0,0.0,3757.575757575758,-1227.575757575758,OPTIMAL
130.3030303030303,123.23232323232324,212,2530.0,0.0,3820.2020202020203,-1290.2020202020203,OPTIMAL
130.3030303030303,125.25252525252526,212,2530.0,0.0,3882.828282828283,-1352.8282828282831,OPTIMAL
130.3030303030303,127.27272727272728,212,2530.0,0.0,3945.4545454545455,-1415.4545454545455,OPTIMAL
130.3030303030303,129.2929292929293,212,2530.0,0.0,4008.0808080808083,-1478.0808080808083,OPTIMAL
130.3030303030303,131.31313131313132,212,2530.0,0.0,4070.707070707071,-1540.7070707070711,OPTIMAL
130.3030303030303,133.33333333333334,212,2530.0,0.0,4133.333333333334,-1603.333333333334,OPTIMAL
130.3030303030303,135.35353535353536,212,2530.0,0.0,4195.959595959596,-1665.9595959595963,OPTIMAL
130.3030303030303,137.37373737373738,212,2530.0,0.0,4258.585858585859,-1728.5858585858587,OPTIMAL
130.3030303030303,139.3939393939394,212,2530.0,0.0,4321.212121212122,-1791.212121212122,OPTIMAL
131.8181818181818,80.80808080808082,222,1530.0,0.0,1696.9696969696972,-166.96969696969722,OPTIMAL
131.8181818181818,82.82828282828284,222,1530.0,0.0,1739.3939393939395,-209.3939393939395,OPTIMAL
131.8181818181818,84.84848484848486,222,1530.0,0.0,1781.818181818182,-251.81818181818198,OPTIMAL
131.8181818181818,86.86868686868688,222,1530.0,0.0,1824.2424242424245,-294.2424242424245,OPTIMAL
131.8181818181818,88.8888888888889,222,1530.0,0.0,1866.666666666667,-336.66666666666697,OPTIMAL
131.8181818181818,90.90909090909092,217,1980.0,0.0,2363.636363636364,-383.63636363636397,OPTIMAL
131.8181818181818,92.92929292929294,217,1980.0,0.0,2416.1616161616166,-436.1616161616166,OPTIMAL
131.8181818181818,94.94949494949496,217,1980.0,0.0,2468.686868686869,-488.6868686868688,OPTIMAL
131.8181818181818,96.96969696969697,217,1980.0,0.0,2521.212121212121,-541.212121212121,OPTIMAL
131.8181818181818,98.98989898989899,217,1980.0,0.0,2573.7373737373737,-593.7373737373737,OPTIMAL
133.33333333333334,20.202020202020204,243,180.0,0.0,0.0,180.0,OPTIMAL
133.33333333333334,22.222222222222225,243,180.0,0.0,0.0,180.0,OPTIMAL
133.33333333333334,24.242424242424242,243,180.0,0.0,0.0,180.0,OPTIMAL
133.33333333333334,26.262626262626263,243,180.0,0.0,0.0,180.0,OPTIMAL
133.33333333333334,28.282828282828284,243,180.0,0.0,0.0,180.0,OPTIMAL
133.33333333333334,30.303030303030305,243,180.0,0.0,0.0,180.0,OPTIMAL
133.33333333333334,32.323232323232325,243,180.0,0.0,0.0,180.0,OPTIMAL
133.33333333333334,34.343434343434346,243,180.0,0.0,0.0,180.0,OPTIMAL
133.33333333333334,36.36363636363637,243,180.0,0.0,0.0,180.0,OPTIMAL
133.33333333333334,38.38383838383839,243,180.0,0.0,0.0,180.0,OPTIMAL
133.33333333333334,40.40404040404041,237,420.0,0.0,242.42424242424244,177.57575757575756,OPTIMAL
133.33333333333334,42.42424242424243,237,420.0,0.0,254.54545454545456,165.45454545454544,OPTIMAL
133.33333333333334,44.44444444444445,237,420.0,0.0,266.6666666666667,153.33333333333331,OPTIMAL
133.33333333333334,46.46464646464647,237,420.0,0.0,278.7878787878788,141.2121212121212,OPTIMAL
133.33333333333334,48.484848484848484,237,420.0,0.0,290.9090909090909,129.09090909090912,OPTIMAL
133.33333333333334,50.505050505050505,237,420.0,0.0,303.030303030303,116.969696969697,OPTIMAL
133.33333333333334,52.525252525252526,237,420.0,0.0,315.1515151515151,104.84848484848487,OPTIMAL
133.33333333333334,54.54545454545455,237,420.0,0.0,327.27272727272725,92.72727272727275,OPTIMAL
133.33333333333334,56.56565656565657,237,420.0,0.0,339.3939393939394,80.60606060606062,OPTIMAL
133.33333333333334,58.58585858585859,237,420.0,0.0,351.5151515151515,68.4848484848485,OPTIMAL
133.33333333333334,60.60606060606061,234,600.0,0.0,545.4545454545455,54.545454545454504,OPTIMAL
133.33333333333334,62.62626262626263,234,600.0,0.0,563.6363636363636,36.363636363636374,OPTIMAL
133.33333333333334,64.64646464646465,234,600.0,0.0,581.8181818181819,18.18181818181813,OPTIMAL
133.33333333333334,66.66666666666667,234,600.0,0.0,600.0,0.0,OPTIMAL
133.33333333333334,68.68686868686869,234,600.0,0.0,618.1818181818182,-18.181818181818244,OPTIMAL
133.33333333333334,70.70707070707071,231,810.0,0.0,848.4848484848485,-38.4848484848485,OPTIMAL
133.33333333333334,72.72727272727273,231,810.0,0.0,872.7272727272727,-62.72727272727275,OPTIMAL
133.33333333333334,74.74747474747475,231,810.0,0.0,896.969696969697,-86.969696969697,OPTIMAL
133.33333333333334,76.76767676767678,231,810.0,0.0,921.2121212121212,-111.21212121212125,OPTIMAL
133.33333333333334,78.7878787878788,231,810.0,0.0,945.4545454545455,-135.4545454545455,OPTIMAL
130.3030303030303,141.41414141414143,212,2530.0,0.0,4383.838383838384,-1853.8383838383843,OPTIMAL
130.3030303030303,143.43434343434345,212,2530.0,0.0,4446.464646464647,-1916.4646464646466,OPTIMAL
130.3030303030303,145.45454545454547,212,2530.0,0.0,4509.09090909091,-1979.09090909091,OPTIMAL
130.3030303030303,147.4747474747475,212,2530.0,0.0,4571.717171717172,-2041.7171717171723,OPTIMAL
130.3030303030303,149.4949494949495,212,2530.0,0.0,4634.343434343435,-2104.3434343434346,OPTIMAL
130.3030303030303,151.51515151515153,212,2530.0,0.0,4696.969696969697,-2166.969696969697,OPTIMAL
130.3030303030303,153.53535353535355,212,2530.0,0.0,4759.59595959596,-2229.5959595959603,OPTIMAL
130.3030303030303,155.55555555555557,212,2530.0,0.0,4822.222222222223,-2292.2222222222226,OPTIMAL
130.3030303030303,157.5757575757576,212,2530.0,0.0,4884.848484848485,-2354.848484848485,OPTIMAL
130.3030303030303,159.5959595959596,212,2530.0,0.0,4947.474747474748,-2417.4747474747483,OPTIMAL
134.84848484848484,0.0,243,180.0,0.0,0.0,180.0,OPTIMAL
134.84848484848484,2.0202020202020203,243,180.0,0.0,0.0,180.0,OPTIMAL
134.84848484848484,4.040404040404041,243,180.0,0.0,0.0,180.0,OPTIMAL
134.84848484848484,6.0606060606060606,243,180.0,0.0,0.0,180.0,OPTIMAL
134.84848484848484,8.080808080808081,243,180.0,0.0,0.0,180.0,OPTIMAL
134.84848484848484,10.101010101010102,243,180.0,0.0,0.0,180.0,OPTIMAL
134.84848484848484,12.121212121212121,243,180.0,0.0,0.0,180.0,OPTIMAL
134.84848484848484,14.141414141414142,243,180.0,0.0,0.0,180.0,OPTIMAL
134.84848484848484,16.161616161616163,243,180.0,0.0,0.0,180.0,OPTIMAL
134.84848484848484,18.181818181818183,243,180.0,0.0,0.0,180.0,OPTIMAL
130.3030303030303,161.61616161616163,212,2530.0,0.0,5010.101010101011,-2480.1010101010106,OPTIMAL
130.3030303030303,163.63636363636365,212,2530.0,0.0,5072.727272727273,-2542.727272727273,OPTIMAL
130.3030303030303,165.65656565656568,212,2530.0,0.0,5135.353535353536,-2605.3535353535362,OPTIMAL
130.3030303030303,167.6767676767677,212,2530.0,0.0,5197.979797979799,-2667.9797979797986,OPTIMAL
130.3030303030303,169.69696969696972,212,2530.0,0.0,5260.606060606061,-2730.606060606061,OPTIMAL
130.3030303030303,171.71717171717174,212,2530.0,0.0,5323.232323232324,-2793.2323232323242,OPTIMAL
130.3030303030303,173.73737373737376,212,2530.0,0.0,5385.858585858587,-2855.8585858585866,OPTIMAL
130.3030303030303,175.75757575757578,212,2530.0,0.0,5448.484848484849,-2918.484848484849,OPTIMAL
130.3030303030303,177.7777777777778,212,2530.0,0.0,5511.111111111112,-2981.111111111112,OPTIMAL
130.3030303030303,179.79797979797982,212,2530.0,0.0,5573.737373737375,-3043.7373737373746,OPTIMAL
131.8181818181818,101.01010101010101,217,1980.0,0.0,2626.2626262626263,-646.2626262626263,OPTIMAL
131.8181818181818,103.03030303030303,217,1980.0,0.0,2678.787878787879,-698.787878787879,OPTIMAL
131.8181818181818,105.05050505050505,217,1980.0,0.0,2731.313131313131,-751.3131313131312,OPTIMAL
131.8181818181818,107.07070707070707,217,1980.0,0.0,2783.838383838384,-803.8383838383838,OPTIMAL
131.8181818181818,109.0909090909091,217,1980.0,0.0,2836.3636363636365,-856.3636363636365,OPTIMAL
131.8181818181818,111.11111111111111,212,2530.0,0.0,3444.4444444444443,-914.4444444444443,OPTIMAL
131.8181818181818,113.13131313131314,212,2530.0,0.0,3507.070707070707,-977.0707070707072,OPTIMAL
131.8181818181818,115.15151515151516,212,2530.0,0.0,3569.69696969697,-1039.69696969697,OPTIMAL
131.8181818181818,117.17171717171718,212,2530.0,0.0,3632.3232323232323,-1102.3232323232323,OPTIMAL
131.8181818181818,119.1919191919192,212,2530.0,0.0,3694.949494949495,-1164.9494949494951,OPTIMAL
134.84848484848484,20.202020202020204,243,180.0,0.0,0.0,180.0,OPTIMAL
134.84848484848484,22.222222222222225,243,180.0,0.0,0.0,180.0,OPTIMAL
134.84848484848484,24.242424242424242,243,180.0,0.0,0.0,180.0,OPTIMAL
134.84848484848484,26.262626262626263,243,180.0,0.0,0.0,180.0,OPTIMAL
134.84848484848484,28.282828282828284,243,180.0,0.0,0.0,180.0,OPTIMAL
134.84848484848484,30.303030303030305,243,180.0,0.0,0.0,180.0,OPTIMAL
134.84848484848484,32.323232323232325,243,180.0,0.0,0.0,180.0,OPTIMAL
134.84848484848484,34.343434343434346,243,180.0,0.0,0.0,180.0,OPTIMAL
134.84848484848484,36.36363636363637,243,180.0,0.0,0.0,180.0,OPTIMAL
134.84848484848484,38.38383838383839,243,180.0,0.0,0.0,180.0,OPTIMAL
133.33333333333334,80.80808080808082,222,1530.0,0.0,1696.9696969696972,-166.96969696969722,OPTIMAL
133.33333333333334,82.82828282828284,222,1530.0,0.0,1739.3939393939395,-209.3939393939395,OPTIMAL
133.33333333333334,84.84848484848486,222,1530.0,0.0,1781.818181818182,-251.81818181818198,OPTIMAL
133.33333333333334,86.86868686868688,222,1530.0,0.0,1824.2424242424245,-294.2424242424245,OPTIMAL
133.33333333333334,88.8888888888889,222,1530.0,0.0,1866.666666666667,-336.66666666666697,OPTIMAL
133.33333333333334,90.90909090909092,217,1980.0,0.0,2363.636363636364,-383.63636363636397,OPTIMAL
133.33333333333334,92.92929292929294,217,1980.0,0.0,2416.1616161616166,-436.1616161616166,OPTIMAL
133.33333333333334,94.94949494949496,217,1980.0,0.0,2468.686868686869,-488.6868686868688,OPTIMAL
133.33333333333334,96.96969696969697,217,1980.0,0.0,2521.212121212121,-541.212121212121,OPTIMAL
133.33333333333334,98.98989898989899,217,1980.0,0.0,2573.7373737373737,-593.7373737373737,OPTIMAL
130.3030303030303,181.81818181818184,202,4330.0,0.0,7454.545454545456,-3124.545454545456,OPTIMAL
130.3030303030303,183.83838383838386,202,4330.0,0.0,7537.373737373739,-3207.3737373737385,OPTIMAL
130.3030303030303,185.85858585858588,202,4330.0,0.0,7620.202020202021,-3290.2020202020212,OPTIMAL
130.3030303030303,187.8787878787879,202,4330.0,0.0,7703.030303030304,-3373.030303030304,OPTIMAL
130.3030303030303,189.89898989898992,202,4330.0,0.0,7785.858585858587,-3455.8585858585866,OPTIMAL
130.3030303030303,191.91919191919195,202,4330.0,0.0,7868.68686868687,-3538.68686868687,OPTIMAL
130.3030303030303,193.93939393939394,202,4330.0,0.0,7951.515151515151,-3621.515151515151,OPTIMAL
130.3030303030303,195.95959595959596,202,4330.0,0.0,8034.343434343435,-3704.3434343434346,OPTIMAL
130.3030303030303,197.97979797979798,202,4330.0,0.0,8117.171717171717,-3787.1717171717173,OPTIMAL
130.3030303030303,200.0,202,4330.0,0.0,8200.0,-3870.0,OPTIMAL
131.8181818181818,121.21212121212122,212,2530.0,0.0,3757.575757575758,-1227.575757575758,OPTIMAL
131.8181818181818,123.23232323232324,212,2530.0,0.0,3820.2020202020203,-1290.2020202020203,OPTIMAL
131.8181818181818,125.25252525252526,212,2530.0,0.0,3882.828282828283,-1352.8282828282831,OPTIMAL
131.8181818181818,127.27272727272728,212,2530.0,0.0,3945.4545454545455,-1415.4545454545455,OPTIMAL
131.8181818181818,129.2929292929293,212,2530.0,0.0,4008.0808080808083,-1478.0808080808083,OPTIMAL
131.8181818181818,131.31313131313132,212,2530.0,0.0,4070.707070707071,-1540.7070707070711,OPTIMAL
131.8181818181818,133.33333333333334,212,2530.0,0.0,4133.333333333334,-1603.333333333334,OPTIMAL
131.8181818181818,135.35353535353536,212,2530.0,0.0,4195.959595959596,-1665.9595959595963,OPTIMAL
131.8181818181818,137.37373737373738,212,2530.0,0.0,4258.585858585859,-1728.5858585858587,OPTIMAL
131.8181818181818,139.3939393939394,212,2530.0,0.0,4321.212121212122,-1791.212121212122,OPTIMAL
134.84848484848484,40.40404040404041,237,420.0,0.0,242.42424242424244,177.57575757575756,OPTIMAL
134.84848484848484,42.42424242424243,237,420.0,0.0,254.54545454545456,165.45454545454544,OPTIMAL
134.84848484848484,44.44444444444445,237,420.0,0.0,266.6666666666667,153.33333333333331,OPTIMAL
134.84848484848484,46.46464646464647,237,420.0,0.0,278.7878787878788,141.2121212121212,OPTIMAL
134.84848484848484,48.484848484848484,237,420.0,0.0,290.9090909090909,129.09090909090912,OPTIMAL
134.84848484848484,50.505050505050505,237,420.0,0.0,303.030303030303,116.969696969697,OPTIMAL
134.84848484848484,52.525252525252526,237,420.0,0.0,315.1515151515151,104.84848484848487,OPTIMAL
134.84848484848484,54.54545454545455,237,420.0,0.0,327.27272727272725,92.72727272727275,OPTIMAL
134.84848484848484,56.56565656565657,237,420.0,0.0,339.3939393939394,80.60606060606062,OPTIMAL
134.84848484848484,58.58585858585859,237,420.0,0.0,351.5151515151515,68.4848484848485,OPTIMAL
131.8181818181818,161.61616161616163,212,2530.0,0.0,5010.101010101011,-2480.1010101010106,OPTIMAL
131.8181818181818,163.63636363636365,212,2530.0,0.0,5072.727272727273,-2542.727272727273,OPTIMAL
131.8181818181818,165.65656565656568,212,2530.0,0.0,5135.353535353536,-2605.3535353535362,OPTIMAL
131.8181818181818,167.6767676767677,212,2530.0,0.0,5197.979797979799,-2667.9797979797986,OPTIMAL
131.8181818181818,169.69696969696972,212,2530.0,0.0,5260.606060606061,-2730.606060606061,OPTIMAL
131.8181818181818,171.71717171717174,212,2530.0,0.0,5323.232323232324,-2793.2323232323242,OPTIMAL
131.8181818181818,173.73737373737376,212,2530.0,0.0,5385.858585858587,-2855.8585858585866,OPTIMAL
131.8181818181818,175.75757575757578,212,2530.0,0.0,5448.484848484849,-2918.484848484849,OPTIMAL
131.8181818181818,177.7777777777778,212,2530.0,0.0,5511.111111111112,-2981.111111111112,OPTIMAL
131.8181818181818,179.79797979797982,212,2530.0,0.0,5573.737373737375,-3043.7373737373746,OPTIMAL
134.84848484848484,60.60606060606061,234,600.0,0.0,545.4545454545455,54.545454545454504,OPTIMAL
134.84848484848484,62.62626262626263,234,600.0,0.0,563.6363636363636,36.363636363636374,OPTIMAL
134.84848484848484,64.64646464646465,234,600.0,0.0,581.8181818181819,18.18181818181813,OPTIMAL
134.84848484848484,66.66666666666667,234,600.0,0.0,600.0,0.0,OPTIMAL
134.84848484848484,68.68686868686869,234,600.0,0.0,618.1818181818182,-18.181818181818244,OPTIMAL
134.84848484848484,70.70707070707071,231,810.0,0.0,848.4848484848485,-38.4848484848485,OPTIMAL
134.84848484848484,72.72727272727273,231,810.0,0.0,872.7272727272727,-62.72727272727275,OPTIMAL
134.84848484848484,74.74747474747475,231,810.0,0.0,896.969696969697,-86.969696969697,OPTIMAL
134.84848484848484,76.76767676767678,231,810.0,0.0,921.2121212121212,-111.21212121212125,OPTIMAL
134.84848484848484,78.7878787878788,231,810.0,0.0,945.4545454545455,-135.4545454545455,OPTIMAL
131.8181818181818,141.41414141414143,212,2530.0,0.0,4383.838383838384,-1853.8383838383843,OPTIMAL
131.8181818181818,143.43434343434345,212,2530.0,0.0,4446.464646464647,-1916.4646464646466,OPTIMAL
131.8181818181818,145.45454545454547,212,2530.0,0.0,4509.09090909091,-1979.09090909091,OPTIMAL
131.8181818181818,147.4747474747475,212,2530.0,0.0,4571.717171717172,-2041.7171717171723,OPTIMAL
131.8181818181818,149.4949494949495,212,2530.0,0.0,4634.343434343435,-2104.3434343434346,OPTIMAL
131.8181818181818,151.51515151515153,212,2530.0,0.0,4696.969696969697,-2166.969696969697,OPTIMAL
131.8181818181818,153.53535353535355,212,2530.0,0.0,4759.59595959596,-2229.5959595959603,OPTIMAL
131.8181818181818,155.55555555555557,212,2530.0,0.0,4822.222222222223,-2292.2222222222226,OPTIMAL
131.8181818181818,157.5757575757576,212,2530.0,0.0,4884.848484848485,-2354.848484848485,OPTIMAL
131.8181818181818,159.5959595959596,212,2530.0,0.0,4947.474747474748,-2417.4747474747483,OPTIMAL
133.33333333333334,101.01010101010101,217,1980.0,0.0,2626.2626262626263,-646.2626262626263,OPTIMAL
133.33333333333334,103.03030303030303,217,1980.0,0.0,2678.787878787879,-698.787878787879,OPTIMAL
133.33333333333334,105.05050505050505,217,1980.0,0.0,2731.313131313131,-751.3131313131312,OPTIMAL
133.33333333333334,107.07070707070707,217,1980.0,0.0,2783.838383838384,-803.8383838383838,OPTIMAL
133.33333333333334,109.0909090909091,217,1980.0,0.0,2836.3636363636365,-856.3636363636365,OPTIMAL
133.33333333333334,111.11111111111111,212,2530.0,0.0,3444.4444444444443,-914.4444444444443,OPTIMAL
133.33333333333334,113.13131313131314,212,2530.0,0.0,3507.070707070707,-977.0707070707072,OPTIMAL
133.33333333333334,115.15151515151516,212,2530.0,0.0,3569.69696969697,-1039.69696969697,OPTIMAL
133.33333333333334,117.17171717171718,212,2530.0,0.0,3632.3232323232323,-1102.3232323232323,OPTIMAL
133.33333333333334,119.1919191919192,212,2530.0,0.0,3694.949494949495,-1164.9494949494951,OPTIMAL
136.36363636363637,0.0,243,180.0,0.0,0.0,180.0,OPTIMAL
136.36363636363637,2.0202020202020203,243,180.0,0.0,0.0,180.0,OPTIMAL
136.36363636363637,4.040404040404041,243,180.0,0.0,0.0,180.0,OPTIMAL
136.36363636363637,6.0606060606060606,243,180.0,0.0,0.0,180.0,OPTIMAL
136.36363636363637,8.080808080808081,243,180.0,0.0,0.0,180.0,OPTIMAL
136.36363636363637,10.101010101010102,243,180.0,0.0,0.0,180.0,OPTIMAL
136.36363636363637,12.121212121212121,243,180.0,0.0,0.0,180.0,OPTIMAL
136.36363636363637,14.141414141414142,243,180.0,0.0,0.0,180.0,OPTIMAL
136.36363636363637,16.161616161616163,243,180.0,0.0,0.0,180.0,OPTIMAL
136.36363636363637,18.181818181818183,243,180.0,0.0,0.0,180.0,OPTIMAL
131.8181818181818,181.81818181818184,202,4330.0,0.0,7454.545454545456,-3124.545454545456,OPTIMAL
131.8181818181818,183.83838383838386,202,4330.0,0.0,7537.373737373739,-3207.3737373737385,OPTIMAL
131.8181818181818,185.85858585858588,202,4330.0,0.0,7620.202020202021,-3290.2020202020212,OPTIMAL
131.8181818181818,187.8787878787879,202,4330.0,0.0,7703.030303030304,-3373.030303030304,OPTIMAL
131.8181818181818,189.89898989898992,202,4330.0,0.0,7785.858585858587,-3455.8585858585866,OPTIMAL
131.8181818181818,191.91919191919195,202,4330.0,0.0,7868.68686868687,-3538.68686868687,OPTIMAL
131.8181818181818,193.93939393939394,202,4330.0,0.0,7951.515151515151,-3621.515151515151,OPTIMAL
131.8181818181818,195.95959595959596,202,4330.0,0.0,8034.343434343435,-3704.3434343434346,OPTIMAL
131.8181818181818,197.97979797979798,202,4330.0,0.0,8117.171717171717,-3787.1717171717173,OPTIMAL
131.8181818181818,200.0,202,4330.0,0.0,8200.0,-3870.0,OPTIMAL
136.36363636363637,20.202020202020204,243,180.0,0.0,0.0,180.0,OPTIMAL
136.36363636363637,22.222222222222225,243,180.0,0.0,0.0,180.0,OPTIMAL
136.36363636363637,24.242424242424242,243,180.0,0.0,0.0,180.0,OPTIMAL
136.36363636363637,26.262626262626263,243,180.0,0.0,0.0,180.0,OPTIMAL
136.36363636363637,28.282828282828284,243,180.0,0.0,0.0,180.0,OPTIMAL
136.36363636363637,30.303030303030305,243,180.0,0.0,0.0,180.0,OPTIMAL
136.36363636363637,32.323232323232325,243,180.0,0.0,0.0,180.0,OPTIMAL
136.36363636363637,34.343434343434346,243,180.0,0.0,0.0,180.0,OPTIMAL
136.36363636363637,36.36363636363637,243,180.0,0.0,0.0,180.0,OPTIMAL
136.36363636363637,38.38383838383839,243,180.0,0.0,0.0,180.0,OPTIMAL
134.84848484848484,80.80808080808082,222,1530.0,0.0,1696.9696969696972,-166.96969696969722,OPTIMAL
134.84848484848484,82.82828282828284,222,1530.0,0.0,1739.3939393939395,-209.3939393939395,OPTIMAL
134.84848484848484,84.84848484848486,222,1530.0,0.0,1781.818181818182,-251.81818181818198,OPTIMAL
134.84848484848484,86.86868686868688,222,1530.0,0.0,1824.2424242424245,-294.2424242424245,OPTIMAL
134.84848484848484,88.8888888888889,222,1530.0,0.0,1866.666666666667,-336.66666666666697,OPTIMAL
134.84848484848484,90.90909090909092,217,1980.0,0.0,2363.636363636364,-383.63636363636397,OPTIMAL
134.84848484848484,92.92929292929294,217,1980.0,0.0,2416.1616161616166,-436.1616161616166,OPTIMAL
134.84848484848484,94.94949494949496,217,1980.0,0.0,2468.686868686869,-488.6868686868688,OPTIMAL
134.84848484848484,96.96969696969697,217,1980.0,0.0,2521.212121212121,-541.212121212121,OPTIMAL
134.84848484848484,98.98989898989899,217,1980.0,0.0,2573.7373737373737,-593.7373737373737,OPTIMAL
133.33333333333334,121.21212121212122,212,2530.0,0.0,3757.575757575758,-1227.575757575758,OPTIMAL
133.33333333333334,123.23232323232324,212,2530.0,0.0,3820.2020202020203,-1290.2020202020203,OPTIMAL
133.33333333333334,125.25252525252526,212,2530.0,0.0,3882.828282828283,-1352.8282828282831,OPTIMAL
133.33333333333334,127.27272727272728,212,2530.0,0.0,3945.4545454545455,-1415.4545454545455,OPTIMAL
133.33333333333334,129.2929292929293,212,2530.0,0.0,4008.0808080808083,-1478.0808080808083,OPTIMAL
133.33333333333334,131.31313131313132,212,2530.0,0.0,4070.707070707071,-1540.7070707070711,OPTIMAL
133.33333333333334,133.33333333333334,212,2530.0,0.0,4133.333333333334,-1603.333333333334,OPTIMAL
133.33333333333334,135.35353535353536,212,2530.0,0.0,4195.959595959596,-1665.9595959595963,OPTIMAL
133.33333333333334,137.37373737373738,212,2530.0,0.0,4258.585858585859,-1728.5858585858587,OPTIMAL
133.33333333333334,139.3939393939394,212,2530.0,0.0,4321.212121212122,-1791.212121212122,OPTIMAL
136.36363636363637,40.40404040404041,237,420.0,0.0,242.42424242424244,177.57575757575756,OPTIMAL
136.36363636363637,42.42424242424243,237,420.0,0.0,254.54545454545456,165.45454545454544,OPTIMAL
136.36363636363637,44.44444444444445,237,420.0,0.0,266.6666666666667,153.33333333333331,OPTIMAL
136.36363636363637,46.46464646464647,237,420.0,0.0,278.7878787878788,141.2121212121212,OPTIMAL
136.36363636363637,48.484848484848484,237,420.0,0.0,290.9090909090909,129.09090909090912,OPTIMAL
136.36363636363637,50.505050505050505,237,420.0,0.0,303.030303030303,116.969696969697,OPTIMAL
136.36363636363637,52.525252525252526,237,420.0,0.0,315.1515151515151,104.84848484848487,OPTIMAL
136.36363636363637,54.54545454545455,237,420.0,0.0,327.27272727272725,92.72727272727275,OPTIMAL
136.36363636363637,56.56565656565657,237,420.0,0.0,339.3939393939394,80.60606060606062,OPTIMAL
136.36363636363637,58.58585858585859,237,420.0,0.0,351.5151515151515,68.4848484848485,OPTIMAL
134.84848484848484,101.01010101010101,217,1980.0,0.0,2626.2626262626263,-646.2626262626263,OPTIMAL
134.84848484848484,103.03030303030303,217,1980.0,0.0,2678.787878787879,-698.787878787879,OPTIMAL
134.84848484848484,105.05050505050505,217,1980.0,0.0,2731.313131313131,-751.3131313131312,OPTIMAL
134.84848484848484,107.07070707070707,217,1980.0,0.0,2783.838383838384,-803.8383838383838,OPTIMAL
134.84848484848484,109.0909090909091,217,1980.0,0.0,2836.3636363636365,-856.3636363636365,OPTIMAL
134.84848484848484,111.11111111111111,212,2530.0,0.0,3444.4444444444443,-914.4444444444443,OPTIMAL
134.84848484848484,113.13131313131314,212,2530.0,0.0,3507.070707070707,-977.0707070707072,OPTIMAL
134.84848484848484,115.15151515151516,212,2530.0,0.0,3569.69696969697,-1039.69696969697,OPTIMAL
134.84848484848484,117.17171717171718,212,2530.0,0.0,3632.3232323232323,-1102.3232323232323,OPTIMAL
134.84848484848484,119.1919191919192,212,2530.0,0.0,3694.949494949495,-1164.9494949494951,OPTIMAL
136.36363636363637,60.60606060606061,234,600.0,0.0,545.4545454545455,54.545454545454504,OPTIMAL
136.36363636363637,62.62626262626263,234,600.0,0.0,563.6363636363636,36.363636363636374,OPTIMAL
136.36363636363637,64.64646464646465,234,600.0,0.0,581.8181818181819,18.18181818181813,OPTIMAL
136.36363636363637,66.66666666666667,234,600.0,0.0,600.0,0.0,OPTIMAL
136.36363636363637,68.68686868686869,234,600.0,0.0,618.1818181818182,-18.181818181818244,OPTIMAL
136.36363636363637,70.70707070707071,231,810.0,0.0,848.4848484848485,-38.4848484848485,OPTIMAL
136.36363636363637,72.72727272727273,231,810.0,0.0,872.7272727272727,-62.72727272727275,OPTIMAL
136.36363636363637,74.74747474747475,231,810.0,0.0,896.969696969697,-86.969696969697,OPTIMAL
136.36363636363637,76.76767676767678,231,810.0,0.0,921.2121212121212,-111.21212121212125,OPTIMAL
136.36363636363637,78.7878787878788,231,810.0,0.0,945.4545454545455,-135.4545454545455,OPTIMAL
133.33333333333334,161.61616161616163,212,2530.0,0.0,5010.101010101011,-2480.1010101010106,OPTIMAL
133.33333333333334,163.63636363636365,212,2530.0,0.0,5072.727272727273,-2542.727272727273,OPTIMAL
133.33333333333334,165.65656565656568,212,2530.0,0.0,5135.353535353536,-2605.3535353535362,OPTIMAL
133.33333333333334,167.6767676767677,212,2530.0,0.0,5197.979797979799,-2667.9797979797986,OPTIMAL
133.33333333333334,169.69696969696972,212,2530.0,0.0,5260.606060606061,-2730.606060606061,OPTIMAL
133.33333333333334,171.71717171717174,212,2530.0,0.0,5323.232323232324,-2793.2323232323242,OPTIMAL
133.33333333333334,173.73737373737376,212,2530.0,0.0,5385.858585858587,-2855.8585858585866,OPTIMAL
133.33333333333334,175.75757575757578,212,2530.0,0.0,5448.484848484849,-2918.484848484849,OPTIMAL
133.33333333333334,177.7777777777778,212,2530.0,0.0,5511.111111111112,-2981.111111111112,OPTIMAL
133.33333333333334,179.79797979797982,212,2530.0,0.0,5573.737373737375,-3043.7373737373746,OPTIMAL
133.33333333333334,141.41414141414143,212,2530.0,0.0,4383.838383838384,-1853.8383838383843,OPTIMAL
133.33333333333334,143.43434343434345,212,2530.0,0.0,4446.464646464647,-1916.4646464646466,OPTIMAL
133.33333333333334,145.45454545454547,212,2530.0,0.0,4509.09090909091,-1979.09090909091,OPTIMAL
133.33333333333334,147.4747474747475,212,2530.0,0.0,4571.717171717172,-2041.7171717171723,OPTIMAL
133.33333333333334,149.4949494949495,212,2530.0,0.0,4634.343434343435,-2104.3434343434346,OPTIMAL
133.33333333333334,151.51515151515153,212,2530.0,0.0,4696.969696969697,-2166.969696969697,OPTIMAL
133.33333333333334,153.53535353535355,212,2530.0,0.0,4759.59595959596,-2229.5959595959603,OPTIMAL
133.33333333333334,155.55555555555557,212,2530.0,0.0,4822.222222222223,-2292.2222222222226,OPTIMAL
133.33333333333334,157.5757575757576,212,2530.0,0.0,4884.848484848485,-2354.848484848485,OPTIMAL
133.33333333333334,159.5959595959596,212,2530.0,0.0,4947.474747474748,-2417.4747474747483,OPTIMAL
133.33333333333334,181.81818181818184,202,4330.0,0.0,7454.545454545456,-3124.545454545456,OPTIMAL
133.33333333333334,183.83838383838386,202,4330.0,0.0,7537.373737373739,-3207.3737373737385,OPTIMAL
133.33333333333334,185.85858585858588,202,4330.0,0.0,7620.202020202021,-3290.2020202020212,OPTIMAL
133.33333333333334,187.8787878787879,202,4330.0,0.0,7703.030303030304,-3373.030303030304,OPTIMAL
133.33333333333334,189.89898989898992,202,4330.0,0.0,7785.858585858587,-3455.8585858585866,OPTIMAL
133.33333333333334,191.91919191919195,202,4330.0,0.0,7868.68686868687,-3538.68686868687,OPTIMAL
133.33333333333334,193.93939393939394,202,4330.0,0.0,7951.515151515151,-3621.515151515151,OPTIMAL
133.33333333333334,195.95959595959596,202,4330.0,0.0,8034.343434343435,-3704.3434343434346,OPTIMAL
133.33333333333334,197.97979797979798,202,4330.0,0.0,8117.171717171717,-3787.1717171717173,OPTIMAL
133.33333333333334,200.0,202,4330.0,0.0,8200.0,-3870.0,OPTIMAL
137.87878787878788,0.0,243,180.0,0.0,0.0,180.0,OPTIMAL
137.87878787878788,2.0202020202020203,243,180.0,0.0,0.0,180.0,OPTIMAL
137.87878787878788,4.040404040404041,243,180.0,0.0,0.0,180.0,OPTIMAL
137.87878787878788,6.0606060606060606,243,180.0,0.0,0.0,180.0,OPTIMAL
137.87878787878788,8.080808080808081,243,180.0,0.0,0.0,180.0,OPTIMAL
137.87878787878788,10.101010101010102,243,180.0,0.0,0.0,180.0,OPTIMAL
137.87878787878788,12.121212121212121,243,180.0,0.0,0.0,180.0,OPTIMAL
137.87878787878788,14.141414141414142,243,180.0,0.0,0.0,180.0,OPTIMAL
137.87878787878788,16.161616161616163,243,180.0,0.0,0.0,180.0,OPTIMAL
137.87878787878788,18.181818181818183,243,180.0,0.0,0.0,180.0,OPTIMAL
137.87878787878788,20.202020202020204,243,180.0,0.0,0.0,180.0,OPTIMAL
137.87878787878788,22.222222222222225,243,180.0,0.0,0.0,180.0,OPTIMAL
137.87878787878788,24.242424242424242,243,180.0,0.0,0.0,180.0,OPTIMAL
137.87878787878788,26.262626262626263,243,180.0,0.0,0.0,180.0,OPTIMAL
137.87878787878788,28.282828282828284,243,180.0,0.0,0.0,180.0,OPTIMAL
137.87878787878788,30.303030303030305,243,180.0,0.0,0.0,180.0,OPTIMAL
137.87878787878788,32.323232323232325,243,180.0,0.0,0.0,180.0,OPTIMAL
137.87878787878788,34.343434343434346,243,180.0,0.0,0.0,180.0,OPTIMAL
137.87878787878788,36.36363636363637,243,180.0,0.0,0.0,180.0,OPTIMAL
137.87878787878788,38.38383838383839,243,180.0,0.0,0.0,180.0,OPTIMAL
134.84848484848484,141.41414141414143,212,2530.0,0.0,4383.838383838384,-1853.8383838383843,OPTIMAL
134.84848484848484,143.43434343434345,212,2530.0,0.0,4446.464646464647,-1916.4646464646466,OPTIMAL
134.84848484848484,145.45454545454547,212,2530.0,0.0,4509.09090909091,-1979.09090909091,OPTIMAL
134.84848484848484,147.4747474747475,212,2530.0,0.0,4571.717171717172,-2041.7171717171723,OPTIMAL
134.84848484848484,149.4949494949495,212,2530.0,0.0,4634.343434343435,-2104.3434343434346,OPTIMAL
134.84848484848484,151.51515151515153,212,2530.0,0.0,4696.969696969697,-2166.969696969697,OPTIMAL
134.84848484848484,153.53535353535355,212,2530.0,0.0,4759.59595959596,-2229.5959595959603,OPTIMAL
134.84848484848484,155.55555555555557,212,2530.0,0.0,4822.222222222223,-2292.2222222222226,OPTIMAL
134.84848484848484,157.5757575757576,212,2530.0,0.0,4884.848484848485,-2354.848484848485,OPTIMAL
134.84848484848484,159.5959595959596,212,2530.0,0.0,4947.474747474748,-2417.4747474747483,OPTIMAL
136.36363636363637,80.80808080808082,222,1530.0,0.0,1696.9696969696972,-166.96969696969722,OPTIMAL
136.36363636363637,82.82828282828284,222,1530.0,0.0,1739.3939393939395,-209.3939393939395,OPTIMAL
136.36363636363637,84.84848484848486,222,1530.0,0.0,1781.818181818182,-251.81818181818198,OPTIMAL
136.36363636363637,86.86868686868688,222,1530.0,0.0,1824.2424242424245,-294.2424242424245,OPTIMAL
136.36363636363637,88.8888888888889,222,1530.0,0.0,1866.666666666667,-336.66666666666697,OPTIMAL
136.36363636363637,90.90909090909092,217,1980.0,0.0,2363.636363636364,-383.63636363636397,OPTIMAL
136.36363636363637,92.92929292929294,217,1980.0,0.0,2416.1616161616166,-436.1616161616166,OPTIMAL
136.36363636363637,94.94949494949496,217,1980.0,0.0,2468.686868686869,-488.6868686868688,OPTIMAL
136.36363636363637,96.96969696969697,217,1980.0,0.0,2521.212121212121,-541.212121212121,OPTIMAL
136.36363636363637,98.98989898989899,217,1980.0,0.0,2573.7373737373737,-593.7373737373737,OPTIMAL
134.84848484848484,121.21212121212122,212,2530.0,0.0,3757.575757575758,-1227.575757575758,OPTIMAL
134.84848484848484,123.23232323232324,212,2530.0,0.0,3820.2020202020203,-1290.2020202020203,OPTIMAL
134.84848484848484,125.25252525252526,212,2530.0,0.0,3882.828282828283,-1352.8282828282831,OPTIMAL
134.84848484848484,127.27272727272728,212,2530.0,0.0,3945.4545454545455,-1415.4545454545455,OPTIMAL
134.84848484848484,129.2929292929293,212,2530.0,0.0,4008.0808080808083,-1478.0808080808083,OPTIMAL
134.84848484848484,131.31313131313132,212,2530.0,0.0,4070.707070707071,-1540.7070707070711,OPTIMAL
134.84848484848484,133.33333333333334,212,2530.0,0.0,4133.333333333334,-1603.333333333334,OPTIMAL
134.84848484848484,135.35353535353536,212,2530.0,0.0,4195.959595959596,-1665.9595959595963,OPTIMAL
134.84848484848484,137.37373737373738,212,2530.0,0.0,4258.585858585859,-1728.5858585858587,OPTIMAL
134.84848484848484,139.3939393939394,212,2530.0,0.0,4321.212121212122,-1791.212121212122,OPTIMAL
134.84848484848484,181.81818181818184,202,4330.0,0.0,7454.545454545456,-3124.545454545456,OPTIMAL
134.84848484848484,183.83838383838386,202,4330.0,0.0,7537.373737373739,-3207.3737373737385,OPTIMAL
134.84848484848484,185.85858585858588,202,4330.0,0.0,7620.202020202021,-3290.2020202020212,OPTIMAL
134.84848484848484,187.8787878787879,202,4330.0,0.0,7703.030303030304,-3373.030303030304,OPTIMAL
134.84848484848484,189.89898989898992,202,4330.0,0.0,7785.858585858587,-3455.8585858585866,OPTIMAL
134.84848484848484,191.91919191919195,202,4330.0,0.0,7868.68686868687,-3538.68686868687,OPTIMAL
134.84848484848484,193.93939393939394,202,4330.0,0.0,7951.515151515151,-3621.515151515151,OPTIMAL
134.84848484848484,195.95959595959596,202,4330.0,0.0,8034.343434343435,-3704.3434343434346,OPTIMAL
134.84848484848484,197.97979797979798,202,4330.0,0.0,8117.171717171717,-3787.1717171717173,OPTIMAL
134.84848484848484,200.0,202,4330.0,0.0,8200.0,-3870.0,OPTIMAL
137.87878787878788,40.40404040404041,237,420.0,0.0,242.42424242424244,177.57575757575756,OPTIMAL
137.87878787878788,42.42424242424243,237,420.0,0.0,254.54545454545456,165.45454545454544,OPTIMAL
137.87878787878788,44.44444444444445,237,420.0,0.0,266.6666666666667,153.33333333333331,OPTIMAL
137.87878787878788,46.46464646464647,237,420.0,0.0,278.7878787878788,141.2121212121212,OPTIMAL
137.87878787878788,48.484848484848484,237,420.0,0.0,290.9090909090909,129.09090909090912,OPTIMAL
137.87878787878788,50.505050505050505,237,420.0,0.0,303.030303030303,116.969696969697,OPTIMAL
137.87878787878788,52.525252525252526,237,420.0,0.0,315.1515151515151,104.84848484848487,OPTIMAL
137.87878787878788,54.54545454545455,237,420.0,0.0,327.27272727272725,92.72727272727275,OPTIMAL
137.87878787878788,56.56565656565657,237,420.0,0.0,339.3939393939394,80.60606060606062,OPTIMAL
137.87878787878788,58.58585858585859,237,420.0,0.0,351.5151515151515,68.4848484848485,OPTIMAL
134.84848484848484,161.61616161616163,212,2530.0,0.0,5010.101010101011,-2480.1010101010106,OPTIMAL
134.84848484848484,163.63636363636365,212,2530.0,0.0,5072.727272727273,-2542.727272727273,OPTIMAL
134.84848484848484,165.65656565656568,212,2530.0,0.0,5135.353535353536,-2605.3535353535362,OPTIMAL
134.84848484848484,167.6767676767677,212,2530.0,0.0,5197.979797979799,-2667.9797979797986,OPTIMAL
134.84848484848484,169.69696969696972,212,2530.0,0.0,5260.606060606061,-2730.606060606061,OPTIMAL
134.84848484848484,171.71717171717174,212,2530.0,0.0,5323.232323232324,-2793.2323232323242,OPTIMAL
134.84848484848484,173.73737373737376,212,2530.0,0.0,5385.858585858587,-2855.8585858585866,OPTIMAL
134.84848484848484,175.75757575757578,212,2530.0,0.0,5448.484848484849,-2918.484848484849,OPTIMAL
134.84848484848484,177.7777777777778,212,2530.0,0.0,5511.111111111112,-2981.111111111112,OPTIMAL
134.84848484848484,179.79797979797982,212,2530.0,0.0,5573.737373737375,-3043.7373737373746,OPTIMAL
137.87878787878788,60.60606060606061,234,600.0,0.0,545.4545454545455,54.545454545454504,OPTIMAL
137.87878787878788,62.62626262626263,234,600.0,0.0,563.6363636363636,36.363636363636374,OPTIMAL
137.87878787878788,64.64646464646465,234,600.0,0.0,581.8181818181819,18.18181818181813,OPTIMAL
137.87878787878788,66.66666666666667,234,600.0,0.0,600.0,0.0,OPTIMAL
137.87878787878788,68.68686868686869,234,600.0,0.0,618.1818181818182,-18.181818181818244,OPTIMAL
137.87878787878788,70.70707070707071,231,810.0,0.0,848.4848484848485,-38.4848484848485,OPTIMAL
137.87878787878788,72.72727272727273,231,810.0,0.0,872.7272727272727,-62.72727272727275,OPTIMAL
137.87878787878788,74.74747474747475,231,810.0,0.0,896.969696969697,-86.969696969697,OPTIMAL
137.87878787878788,76.76767676767678,231,810.0,0.0,921.2121212121212,-111.21212121212125,OPTIMAL
137.87878787878788,78.7878787878788,231,810.0,0.0,945.4545454545455,-135.4545454545455,OPTIMAL
139.3939393939394,0.0,243,180.0,0.0,0.0,180.0,OPTIMAL
139.3939393939394,2.0202020202020203,243,180.0,0.0,0.0,180.0,OPTIMAL
139.3939393939394,4.040404040404041,243,180.0,0.0,0.0,180.0,OPTIMAL
139.3939393939394,6.0606060606060606,243,180.0,0.0,0.0,180.0,OPTIMAL
139.3939393939394,8.080808080808081,243,180.0,0.0,0.0,180.0,OPTIMAL
139.3939393939394,10.101010101010102,243,180.0,0.0,0.0,180.0,OPTIMAL
139.3939393939394,12.121212121212121,243,180.0,0.0,0.0,180.0,OPTIMAL
139.3939393939394,14.141414141414142,243,180.0,0.0,0.0,180.0,OPTIMAL
139.3939393939394,16.161616161616163,243,180.0,0.0,0.0,180.0,OPTIMAL
139.3939393939394,18.181818181818183,243,180.0,0.0,0.0,180.0,OPTIMAL
136.36363636363637,101.01010101010101,217,1980.0,0.0,2626.2626262626263,-646.2626262626263,OPTIMAL
136.36363636363637,103.03030303030303,217,1980.0,0.0,2678.787878787879,-698.787878787879,OPTIMAL
136.36363636363637,105.05050505050505,217,1980.0,0.0,2731.313131313131,-751.3131313131312,OPTIMAL
136.36363636363637,107.07070707070707,217,1980.0,0.0,2783.838383838384,-803.8383838383838,OPTIMAL
136.36363636363637,109.0909090909091,217,1980.0,0.0,2836.3636363636365,-856.3636363636365,OPTIMAL
136.36363636363637,111.11111111111111,212,2530.0,0.0,3444.4444444444443,-914.4444444444443,OPTIMAL
136.36363636363637,113.13131313131314,212,2530.0,0.0,3507.070707070707,-977.0707070707072,OPTIMAL
136.36363636363637,115.15151515151516,212,2530.0,0.0,3569.69696969697,-1039.69696969697,OPTIMAL
136.36363636363637,117.17171717171718,212,2530.0,0.0,3632.3232323232323,-1102.3232323232323,OPTIMAL
136.36363636363637,119.1919191919192,212,2530.0,0.0,3694.949494949495,-1164.9494949494951,OPTIMAL
139.3939393939394,20.202020202020204,243,180.0,0.0,0.0,180.0,OPTIMAL
139.3939393939394,22.222222222222225,243,180.0,0.0,0.0,180.0,OPTIMAL
139.3939393939394,24.242424242424242,243,180.0,0.0,0.0,180.0,OPTIMAL
139.3939393939394,26.262626262626263,243,180.0,0.0,0.0,180.0,OPTIMAL
139.3939393939394,28.282828282828284,243,180.0,0.0,0.0,180.0,OPTIMAL
139.3939393939394,30.303030303030305,243,180.0,0.0,0.0,180.0,OPTIMAL
139.3939393939394,32.323232323232325,243,180.0,0.0,0.0,180.0,OPTIMAL
139.3939393939394,34.343434343434346,243,180.0,0.0,0.0,180.0,OPTIMAL
139.3939393939394,36.36363636363637,243,180.0,0.0,0.0,180.0,OPTIMAL
139.3939393939394,38.38383838383839,243,180.0,0.0,0.0,180.0,OPTIMAL
137.87878787878788,80.80808080808082,222,1530.0,0.0,1696.9696969696972,-166.96969696969722,OPTIMAL
137.87878787878788,82.82828282828284,222,1530.0,0.0,1739.3939393939395,-209.3939393939395,OPTIMAL
137.87878787878788,84.84848484848486,222,1530.0,0.0,1781.818181818182,-251.81818181818198,OPTIMAL
137.87878787878788,86.86868686868688,222,1530.0,0.0,1824.2424242424245,-294.2424242424245,OPTIMAL
137.87878787878788,88.8888888888889,222,1530.0,0.0,1866.666666666667,-336.66666666666697,OPTIMAL
137.87878787878788,90.90909090909092,217,1980.0,0.0,2363.636363636364,-383.63636363636397,OPTIMAL
137.87878787878788,92.92929292929294,217,1980.0,0.0,2416.1616161616166,-436.1616161616166,OPTIMAL
137.87878787878788,94.94949494949496,217,1980.0,0.0,2468.686868686869,-488.6868686868688,OPTIMAL
137.87878787878788,96.96969696969697,217,1980.0,0.0,2521.212121212121,-541.212121212121,OPTIMAL
137.87878787878788,98.98989898989899,217,1980.0,0.0,2573.7373737373737,-593.7373737373737,OPTIMAL
136.36363636363637,161.61616161616163,212,2530.0,0.0,5010.101010101011,-2480.1010101010106,OPTIMAL
136.36363636363637,163.63636363636365,212,2530.0,0.0,5072.727272727273,-2542.727272727273,OPTIMAL
136.36363636363637,165.65656565656568,212,2530.0,0.0,5135.353535353536,-2605.3535353535362,OPTIMAL
136.36363636363637,167.6767676767677,212,2530.0,0.0,5197.979797979799,-2667.9797979797986,OPTIMAL
136.36363636363637,169.69696969696972,212,2530.0,0.0,5260.606060606061,-2730.606060606061,OPTIMAL
136.36363636363637,171.71717171717174,212,2530.0,0.0,5323.232323232324,-2793.2323232323242,OPTIMAL
136.36363636363637,173.73737373737376,212,2530.0,0.0,5385.858585858587,-2855.8585858585866,OPTIMAL
136.36363636363637,175.75757575757578,212,2530.0,0.0,5448.484848484849,-2918.484848484849,OPTIMAL
136.36363636363637,177.7777777777778,212,2530.0,0.0,5511.111111111112,-2981.111111111112,OPTIMAL
136.36363636363637,179.79797979797982,212,2530.0,0.0,5573.737373737375,-3043.7373737373746,OPTIMAL
136.36363636363637,141.41414141414143,212,2530.0,0.0,4383.838383838384,-1853.8383838383843,OPTIMAL
136.36363636363637,143.43434343434345,212,2530.0,0.0,4446.464646464647,-1916.4646464646466,OPTIMAL
136.36363636363637,145.45454545454547,212,2530.0,0.0,4509.09090909091,-1979.09090909091,OPTIMAL
136.36363636363637,147.4747474747475,212,2530.0,0.0,4571.717171717172,-2041.7171717171723,OPTIMAL
136.36363636363637,149.4949494949495,212,2530.0,0.0,4634.343434343435,-2104.3434343434346,OPTIMAL
136.36363636363637,151.51515151515153,212,2530.0,0.0,4696.969696969697,-2166.969696969697,OPTIMAL
136.36363636363637,153.53535353535355,212,2530.0,0.0,4759.59595959596,-2229.5959595959603,OPTIMAL
136.36363636363637,155.55555555555557,212,2530.0,0.0,4822.222222222223,-2292.2222222222226,OPTIMAL
136.36363636363637,157.5757575757576,212,2530.0,0.0,4884.848484848485,-2354.848484848485,OPTIMAL
136.36363636363637,159.5959595959596,212,2530.0,0.0,4947.474747474748,-2417.4747474747483,OPTIMAL
136.36363636363637,121.21212121212122,212,2530.0,0.0,3757.575757575758,-1227.575757575758,OPTIMAL
136.36363636363637,123.23232323232324,212,2530.0,0.0,3820.2020202020203,-1290.2020202020203,OPTIMAL
136.36363636363637,125.25252525252526,212,2530.0,0.0,3882.828282828283,-1352.8282828282831,OPTIMAL
136.36363636363637,127.27272727272728,212,2530.0,0.0,3945.4545454545455,-1415.4545454545455,OPTIMAL
136.36363636363637,129.2929292929293,212,2530.0,0.0,4008.0808080808083,-1478.0808080808083,OPTIMAL
136.36363636363637,131.31313131313132,212,2530.0,0.0,4070.707070707071,-1540.7070707070711,OPTIMAL
136.36363636363637,133.33333333333334,212,2530.0,0.0,4133.333333333334,-1603.333333333334,OPTIMAL
136.36363636363637,135.35353535353536,212,2530.0,0.0,4195.959595959596,-1665.9595959595963,OPTIMAL
136.36363636363637,137.37373737373738,212,2530.0,0.0,4258.585858585859,-1728.5858585858587,OPTIMAL
136.36363636363637,139.3939393939394,212,2530.0,0.0,4321.212121212122,-1791.212121212122,OPTIMAL
139.3939393939394,40.40404040404041,237,420.0,0.0,242.42424242424244,177.57575757575756,OPTIMAL
139.3939393939394,42.42424242424243,237,420.0,0.0,254.54545454545456,165.45454545454544,OPTIMAL
139.3939393939394,44.44444444444445,237,420.0,0.0,266.6666666666667,153.33333333333331,OPTIMAL
139.3939393939394,46.46464646464647,237,420.0,0.0,278.7878787878788,141.2121212121212,OPTIMAL
139.3939393939394,48.484848484848484,237,420.0,0.0,290.9090909090909,129.09090909090912,OPTIMAL
139.3939393939394,50.505050505050505,237,420.0,0.0,303.030303030303,116.969696969697,OPTIMAL
139.3939393939394,52.525252525252526,237,420.0,0.0,315.1515151515151,104.84848484848487,OPTIMAL
139.3939393939394,54.54545454545455,237,420.0,0.0,327.27272727272725,92.72727272727275,OPTIMAL
139.3939393939394,56.56565656565657,237,420.0,0.0,339.3939393939394,80.60606060606062,OPTIMAL
139.3939393939394,58.58585858585859,237,420.0,0.0,351.5151515151515,68.4848484848485,OPTIMAL
139.3939393939394,60.60606060606061,234,600.0,0.0,545.4545454545455,54.545454545454504,OPTIMAL
139.3939393939394,62.62626262626263,234,600.0,0.0,563.6363636363636,36.363636363636374,OPTIMAL
139.3939393939394,64.64646464646465,234,600.0,0.0,581.8181818181819,18.18181818181813,OPTIMAL
139.3939393939394,66.66666666666667,234,600.0,0.0,600.0,0.0,OPTIMAL
139.3939393939394,68.68686868686869,234,600.0,0.0,618.1818181818182,-18.181818181818244,OPTIMAL
139.3939393939394,70.70707070707071,231,810.0,0.0,848.4848484848485,-38.4848484848485,OPTIMAL
139.3939393939394,72.72727272727273,231,810.0,0.0,872.7272727272727,-62.72727272727275,OPTIMAL
139.3939393939394,74.74747474747475,231,810.0,0.0,896.969696969697,-86.969696969697,OPTIMAL
139.3939393939394,76.76767676767678,231,810.0,0.0,921.2121212121212,-111.21212121212125,OPTIMAL
139.3939393939394,78.7878787878788,231,810.0,0.0,945.4545454545455,-135.4545454545455,OPTIMAL
137.87878787878788,101.01010101010101,217,1980.0,0.0,2626.2626262626263,-646.2626262626263,OPTIMAL
137.87878787878788,103.03030303030303,217,1980.0,0.0,2678.787878787879,-698.787878787879,OPTIMAL
137.87878787878788,105.05050505050505,217,1980.0,0.0,2731.313131313131,-751.3131313131312,OPTIMAL
137.87878787878788,107.07070707070707,217,1980.0,0.0,2783.838383838384,-803.8383838383838,OPTIMAL
137.87878787878788,109.0909090909091,217,1980.0,0.0,2836.3636363636365,-856.3636363636365,OPTIMAL
137.87878787878788,111.11111111111111,212,2530.0,0.0,3444.4444444444443,-914.4444444444443,OPTIMAL
137.87878787878788,113.13131313131314,212,2530.0,0.0,3507.070707070707,-977.0707070707072,OPTIMAL
137.87878787878788,115.15151515151516,212,2530.0,0.0,3569.69696969697,-1039.69696969697,OPTIMAL
137.87878787878788,117.17171717171718,212,2530.0,0.0,3632.3232323232323,-1102.3232323232323,OPTIMAL
137.87878787878788,119.1919191919192,212,2530.0,0.0,3694.949494949495,-1164.9494949494951,OPTIMAL
140.9090909090909,0.0,243,180.0,0.0,0.0,180.0,OPTIMAL
140.9090909090909,2.0202020202020203,243,180.0,0.0,0.0,180.0,OPTIMAL
140.9090909090909,4.040404040404041,243,180.0,0.0,0.0,180.0,OPTIMAL
140.9090909090909,6.0606060606060606,243,180.0,0.0,0.0,180.0,OPTIMAL
140.9090909090909,8.080808080808081,243,180.0,0.0,0.0,180.0,OPTIMAL
140.9090909090909,10.101010101010102,243,180.0,0.0,0.0,180.0,OPTIMAL
140.9090909090909,12.121212121212121,243,180.0,0.0,0.0,180.0,OPTIMAL
140.9090909090909,14.141414141414142,243,180.0,0.0,0.0,180.0,OPTIMAL
140.9090909090909,16.161616161616163,243,180.0,0.0,0.0,180.0,OPTIMAL
140.9090909090909,18.181818181818183,243,180.0,0.0,0.0,180.0,OPTIMAL
136.36363636363637,181.81818181818184,202,4330.0,0.0,7454.545454545456,-3124.545454545456,OPTIMAL
136.36363636363637,183.83838383838386,202,4330.0,0.0,7537.373737373739,-3207.3737373737385,OPTIMAL
136.36363636363637,185.85858585858588,202,4330.0,0.0,7620.202020202021,-3290.2020202020212,OPTIMAL
136.36363636363637,187.8787878787879,202,4330.0,0.0,7703.030303030304,-3373.030303030304,OPTIMAL
136.36363636363637,189.89898989898992,202,4330.0,0.0,7785.858585858587,-3455.8585858585866,OPTIMAL
136.36363636363637,191.91919191919195,202,4330.0,0.0,7868.68686868687,-3538.68686868687,OPTIMAL
136.36363636363637,193.93939393939394,202,4330.0,0.0,7951.515151515151,-3621.515151515151,OPTIMAL
136.36363636363637,195.95959595959596,202,4330.0,0.0,8034.343434343435,-3704.3434343434346,OPTIMAL
136.36363636363637,197.97979797979798,202,4330.0,0.0,8117.171717171717,-3787.1717171717173,OPTIMAL
136.36363636363637,200.0,202,4330.0,0.0,8200.0,-3870.0,OPTIMAL
140.9090909090909,20.202020202020204,243,180.0,0.0,0.0,180.0,OPTIMAL
140.9090909090909,22.222222222222225,243,180.0,0.0,0.0,180.0,OPTIMAL
140.9090909090909,24.242424242424242,243,180.0,0.0,0.0,180.0,OPTIMAL
140.9090909090909,26.262626262626263,243,180.0,0.0,0.0,180.0,OPTIMAL
140.9090909090909,28.282828282828284,243,180.0,0.0,0.0,180.0,OPTIMAL
140.9090909090909,30.303030303030305,243,180.0,0.0,0.0,180.0,OPTIMAL
140.9090909090909,32.323232323232325,243,180.0,0.0,0.0,180.0,OPTIMAL
140.9090909090909,34.343434343434346,243,180.0,0.0,0.0,180.0,OPTIMAL
140.9090909090909,36.36363636363637,243,180.0,0.0,0.0,180.0,OPTIMAL
140.9090909090909,38.38383838383839,243,180.0,0.0,0.0,180.0,OPTIMAL
137.87878787878788,121.21212121212122,212,2530.0,0.0,3757.575757575758,-1227.575757575758,OPTIMAL
137.87878787878788,123.23232323232324,212,2530.0,0.0,3820.2020202020203,-1290.2020202020203,OPTIMAL
137.87878787878788,125.25252525252526,212,2530.0,0.0,3882.828282828283,-1352.8282828282831,OPTIMAL
137.87878787878788,127.27272727272728,212,2530.0,0.0,3945.4545454545455,-1415.4545454545455,OPTIMAL
137.87878787878788,129.2929292929293,212,2530.0,0.0,4008.0808080808083,-1478.0808080808083,OPTIMAL
137.87878787878788,131.31313131313132,212,2530.0,0.0,4070.707070707071,-1540.7070707070711,OPTIMAL
137.87878787878788,133.33333333333334,212,2530.0,0.0,4133.333333333334,-1603.333333333334,OPTIMAL
137.87878787878788,135.35353535353536,212,2530.0,0.0,4195.959595959596,-1665.9595959595963,OPTIMAL
137.87878787878788,137.37373737373738,212,2530.0,0.0,4258.585858585859,-1728.5858585858587,OPTIMAL
137.87878787878788,139.3939393939394,212,2530.0,0.0,4321.212121212122,-1791.212121212122,OPTIMAL
139.3939393939394,80.80808080808082,222,1530.0,0.0,1696.9696969696972,-166.96969696969722,OPTIMAL
139.3939393939394,82.82828282828284,222,1530.0,0.0,1739.3939393939395,-209.3939393939395,OPTIMAL
139.3939393939394,84.84848484848486,222,1530.0,0.0,1781.818181818182,-251.81818181818198,OPTIMAL
139.3939393939394,86.86868686868688,222,1530.0,0.0,1824.2424242424245,-294.2424242424245,OPTIMAL
139.3939393939394,88.8888888888889,222,1530.0,0.0,1866.666666666667,-336.66666666666697,OPTIMAL
139.3939393939394,90.90909090909092,217,1980.0,0.0,2363.636363636364,-383.63636363636397,OPTIMAL
139.3939393939394,92.92929292929294,217,1980.0,0.0,2416.1616161616166,-436.1616161616166,OPTIMAL
139.3939393939394,94.94949494949496,217,1980.0,0.0,2468.686868686869,-488.6868686868688,OPTIMAL
139.3939393939394,96.96969696969697,217,1980.0,0.0,2521.212121212121,-541.212121212121,OPTIMAL
139.3939393939394,98.98989898989899,217,1980.0,0.0,2573.7373737373737,-593.7373737373737,OPTIMAL
140.9090909090909,40.40404040404041,237,420.0,0.0,242.42424242424244,177.57575757575756,OPTIMAL
140.9090909090909,42.42424242424243,237,420.0,0.0,254.54545454545456,165.45454545454544,OPTIMAL
140.9090909090909,44.44444444444445,237,420.0,0.0,266.6666666666667,153.33333333333331,OPTIMAL
140.9090909090909,46.46464646464647,237,420.0,0.0,278.7878787878788,141.2121212121212,OPTIMAL
140.9090909090909,48.484848484848484,237,420.0,0.0,290.9090909090909,129.09090909090912,OPTIMAL
140.9090909090909,50.505050505050505,237,420.0,0.0,303.030303030303,116.969696969697,OPTIMAL
140.9090909090909,52.525252525252526,237,420.0,0.0,315.1515151515151,104.84848484848487,OPTIMAL
140.9090909090909,54.54545454545455,237,420.0,0.0,327.27272727272725,92.72727272727275,OPTIMAL
140.9090909090909,56.56565656565657,237,420.0,0.0,339.3939393939394,80.60606060606062,OPTIMAL
140.9090909090909,58.58585858585859,237,420.0,0.0,351.5151515151515,68.4848484848485,OPTIMAL
140.9090909090909,60.60606060606061,234,600.0,0.0,545.4545454545455,54.545454545454504,OPTIMAL
140.9090909090909,62.62626262626263,234,600.0,0.0,563.6363636363636,36.363636363636374,OPTIMAL
140.9090909090909,64.64646464646465,234,600.0,0.0,581.8181818181819,18.18181818181813,OPTIMAL
140.9090909090909,66.66666666666667,234,600.0,0.0,600.0,0.0,OPTIMAL
140.9090909090909,68.68686868686869,234,600.0,0.0,618.1818181818182,-18.181818181818244,OPTIMAL
140.9090909090909,70.70707070707071,231,810.0,0.0,848.4848484848485,-38.4848484848485,OPTIMAL
140.9090909090909,72.72727272727273,231,810.0,0.0,872.7272727272727,-62.72727272727275,OPTIMAL
140.9090909090909,74.74747474747475,231,810.0,0.0,896.969696969697,-86.969696969697,OPTIMAL
140.9090909090909,76.76767676767678,231,810.0,0.0,921.2121212121212,-111.21212121212125,OPTIMAL
140.9090909090909,78.7878787878788,231,810.0,0.0,945.4545454545455,-135.4545454545455,OPTIMAL
137.87878787878788,161.61616161616163,212,2530.0,0.0,5010.101010101011,-2480.1010101010106,OPTIMAL
137.87878787878788,163.63636363636365,212,2530.0,0.0,5072.727272727273,-2542.727272727273,OPTIMAL
137.87878787878788,165.65656565656568,212,2530.0,0.0,5135.353535353536,-2605.3535353535362,OPTIMAL
137.87878787878788,167.6767676767677,212,2530.0,0.0,5197.979797979799,-2667.9797979797986,OPTIMAL
137.87878787878788,169.69696969696972,212,2530.0,0.0,5260.606060606061,-2730.606060606061,OPTIMAL
137.87878787878788,171.71717171717174,212,2530.0,0.0,5323.232323232324,-2793.2323232323242,OPTIMAL
137.87878787878788,173.73737373737376,212,2530.0,0.0,5385.858585858587,-2855.8585858585866,OPTIMAL
137.87878787878788,175.75757575757578,212,2530.0,0.0,5448.484848484849,-2918.484848484849,OPTIMAL
137.87878787878788,177.7777777777778,212,2530.0,0.0,5511.111111111112,-2981.111111111112,OPTIMAL
137.87878787878788,179.79797979797982,212,2530.0,0.0,5573.737373737375,-3043.7373737373746,OPTIMAL
137.87878787878788,181.81818181818184,202,4330.0,0.0,7454.545454545456,-3124.545454545456,OPTIMAL
137.87878787878788,183.83838383838386,202,4330.0,0.0,7537.373737373739,-3207.3737373737385,OPTIMAL
137.87878787878788,185.85858585858588,202,4330.0,0.0,7620.202020202021,-3290.2020202020212,OPTIMAL
137.87878787878788,187.8787878787879,202,4330.0,0.0,7703.030303030304,-3373.030303030304,OPTIMAL
137.87878787878788,189.89898989898992,202,4330.0,0.0,7785.858585858587,-3455.8585858585866,OPTIMAL
137.87878787878788,191.91919191919195,202,4330.0,0.0,7868.68686868687,-3538.68686868687,OPTIMAL
137.87878787878788,193.93939393939394,202,4330.0,0.0,7951.515151515151,-3621.515151515151,OPTIMAL
137.87878787878788,195.95959595959596,202,4330.0,0.0,8034.343434343435,-3704.3434343434346,OPTIMAL
137.87878787878788,197.97979797979798,202,4330.0,0.0,8117.171717171717,-3787.1717171717173,OPTIMAL
137.87878787878788,200.0,202,4330.0,0.0,8200.0,-3870.0,OPTIMAL
142.42424242424244,0.0,243,180.0,0.0,0.0,180.0,OPTIMAL
142.42424242424244,2.0202020202020203,243,180.0,0.0,0.0,180.0,OPTIMAL
142.42424242424244,4.040404040404041,243,180.0,0.0,0.0,180.0,OPTIMAL
142.42424242424244,6.0606060606060606,243,180.0,0.0,0.0,180.0,OPTIMAL
142.42424242424244,8.080808080808081,243,180.0,0.0,0.0,180.0,OPTIMAL
142.42424242424244,10.101010101010102,243,180.0,0.0,0.0,180.0,OPTIMAL
142.42424242424244,12.121212121212121,243,180.0,0.0,0.0,180.0,OPTIMAL
142.42424242424244,14.141414141414142,243,180.0,0.0,0.0,180.0,OPTIMAL
142.42424242424244,16.161616161616163,243,180.0,0.0,0.0,180.0,OPTIMAL
142.42424242424244,18.181818181818183,243,180.0,0.0,0.0,180.0,OPTIMAL
137.87878787878788,141.41414141414143,212,2530.0,0.0,4383.838383838384,-1853.8383838383843,OPTIMAL
137.87878787878788,143.43434343434345,212,2530.0,0.0,4446.464646464647,-1916.4646464646466,OPTIMAL
137.87878787878788,145.45454545454547,212,2530.0,0.0,4509.09090909091,-1979.09090909091,OPTIMAL
137.87878787878788,147.4747474747475,212,2530.0,0.0,4571.717171717172,-2041.7171717171723,OPTIMAL
137.87878787878788,149.4949494949495,212,2530.0,0.0,4634.343434343435,-2104.3434343434346,OPTIMAL
137.87878787878788,151.51515151515153,212,2530.0,0.0,4696.969696969697,-2166.969696969697,OPTIMAL
137.87878787878788,153.53535353535355,212,2530.0,0.0,4759.59595959596,-2229.5959595959603,OPTIMAL
137.87878787878788,155.55555555555557,212,2530.0,0.0,4822.222222222223,-2292.2222222222226,OPTIMAL
137.87878787878788,157.5757575757576,212,2530.0,0.0,4884.848484848485,-2354.848484848485,OPTIMAL
137.87878787878788,159.5959595959596,212,2530.0,0.0,4947.474747474748,-2417.4747474747483,OPTIMAL
140.9090909090909,80.80808080808082,222,1530.0,0.0,1696.9696969696972,-166.96969696969722,OPTIMAL
140.9090909090909,82.82828282828284,222,1530.0,0.0,1739.3939393939395,-209.3939393939395,OPTIMAL
140.9090909090909,84.84848484848486,222,1530.0,0.0,1781.818181818182,-251.81818181818198,OPTIMAL
140.9090909090909,86.86868686868688,222,1530.0,0.0,1824.2424242424245,-294.2424242424245,OPTIMAL
140.9090909090909,88.8888888888889,222,1530.0,0.0,1866.666666666667,-336.66666666666697,OPTIMAL
140.9090909090909,90.90909090909092,217,1980.0,0.0,2363.636363636364,-383.63636363636397,OPTIMAL
140.9090909090909,92.92929292929294,217,1980.0,0.0,2416.1616161616166,-436.1616161616166,OPTIMAL
140.9090909090909,94.94949494949496,217,1980.0,0.0,2468.686868686869,-488.6868686868688,OPTIMAL
140.9090909090909,96.96969696969697,217,1980.0,0.0,2521.212121212121,-541.212121212121,OPTIMAL
140.9090909090909,98.98989898989899,217,1980.0,0.0,2573.7373737373737,-593.7373737373737,OPTIMAL
139.3939393939394,101.01010101010101,217,1980.0,0.0,2626.2626262626263,-646.2626262626263,OPTIMAL
139.3939393939394,103.03030303030303,217,1980.0,0.0,2678.787878787879,-698.787878787879,OPTIMAL
139.3939393939394,105.05050505050505,217,1980.0,0.0,2731.313131313131,-751.3131313131312,OPTIMAL
139.3939393939394,107.07070707070707,217,1980.0,0.0,2783.838383838384,-803.8383838383838,OPTIMAL
139.3939393939394,109.0909090909091,217,1980.0,0.0,2836.3636363636365,-856.3636363636365,OPTIMAL
139.3939393939394,111.11111111111111,212,2530.0,0.0,3444.4444444444443,-914.4444444444443,OPTIMAL
139.3939393939394,113.13131313131314,212,2530.0,0.0,3507.070707070707,-977.0707070707072,OPTIMAL
139.3939393939394,115.15151515151516,212,2530.0,0.0,3569.69696969697,-1039.69696969697,OPTIMAL
139.3939393939394,117.17171717171718,212,2530.0,0.0,3632.3232323232323,-1102.3232323232323,OPTIMAL
139.3939393939394,119.1919191919192,212,2530.0,0.0,3694.949494949495,-1164.9494949494951,OPTIMAL
142.42424242424244,20.202020202020204,243,180.0,0.0,0.0,180.0,OPTIMAL
142.42424242424244,22.222222222222225,243,180.0,0.0,0.0,180.0,OPTIMAL
142.42424242424244,24.242424242424242,243,180.0,0.0,0.0,180.0,OPTIMAL
142.42424242424244,26.262626262626263,243,180.0,0.0,0.0,180.0,OPTIMAL
142.42424242424244,28.282828282828284,243,180.0,0.0,0.0,180.0,OPTIMAL
142.42424242424244,30.303030303030305,243,180.0,0.0,0.0,180.0,OPTIMAL
142.42424242424244,32.323232323232325,243,180.0,0.0,0.0,180.0,OPTIMAL
142.42424242424244,34.343434343434346,243,180.0,0.0,0.0,180.0,OPTIMAL
142.42424242424244,36.36363636363637,243,180.0,0.0,0.0,180.0,OPTIMAL
142.42424242424244,38.38383838383839,243,180.0,0.0,0.0,180.0,OPTIMAL
139.3939393939394,161.61616161616163,212,2530.0,0.0,5010.101010101011,-2480.1010101010106,OPTIMAL
139.3939393939394,163.63636363636365,212,2530.0,0.0,5072.727272727273,-2542.727272727273,OPTIMAL
139.3939393939394,165.65656565656568,212,2530.0,0.0,5135.353535353536,-2605.3535353535362,OPTIMAL
139.3939393939394,167.6767676767677,212,2530.0,0.0,5197.979797979799,-2667.9797979797986,OPTIMAL
139.3939393939394,169.69696969696972,212,2530.0,0.0,5260.606060606061,-2730.606060606061,OPTIMAL
139.3939393939394,171.71717171717174,212,2530.0,0.0,5323.232323232324,-2793.2323232323242,OPTIMAL
139.3939393939394,173.73737373737376,212,2530.0,0.0,5385.858585858587,-2855.8585858585866,OPTIMAL
139.3939393939394,175.75757575757578,212,2530.0,0.0,5448.484848484849,-2918.484848484849,OPTIMAL
139.3939393939394,177.7777777777778,212,2530.0,0.0,5511.111111111112,-2981.111111111112,OPTIMAL
139.3939393939394,179.79797979797982,212,2530.0,0.0,5573.737373737375,-3043.7373737373746,OPTIMAL
139.3939393939394,141.41414141414143,212,2530.0,0.0,4383.838383838384,-1853.8383838383843,OPTIMAL
139.3939393939394,143.43434343434345,212,2530.0,0.0,4446.464646464647,-1916.4646464646466,OPTIMAL
139.3939393939394,145.45454545454547,212,2530.0,0.0,4509.09090909091,-1979.09090909091,OPTIMAL
139.3939393939394,147.4747474747475,212,2530.0,0.0,4571.717171717172,-2041.7171717171723,OPTIMAL
139.3939393939394,149.4949494949495,212,2530.0,0.0,4634.343434343435,-2104.3434343434346,OPTIMAL
139.3939393939394,151.51515151515153,212,2530.0,0.0,4696.969696969697,-2166.969696969697,OPTIMAL
139.3939393939394,153.53535353535355,212,2530.0,0.0,4759.59595959596,-2229.5959595959603,OPTIMAL
139.3939393939394,155.55555555555557,212,2530.0,0.0,4822.222222222223,-2292.2222222222226,OPTIMAL
139.3939393939394,157.5757575757576,212,2530.0,0.0,4884.848484848485,-2354.848484848485,OPTIMAL
139.3939393939394,159.5959595959596,212,2530.0,0.0,4947.474747474748,-2417.4747474747483,OPTIMAL
142.42424242424244,40.40404040404041,237,420.0,0.0,242.42424242424244,177.57575757575756,OPTIMAL
142.42424242424244,42.42424242424243,237,420.0,0.0,254.54545454545456,165.45454545454544,OPTIMAL
142.42424242424244,44.44444444444445,237,420.0,0.0,266.6666666666667,153.33333333333331,OPTIMAL
142.42424242424244,46.46464646464647,237,420.0,0.0,278.7878787878788,141.2121212121212,OPTIMAL
142.42424242424244,48.484848484848484,237,420.0,0.0,290.9090909090909,129.09090909090912,OPTIMAL
142.42424242424244,50.505050505050505,237,420.0,0.0,303.030303030303,116.969696969697,OPTIMAL
142.42424242424244,52.525252525252526,237,420.0,0.0,315.1515151515151,104.84848484848487,OPTIMAL
142.42424242424244,54.54545454545455,237,420.0,0.0,327.27272727272725,92.72727272727275,OPTIMAL
142.42424242424244,56.56565656565657,237,420.0,0.0,339.3939393939394,80.60606060606062,OPTIMAL
142.42424242424244,58.58585858585859,237,420.0,0.0,351.5151515151515,68.4848484848485,OPTIMAL
142.42424242424244,60.60606060606061,234,600.0,0.0,545.4545454545455,54.545454545454504,OPTIMAL
142.42424242424244,62.62626262626263,234,600.0,0.0,563.6363636363636,36.363636363636374,OPTIMAL
142.42424242424244,64.64646464646465,234,600.0,0.0,581.8181818181819,18.18181818181813,OPTIMAL
142.42424242424244,66.66666666666667,234,600.0,0.0,600.0,0.0,OPTIMAL
142.42424242424244,68.68686868686869,234,600.0,0.0,618.1818181818182,-18.181818181818244,OPTIMAL
142.42424242424244,70.70707070707071,231,810.0,0.0,848.4848484848485,-38.4848484848485,OPTIMAL
142.42424242424244,72.72727272727273,231,810.0,0.0,872.7272727272727,-62.72727272727275,OPTIMAL
142.42424242424244,74.74747474747475,231,810.0,0.0,896.969696969697,-86.969696969697,OPTIMAL
142.42424242424244,76.76767676767678,231,810.0,0.0,921.2121212121212,-111.21212121212125,OPTIMAL
142.42424242424244,78.7878787878788,231,810.0,0.0,945.4545454545455,-135.4545454545455,OPTIMAL
139.3939393939394,121.21212121212122,212,2530.0,0.0,3757.575757575758,-1227.575757575758,OPTIMAL
139.3939393939394,123.23232323232324,212,2530.0,0.0,3820.2020202020203,-1290.2020202020203,OPTIMAL
139.3939393939394,125.25252525252526,212,2530.0,0.0,3882.828282828283,-1352.8282828282831,OPTIMAL
139.3939393939394,127.27272727272728,212,2530.0,0.0,3945.4545454545455,-1415.4545454545455,OPTIMAL
139.3939393939394,129.2929292929293,212,2530.0,0.0,4008.0808080808083,-1478.0808080808083,OPTIMAL
139.3939393939394,131.31313131313132,212,2530.0,0.0,4070.707070707071,-1540.7070707070711,OPTIMAL
139.3939393939394,133.33333333333334,212,2530.0,0.0,4133.333333333334,-1603.333333333334,OPTIMAL
139.3939393939394,135.35353535353536,212,2530.0,0.0,4195.959595959596,-1665.9595959595963,OPTIMAL
139.3939393939394,137.37373737373738,212,2530.0,0.0,4258.585858585859,-1728.5858585858587,OPTIMAL
139.3939393939394,139.3939393939394,212,2530.0,0.0,4321.212121212122,-1791.212121212122,OPTIMAL
140.9090909090909,101.01010101010101,217,1980.0,0.0,2626.2626262626263,-646.2626262626263,OPTIMAL
140.9090909090909,103.03030303030303,217,1980.0,0.0,2678.787878787879,-698.787878787879,OPTIMAL
140.9090909090909,105.05050505050505,217,1980.0,0.0,2731.313131313131,-751.3131313131312,OPTIMAL
140.9090909090909,107.07070707070707,217,1980.0,0.0,2783.838383838384,-803.8383838383838,OPTIMAL
140.9090909090909,109.0909090909091,217,1980.0,0.0,2836.3636363636365,-856.3636363636365,OPTIMAL
140.9090909090909,111.11111111111111,212,2530.0,0.0,3444.4444444444443,-914.4444444444443,OPTIMAL
140.9090909090909,113.13131313131314,212,2530.0,0.0,3507.070707070707,-977.0707070707072,OPTIMAL
140.9090909090909,115.15151515151516,212,2530.0,0.0,3569.69696969697,-1039.69696969697,OPTIMAL
140.9090909090909,117.17171717171718,212,2530.0,0.0,3632.3232323232323,-1102.3232323232323,OPTIMAL
140.9090909090909,119.1919191919192,212,2530.0,0.0,3694.949494949495,-1164.9494949494951,OPTIMAL
139.3939393939394,181.81818181818184,202,4330.0,0.0,7454.545454545456,-3124.545454545456,OPTIMAL
139.3939393939394,183.83838383838386,202,4330.0,0.0,7537.373737373739,-3207.3737373737385,OPTIMAL
139.3939393939394,185.85858585858588,202,4330.0,0.0,7620.202020202021,-3290.2020202020212,OPTIMAL
139.3939393939394,187.8787878787879,202,4330.0,0.0,7703.030303030304,-3373.030303030304,OPTIMAL
139.3939393939394,189.89898989898992,202,4330.0,0.0,7785.858585858587,-3455.8585858585866,OPTIMAL
139.3939393939394,191.91919191919195,202,4330.0,0.0,7868.68686868687,-3538.68686868687,OPTIMAL
139.3939393939394,193.93939393939394,202,4330.0,0.0,7951.515151515151,-3621.515151515151,OPTIMAL
139.3939393939394,195.95959595959596,202,4330.0,0.0,8034.343434343435,-3704.3434343434346,OPTIMAL
139.3939393939394,197.97979797979798,202,4330.0,0.0,8117.171717171717,-3787.1717171717173,OPTIMAL
139.3939393939394,200.0,202,4330.0,0.0,8200.0,-3870.0,OPTIMAL
143.93939393939394,0.0,243,180.0,0.0,0.0,180.0,OPTIMAL
143.93939393939394,2.0202020202020203,243,180.0,0.0,0.0,180.0,OPTIMAL
143.93939393939394,4.040404040404041,243,180.0,0.0,0.0,180.0,OPTIMAL
143.93939393939394,6.0606060606060606,243,180.0,0.0,0.0,180.0,OPTIMAL
143.93939393939394,8.080808080808081,243,180.0,0.0,0.0,180.0,OPTIMAL
143.93939393939394,10.101010101010102,243,180.0,0.0,0.0,180.0,OPTIMAL
143.93939393939394,12.121212121212121,243,180.0,0.0,0.0,180.0,OPTIMAL
143.93939393939394,14.141414141414142,243,180.0,0.0,0.0,180.0,OPTIMAL
143.93939393939394,16.161616161616163,243,180.0,0.0,0.0,180.0,OPTIMAL
143.93939393939394,18.181818181818183,243,180.0,0.0,0.0,180.0,OPTIMAL
142.42424242424244,80.80808080808082,222,1530.0,0.0,1696.9696969696972,-166.96969696969722,OPTIMAL
142.42424242424244,82.82828282828284,222,1530.0,0.0,1739.3939393939395,-209.3939393939395,OPTIMAL
142.42424242424244,84.84848484848486,222,1530.0,0.0,1781.818181818182,-251.81818181818198,OPTIMAL
142.42424242424244,86.86868686868688,222,1530.0,0.0,1824.2424242424245,-294.2424242424245,OPTIMAL
142.42424242424244,88.8888888888889,222,1530.0,0.0,1866.666666666667,-336.66666666666697,OPTIMAL
142.42424242424244,90.90909090909092,217,1980.0,0.0,2363.636363636364,-383.63636363636397,OPTIMAL
142.42424242424244,92.92929292929294,217,1980.0,0.0,2416.1616161616166,-436.1616161616166,OPTIMAL
142.42424242424244,94.94949494949496,217,1980.0,0.0,2468.686868686869,-488.6868686868688,OPTIMAL
142.42424242424244,96.96969696969697,217,1980.0,0.0,2521.212121212121,-541.212121212121,OPTIMAL
142.42424242424244,98.98989898989899,217,1980.0,0.0,2573.7373737373737,-593.7373737373737,OPTIMAL
143.93939393939394,20.202020202020204,243,180.0,0.0,0.0,180.0,OPTIMAL
143.93939393939394,22.222222222222225,243,180.0,0.0,0.0,180.0,OPTIMAL
143.93939393939394,24.242424242424242,243,180.0,0.0,0.0,180.0,OPTIMAL
143.93939393939394,26.262626262626263,243,180.0,0.0,0.0,180.0,OPTIMAL
143.93939393939394,28.282828282828284,243,180.0,0.0,0.0,180.0,OPTIMAL
143.93939393939394,30.303030303030305,243,180.0,0.0,0.0,180.0,OPTIMAL
143.93939393939394,32.323232323232325,243,180.0,0.0,0.0,180.0,OPTIMAL
143.93939393939394,34.343434343434346,243,180.0,0.0,0.0,180.0,OPTIMAL
143.93939393939394,36.36363636363637,243,180.0,0.0,0.0,180.0,OPTIMAL
143.93939393939394,38.38383838383839,243,180.0,0.0,0.0,180.0,OPTIMAL
140.9090909090909,121.21212121212122,212,2530.0,0.0,3757.575757575758,-1227.575757575758,OPTIMAL
140.9090909090909,123.23232323232324,212,2530.0,0.0,3820.2020202020203,-1290.2020202020203,OPTIMAL
140.9090909090909,125.25252525252526,212,2530.0,0.0,3882.828282828283,-1352.8282828282831,OPTIMAL
140.9090909090909,127.27272727272728,212,2530.0,0.0,3945.4545454545455,-1415.4545454545455,OPTIMAL
140.9090909090909,129.2929292929293,212,2530.0,0.0,4008.0808080808083,-1478.0808080808083,OPTIMAL
140.9090909090909,131.31313131313132,212,2530.0,0.0,4070.707070707071,-1540.7070707070711,OPTIMAL
140.9090909090909,133.33333333333334,212,2530.0,0.0,4133.333333333334,-1603.333333333334,OPTIMAL
140.9090909090909,135.35353535353536,212,2530.0,0.0,4195.959595959596,-1665.9595959595963,OPTIMAL
140.9090909090909,137.37373737373738,212,2530.0,0.0,4258.585858585859,-1728.5858585858587,OPTIMAL
140.9090909090909,139.3939393939394,212,2530.0,0.0,4321.212121212122,-1791.212121212122,OPTIMAL
140.9090909090909,141.41414141414143,212,2530.0,0.0,4383.838383838384,-1853.8383838383843,OPTIMAL
140.9090909090909,143.43434343434345,212,2530.0,0.0,4446.464646464647,-1916.4646464646466,OPTIMAL
140.9090909090909,145.45454545454547,212,2530.0,0.0,4509.09090909091,-1979.09090909091,OPTIMAL
140.9090909090909,147.4747474747475,212,2530.0,0.0,4571.717171717172,-2041.7171717171723,OPTIMAL
140.9090909090909,149.4949494949495,212,2530.0,0.0,4634.343434343435,-2104.3434343434346,OPTIMAL
140.9090909090909,151.51515151515153,212,2530.0,0.0,4696.969696969697,-2166.969696969697,OPTIMAL
140.9090909090909,153.53535353535355,212,2530.0,0.0,4759.59595959596,-2229.5959595959603,OPTIMAL
140.9090909090909,155.55555555555557,212,2530.0,0.0,4822.222222222223,-2292.2222222222226,OPTIMAL
140.9090909090909,157.5757575757576,212,2530.0,0.0,4884.848484848485,-2354.848484848485,OPTIMAL
140.9090909090909,159.5959595959596,212,2530.0,0.0,4947.474747474748,-2417.4747474747483,OPTIMAL
140.9090909090909,181.81818181818184,202,4330.0,0.0,7454.545454545456,-3124.545454545456,OPTIMAL
140.9090909090909,183.83838383838386,202,4330.0,0.0,7537.373737373739,-3207.3737373737385,OPTIMAL
140.9090909090909,185.85858585858588,202,4330.0,0.0,7620.202020202021,-3290.2020202020212,OPTIMAL
140.9090909090909,187.8787878787879,202,4330.0,0.0,7703.030303030304,-3373.030303030304,OPTIMAL
140.9090909090909,189.89898989898992,202,4330.0,0.0,7785.858585858587,-3455.8585858585866,OPTIMAL
140.9090909090909,191.91919191919195,202,4330.0,0.0,7868.68686868687,-3538.68686868687,OPTIMAL
140.9090909090909,193.93939393939394,202,4330.0,0.0,7951.515151515151,-3621.515151515151,OPTIMAL
140.9090909090909,195.95959595959596,202,4330.0,0.0,8034.343434343435,-3704.3434343434346,OPTIMAL
140.9090909090909,197.97979797979798,202,4330.0,0.0,8117.171717171717,-3787.1717171717173,OPTIMAL
140.9090909090909,200.0,202,4330.0,0.0,8200.0,-3870.0,OPTIMAL
143.93939393939394,40.40404040404041,237,420.0,0.0,242.42424242424244,177.57575757575756,OPTIMAL
143.93939393939394,42.42424242424243,237,420.0,0.0,254.54545454545456,165.45454545454544,OPTIMAL
143.93939393939394,44.44444444444445,237,420.0,0.0,266.6666666666667,153.33333333333331,OPTIMAL
143.93939393939394,46.46464646464647,237,420.0,0.0,278.7878787878788,141.2121212121212,OPTIMAL
143.93939393939394,48.484848484848484,237,420.0,0.0,290.9090909090909,129.09090909090912,OPTIMAL
143.93939393939394,50.505050505050505,237,420.0,0.0,303.030303030303,116.969696969697,OPTIMAL
143.93939393939394,52.525252525252526,237,420.0,0.0,315.1515151515151,104.84848484848487,OPTIMAL
143.93939393939394,54.54545454545455,237,420.0,0.0,327.27272727272725,92.72727272727275,OPTIMAL
143.93939393939394,56.56565656565657,237,420.0,0.0,339.3939393939394,80.60606060606062,OPTIMAL
143.93939393939394,58.58585858585859,237,420.0,0.0,351.5151515151515,68.4848484848485,OPTIMAL
143.93939393939394,60.60606060606061,234,600.0,0.0,545.4545454545455,54.545454545454504,OPTIMAL
143.93939393939394,62.62626262626263,234,600.0,0.0,563.6363636363636,36.363636363636374,OPTIMAL
143.93939393939394,64.64646464646465,234,600.0,0.0,581.8181818181819,18.18181818181813,OPTIMAL
143.93939393939394,66.66666666666667,234,600.0,0.0,600.0,0.0,OPTIMAL
143.93939393939394,68.68686868686869,234,600.0,0.0,618.1818181818182,-18.181818181818244,OPTIMAL
143.93939393939394,70.70707070707071,231,810.0,0.0,848.4848484848485,-38.4848484848485,OPTIMAL
143.93939393939394,72.72727272727273,231,810.0,0.0,872.7272727272727,-62.72727272727275,OPTIMAL
143.93939393939394,74.74747474747475,231,810.0,0.0,896.969696969697,-86.969696969697,OPTIMAL
143.93939393939394,76.76767676767678,231,810.0,0.0,921.2121212121212,-111.21212121212125,OPTIMAL
143.93939393939394,78.7878787878788,231,810.0,0.0,945.4545454545455,-135.4545454545455,OPTIMAL
142.42424242424244,101.01010101010101,217,1980.0,0.0,2626.2626262626263,-646.2626262626263,OPTIMAL
142.42424242424244,103.03030303030303,217,1980.0,0.0,2678.787878787879,-698.787878787879,OPTIMAL
142.42424242424244,105.05050505050505,217,1980.0,0.0,2731.313131313131,-751.3131313131312,OPTIMAL
142.42424242424244,107.07070707070707,217,1980.0,0.0,2783.838383838384,-803.8383838383838,OPTIMAL
142.42424242424244,109.0909090909091,217,1980.0,0.0,2836.3636363636365,-856.3636363636365,OPTIMAL
142.42424242424244,111.11111111111111,212,2530.0,0.0,3444.4444444444443,-914.4444444444443,OPTIMAL
142.42424242424244,113.13131313131314,212,2530.0,0.0,3507.070707070707,-977.0707070707072,OPTIMAL
142.42424242424244,115.15151515151516,212,2530.0,0.0,3569.69696969697,-1039.69696969697,OPTIMAL
142.42424242424244,117.17171717171718,212,2530.0,0.0,3632.3232323232323,-1102.3232323232323,OPTIMAL
142.42424242424244,119.1919191919192,212,2530.0,0.0,3694.949494949495,-1164.9494949494951,OPTIMAL
145.45454545454544,0.0,243,180.0,0.0,0.0,180.0,OPTIMAL
145.45454545454544,2.0202020202020203,243,180.0,0.0,0.0,180.0,OPTIMAL
145.45454545454544,4.040404040404041,243,180.0,0.0,0.0,180.0,OPTIMAL
145.45454545454544,6.0606060606060606,243,180.0,0.0,0.0,180.0,OPTIMAL
145.45454545454544,8.080808080808081,243,180.0,0.0,0.0,180.0,OPTIMAL
145.45454545454544,10.101010101010102,243,180.0,0.0,0.0,180.0,OPTIMAL
145.45454545454544,12.121212121212121,243,180.0,0.0,0.0,180.0,OPTIMAL
145.45454545454544,14.141414141414142,243,180.0,0.0,0.0,180.0,OPTIMAL
145.45454545454544,16.161616161616163,243,180.0,0.0,0.0,180.0,OPTIMAL
145.45454545454544,18.181818181818183,243,180.0,0.0,0.0,180.0,OPTIMAL
140.9090909090909,161.61616161616163,212,2530.0,0.0,5010.101010101011,-2480.1010101010106,OPTIMAL
140.9090909090909,163.63636363636365,212,2530.0,0.0,5072.727272727273,-2542.727272727273,OPTIMAL
140.9090909090909,165.65656565656568,212,2530.0,0.0,5135.353535353536,-2605.3535353535362,OPTIMAL
140.9090909090909,167.6767676767677,212,2530.0,0.0,5197.979797979799,-2667.9797979797986,OPTIMAL
140.9090909090909,169.69696969696972,212,2530.0,0.0,5260.606060606061,-2730.606060606061,OPTIMAL
140.9090909090909,171.71717171717174,212,2530.0,0.0,5323.232323232324,-2793.2323232323242,OPTIMAL
140.9090909090909,173.73737373737376,212,2530.0,0.0,5385.858585858587,-2855.8585858585866,OPTIMAL
140.9090909090909,175.75757575757578,212,2530.0,0.0,5448.484848484849,-2918.484848484849,OPTIMAL
140.9090909090909,177.7777777777778,212,2530.0,0.0,5511.111111111112,-2981.111111111112,OPTIMAL
140.9090909090909,179.79797979797982,212,2530.0,0.0,5573.737373737375,-3043.7373737373746,OPTIMAL
145.45454545454544,20.202020202020204,243,180.0,0.0,0.0,180.0,OPTIMAL
145.45454545454544,22.222222222222225,243,180.0,0.0,0.0,180.0,OPTIMAL
145.45454545454544,24.242424242424242,243,180.0,0.0,0.0,180.0,OPTIMAL
145.45454545454544,26.262626262626263,243,180.0,0.0,0.0,180.0,OPTIMAL
145.45454545454544,28.282828282828284,243,180.0,0.0,0.0,180.0,OPTIMAL
145.45454545454544,30.303030303030305,243,180.0,0.0,0.0,180.0,OPTIMAL
145.45454545454544,32.323232323232325,243,180.0,0.0,0.0,180.0,OPTIMAL
145.45454545454544,34.343434343434346,243,180.0,0.0,0.0,180.0,OPTIMAL
145.45454545454544,36.36363636363637,243,180.0,0.0,0.0,180.0,OPTIMAL
145.45454545454544,38.38383838383839,243,180.0,0.0,0.0,180.0,OPTIMAL
142.42424242424244,121.21212121212122,212,2530.0,0.0,3757.575757575758,-1227.575757575758,OPTIMAL
142.42424242424244,123.23232323232324,212,2530.0,0.0,3820.2020202020203,-1290.2020202020203,OPTIMAL
142.42424242424244,125.25252525252526,212,2530.0,0.0,3882.828282828283,-1352.8282828282831,OPTIMAL
142.42424242424244,127.27272727272728,212,2530.0,0.0,3945.4545454545455,-1415.4545454545455,OPTIMAL
142.42424242424244,129.2929292929293,212,2530.0,0.0,4008.0808080808083,-1478.0808080808083,OPTIMAL
142.42424242424244,131.31313131313132,212,2530.0,0.0,4070.707070707071,-1540.7070707070711,OPTIMAL
142.42424242424244,133.33333333333334,212,2530.0,0.0,4133.333333333334,-1603.333333333334,OPTIMAL
142.42424242424244,135.35353535353536,212,2530.0,0.0,4195.959595959596,-1665.9595959595963,OPTIMAL
142.42424242424244,137.37373737373738,212,2530.0,0.0,4258.585858585859,-1728.5858585858587,OPTIMAL
142.42424242424244,139.3939393939394,212,2530.0,0.0,4321.212121212122,-1791.212121212122,OPTIMAL
143.93939393939394,80.80808080808082,222,1530.0,0.0,1696.9696969696972,-166.96969696969722,OPTIMAL
143.93939393939394,82.82828282828284,222,1530.0,0.0,1739.3939393939395,-209.3939393939395,OPTIMAL
143.93939393939394,84.84848484848486,222,1530.0,0.0,1781.818181818182,-251.81818181818198,OPTIMAL
143.93939393939394,86.86868686868688,222,1530.0,0.0,1824.2424242424245,-294.2424242424245,OPTIMAL
143.93939393939394,88.8888888888889,222,1530.0,0.0,1866.666666666667,-336.66666666666697,OPTIMAL
143.93939393939394,90.90909090909092,217,1980.0,0.0,2363.636363636364,-383.63636363636397,OPTIMAL
143.93939393939394,92.92929292929294,217,1980.0,0.0,2416.1616161616166,-436.1616161616166,OPTIMAL
143.93939393939394,94.94949494949496,217,1980.0,0.0,2468.686868686869,-488.6868686868688,OPTIMAL
143.93939393939394,96.96969696969697,217,1980.0,0.0,2521.212121212121,-541.212121212121,OPTIMAL
143.93939393939394,98.98989898989899,217,1980.0,0.0,2573.7373737373737,-593.7373737373737,OPTIMAL
145.45454545454544,40.40404040404041,237,420.0,0.0,242.42424242424244,177.57575757575756,OPTIMAL
145.45454545454544,42.42424242424243,237,420.0,0.0,254.54545454545456,165.45454545454544,OPTIMAL
145.45454545454544,44.44444444444445,237,420.0,0.0,266.6666666666667,153.33333333333331,OPTIMAL
145.45454545454544,46.46464646464647,237,420.0,0.0,278.7878787878788,141.2121212121212,OPTIMAL
145.45454545454544,48.484848484848484,237,420.0,0.0,290.9090909090909,129.09090909090912,OPTIMAL
145.45454545454544,50.505050505050505,237,420.0,0.0,303.030303030303,116.969696969697,OPTIMAL
145.45454545454544,52.525252525252526,237,420.0,0.0,315.1515151515151,104.84848484848487,OPTIMAL
145.45454545454544,54.54545454545455,237,420.0,0.0,327.27272727272725,92.72727272727275,OPTIMAL
145.45454545454544,56.56565656565657,237,420.0,0.0,339.3939393939394,80.60606060606062,OPTIMAL
145.45454545454544,58.58585858585859,237,420.0,0.0,351.5151515151515,68.4848484848485,OPTIMAL
142.42424242424244,141.41414141414143,212,2530.0,0.0,4383.838383838384,-1853.8383838383843,OPTIMAL
142.42424242424244,143.43434343434345,212,2530.0,0.0,4446.464646464647,-1916.4646464646466,OPTIMAL
142.42424242424244,145.45454545454547,212,2530.0,0.0,4509.09090909091,-1979.09090909091,OPTIMAL
142.42424242424244,147.4747474747475,212,2530.0,0.0,4571.717171717172,-2041.7171717171723,OPTIMAL
142.42424242424244,149.4949494949495,212,2530.0,0.0,4634.343434343435,-2104.3434343434346,OPTIMAL
142.42424242424244,151.51515151515153,212,2530.0,0.0,4696.969696969697,-2166.969696969697,OPTIMAL
142.42424242424244,153.53535353535355,212,2530.0,0.0,4759.59595959596,-2229.5959595959603,OPTIMAL
142.42424242424244,155.55555555555557,212,2530.0,0.0,4822.222222222223,-2292.2222222222226,OPTIMAL
142.42424242424244,157.5757575757576,212,2530.0,0.0,4884.848484848485,-2354.848484848485,OPTIMAL
142.42424242424244,159.5959595959596,212,2530.0,0.0,4947.474747474748,-2417.4747474747483,OPTIMAL
142.42424242424244,181.81818181818184,202,4330.0,0.0,7454.545454545456,-3124.545454545456,OPTIMAL
142.42424242424244,183.83838383838386,202,4330.0,0.0,7537.373737373739,-3207.3737373737385,OPTIMAL
142.42424242424244,185.85858585858588,202,4330.0,0.0,7620.202020202021,-3290.2020202020212,OPTIMAL
142.42424242424244,187.8787878787879,202,4330.0,0.0,7703.030303030304,-3373.030303030304,OPTIMAL
142.42424242424244,189.89898989898992,202,4330.0,0.0,7785.858585858587,-3455.8585858585866,OPTIMAL
142.42424242424244,191.91919191919195,202,4330.0,0.0,7868.68686868687,-3538.68686868687,OPTIMAL
142.42424242424244,193.93939393939394,202,4330.0,0.0,7951.515151515151,-3621.515151515151,OPTIMAL
142.42424242424244,195.95959595959596,202,4330.0,0.0,8034.343434343435,-3704.3434343434346,OPTIMAL
142.42424242424244,197.97979797979798,202,4330.0,0.0,8117.171717171717,-3787.1717171717173,OPTIMAL
142.42424242424244,200.0,202,4330.0,0.0,8200.0,-3870.0,OPTIMAL
143.93939393939394,101.01010101010101,217,1980.0,0.0,2626.2626262626263,-646.2626262626263,OPTIMAL
143.93939393939394,103.03030303030303,217,1980.0,0.0,2678.787878787879,-698.787878787879,OPTIMAL
143.93939393939394,105.05050505050505,217,1980.0,0.0,2731.313131313131,-751.3131313131312,OPTIMAL
143.93939393939394,107.07070707070707,217,1980.0,0.0,2783.838383838384,-803.8383838383838,OPTIMAL
143.93939393939394,109.0909090909091,217,1980.0,0.0,2836.3636363636365,-856.3636363636365,OPTIMAL
143.93939393939394,111.11111111111111,212,2530.0,0.0,3444.4444444444443,-914.4444444444443,OPTIMAL
143.93939393939394,113.13131313131314,212,2530.0,0.0,3507.070707070707,-977.0707070707072,OPTIMAL
143.93939393939394,115.15151515151516,212,2530.0,0.0,3569.69696969697,-1039.69696969697,OPTIMAL
143.93939393939394,117.17171717171718,212,2530.0,0.0,3632.3232323232323,-1102.3232323232323,OPTIMAL
143.93939393939394,119.1919191919192,212,2530.0,0.0,3694.949494949495,-1164.9494949494951,OPTIMAL
146.96969696969697,0.0,243,180.0,0.0,0.0,180.0,OPTIMAL
146.96969696969697,2.0202020202020203,243,180.0,0.0,0.0,180.0,OPTIMAL
146.96969696969697,4.040404040404041,243,180.0,0.0,0.0,180.0,OPTIMAL
146.96969696969697,6.0606060606060606,243,180.0,0.0,0.0,180.0,OPTIMAL
146.96969696969697,8.080808080808081,243,180.0,0.0,0.0,180.0,OPTIMAL
146.96969696969697,10.101010101010102,243,180.0,0.0,0.0,180.0,OPTIMAL
146.96969696969697,12.121212121212121,243,180.0,0.0,0.0,180.0,OPTIMAL
146.96969696969697,14.141414141414142,243,180.0,0.0,0.0,180.0,OPTIMAL
146.96969696969697,16.161616161616163,243,180.0,0.0,0.0,180.0,OPTIMAL
146.96969696969697,18.181818181818183,243,180.0,0.0,0.0,180.0,OPTIMAL
142.42424242424244,161.61616161616163,212,2530.0,0.0,5010.101010101011,-2480.1010101010106,OPTIMAL
142.42424242424244,163.63636363636365,212,2530.0,0.0,5072.727272727273,-2542.727272727273,OPTIMAL
142.42424242424244,165.65656565656568,212,2530.0,0.0,5135.353535353536,-2605.3535353535362,OPTIMAL
142.42424242424244,167.6767676767677,212,2530.0,0.0,5197.979797979799,-2667.9797979797986,OPTIMAL
142.42424242424244,169.69696969696972,212,2530.0,0.0,5260.606060606061,-2730.606060606061,OPTIMAL
142.42424242424244,171.71717171717174,212,2530.0,0.0,5323.232323232324,-2793.2323232323242,OPTIMAL
142.42424242424244,173.73737373737376,212,2530.0,0.0,5385.858585858587,-2855.8585858585866,OPTIMAL
142.42424242424244,175.75757575757578,212,2530.0,0.0,5448.484848484849,-2918.484848484849,OPTIMAL
142.42424242424244,177.7777777777778,212,2530.0,0.0,5511.111111111112,-2981.111111111112,OPTIMAL
142.42424242424244,179.79797979797982,212,2530.0,0.0,5573.737373737375,-3043.7373737373746,OPTIMAL
145.45454545454544,60.60606060606061,234,600.0,0.0,545.4545454545455,54.545454545454504,OPTIMAL
145.45454545454544,62.62626262626263,234,600.0,0.0,563.6363636363636,36.363636363636374,OPTIMAL
145.45454545454544,64.64646464646465,234,600.0,0.0,581.8181818181819,18.18181818181813,OPTIMAL
145.45454545454544,66.66666666666667,234,600.0,0.0,600.0,0.0,OPTIMAL
145.45454545454544,68.68686868686869,234,600.0,0.0,618.1818181818182,-18.181818181818244,OPTIMAL
145.45454545454544,70.70707070707071,231,810.0,0.0,848.4848484848485,-38.4848484848485,OPTIMAL
145.45454545454544,72.72727272727273,231,810.0,0.0,872.7272727272727,-62.72727272727275,OPTIMAL
145.45454545454544,74.74747474747475,231,810.0,0.0,896.969696969697,-86.969696969697,OPTIMAL
145.45454545454544,76.76767676767678,231,810.0,0.0,921.2121212121212,-111.21212121212125,OPTIMAL
145.45454545454544,78.7878787878788,231,810.0,0.0,945.4545454545455,-135.4545454545455,OPTIMAL
146.96969696969697,20.202020202020204,243,180.0,0.0,0.0,180.0,OPTIMAL
146.96969696969697,22.222222222222225,243,180.0,0.0,0.0,180.0,OPTIMAL
146.96969696969697,24.242424242424242,243,180.0,0.0,0.0,180.0,OPTIMAL
146.96969696969697,26.262626262626263,243,180.0,0.0,0.0,180.0,OPTIMAL
146.96969696969697,28.282828282828284,243,180.0,0.0,0.0,180.0,OPTIMAL
146.96969696969697,30.303030303030305,243,180.0,0.0,0.0,180.0,OPTIMAL
146.96969696969697,32.323232323232325,243,180.0,0.0,0.0,180.0,OPTIMAL
146.96969696969697,34.343434343434346,243,180.0,0.0,0.0,180.0,OPTIMAL
146.96969696969697,36.36363636363637,243,180.0,0.0,0.0,180.0,OPTIMAL
146.96969696969697,38.38383838383839,243,180.0,0.0,0.0,180.0,OPTIMAL
145.45454545454544,80.80808080808082,222,1530.0,0.0,1696.9696969696972,-166.96969696969722,OPTIMAL
145.45454545454544,82.82828282828284,222,1530.0,0.0,1739.3939393939395,-209.3939393939395,OPTIMAL
145.45454545454544,84.84848484848486,222,1530.0,0.0,1781.818181818182,-251.81818181818198,OPTIMAL
145.45454545454544,86.86868686868688,222,1530.0,0.0,1824.2424242424245,-294.2424242424245,OPTIMAL
145.45454545454544,88.8888888888889,222,1530.0,0.0,1866.666666666667,-336.66666666666697,OPTIMAL
145.45454545454544,90.90909090909092,217,1980.0,0.0,2363.636363636364,-383.63636363636397,OPTIMAL
145.45454545454544,92.92929292929294,217,1980.0,0.0,2416.1616161616166,-436.1616161616166,OPTIMAL
145.45454545454544,94.94949494949496,217,1980.0,0.0,2468.686868686869,-488.6868686868688,OPTIMAL
145.45454545454544,96.96969696969697,217,1980.0,0.0,2521.212121212121,-541.212121212121,OPTIMAL
145.45454545454544,98.98989898989899,217,1980.0,0.0,2573.7373737373737,-593.7373737373737,OPTIMAL
143.93939393939394,141.41414141414143,212,2530.0,0.0,4383.838383838384,-1853.8383838383843,OPTIMAL
143.93939393939394,143.43434343434345,212,2530.0,0.0,4446.464646464647,-1916.4646464646466,OPTIMAL
143.93939393939394,145.45454545454547,212,2530.0,0.0,4509.09090909091,-1979.09090909091,OPTIMAL
143.93939393939394,147.4747474747475,212,2530.0,0.0,4571.717171717172,-2041.7171717171723,OPTIMAL
143.93939393939394,149.4949494949495,212,2530.0,0.0,4634.343434343435,-2104.3434343434346,OPTIMAL
143.93939393939394,151.51515151515153,212,2530.0,0.0,4696.969696969697,-2166.969696969697,OPTIMAL
143.93939393939394,153.53535353535355,212,2530.0,0.0,4759.59595959596,-2229.5959595959603,OPTIMAL
143.93939393939394,155.55555555555557,212,2530.0,0.0,4822.222222222223,-2292.2222222222226,OPTIMAL
143.93939393939394,157.5757575757576,212,2530.0,0.0,4884.848484848485,-2354.848484848485,OPTIMAL
143.93939393939394,159.5959595959596,212,2530.0,0.0,4947.474747474748,-2417.4747474747483,OPTIMAL
143.93939393939394,121.21212121212122,212,2530.0,0.0,3757.575757575758,-1227.575757575758,OPTIMAL
143.93939393939394,123.23232323232324,212,2530.0,0.0,3820.2020202020203,-1290.2020202020203,OPTIMAL
143.93939393939394,125.25252525252526,212,2530.0,0.0,3882.828282828283,-1352.8282828282831,OPTIMAL
143.93939393939394,127.27272727272728,212,2530.0,0.0,3945.4545454545455,-1415.4545454545455,OPTIMAL
143.93939393939394,129.2929292929293,212,2530.0,0.0,4008.0808080808083,-1478.0808080808083,OPTIMAL
143.93939393939394,131.31313131313132,212,2530.0,0.0,4070.707070707071,-1540.7070707070711,OPTIMAL
143.93939393939394,133.33333333333334,212,2530.0,0.0,4133.333333333334,-1603.333333333334,OPTIMAL
143.93939393939394,135.35353535353536,212,2530.0,0.0,4195.959595959596,-1665.9595959595963,OPTIMAL
143.93939393939394,137.37373737373738,212,2530.0,0.0,4258.585858585859,-1728.5858585858587,OPTIMAL
143.93939393939394,139.3939393939394,212,2530.0,0.0,4321.212121212122,-1791.212121212122,OPTIMAL
146.96969696969697,40.40404040404041,237,420.0,0.0,242.42424242424244,177.57575757575756,OPTIMAL
146.96969696969697,42.42424242424243,237,420.0,0.0,254.54545454545456,165.45454545454544,OPTIMAL
146.96969696969697,44.44444444444445,237,420.0,0.0,266.6666666666667,153.33333333333331,OPTIMAL
146.96969696969697,46.46464646464647,237,420.0,0.0,278.7878787878788,141.2121212121212,OPTIMAL
146.96969696969697,48.484848484848484,237,420.0,0.0,290.9090909090909,129.09090909090912,OPTIMAL
146.96969696969697,50.505050505050505,237,420.0,0.0,303.030303030303,116.969696969697,OPTIMAL
146.96969696969697,52.525252525252526,237,420.0,0.0,315.1515151515151,104.84848484848487,OPTIMAL
146.96969696969697,54.54545454545455,237,420.0,0.0,327.27272727272725,92.72727272727275,OPTIMAL
146.96969696969697,56.56565656565657,237,420.0,0.0,339.3939393939394,80.60606060606062,OPTIMAL
146.96969696969697,58.58585858585859,237,420.0,0.0,351.5151515151515,68.4848484848485,OPTIMAL
143.93939393939394,161.61616161616163,212,2530.0,0.0,5010.101010101011,-2480.1010101010106,OPTIMAL
143.93939393939394,163.63636363636365,212,2530.0,0.0,5072.727272727273,-2542.727272727273,OPTIMAL
143.93939393939394,165.65656565656568,212,2530.0,0.0,5135.353535353536,-2605.3535353535362,OPTIMAL
143.93939393939394,167.6767676767677,212,2530.0,0.0,5197.979797979799,-2667.9797979797986,OPTIMAL
143.93939393939394,169.69696969696972,212,2530.0,0.0,5260.606060606061,-2730.606060606061,OPTIMAL
143.93939393939394,171.71717171717174,212,2530.0,0.0,5323.232323232324,-2793.2323232323242,OPTIMAL
143.93939393939394,173.73737373737376,212,2530.0,0.0,5385.858585858587,-2855.8585858585866,OPTIMAL
143.93939393939394,175.75757575757578,212,2530.0,0.0,5448.484848484849,-2918.484848484849,OPTIMAL
143.93939393939394,177.7777777777778,212,2530.0,0.0,5511.111111111112,-2981.111111111112,OPTIMAL
143.93939393939394,179.79797979797982,212,2530.0,0.0,5573.737373737375,-3043.7373737373746,OPTIMAL
146.96969696969697,60.60606060606061,234,600.0,0.0,545.4545454545455,54.545454545454504,OPTIMAL
146.96969696969697,62.62626262626263,234,600.0,0.0,563.6363636363636,36.363636363636374,OPTIMAL
146.96969696969697,64.64646464646465,234,600.0,0.0,581.8181818181819,18.18181818181813,OPTIMAL
146.96969696969697,66.66666666666667,234,600.0,0.0,600.0,0.0,OPTIMAL
146.96969696969697,68.68686868686869,234,600.0,0.0,618.1818181818182,-18.181818181818244,OPTIMAL
146.96969696969697,70.70707070707071,231,810.0,0.0,848.4848484848485,-38.4848484848485,OPTIMAL
146.96969696969697,72.72727272727273,231,810.0,0.0,872.7272727272727,-62.72727272727275,OPTIMAL
146.96969696969697,74.74747474747475,231,810.0,0.0,896.969696969697,-86.969696969697,OPTIMAL
146.96969696969697,76.76767676767678,231,810.0,0.0,921.2121212121212,-111.21212121212125,OPTIMAL
146.96969696969697,78.7878787878788,231,810.0,0.0,945.4545454545455,-135.4545454545455,OPTIMAL
148.48484848484847,0.0,243,180.0,0.0,0.0,180.0,OPTIMAL
148.48484848484847,2.0202020202020203,243,180.0,0.0,0.0,180.0,OPTIMAL
148.48484848484847,4.040404040404041,243,180.0,0.0,0.0,180.0,OPTIMAL
148.48484848484847,6.0606060606060606,243,180.0,0.0,0.0,180.0,OPTIMAL
148.48484848484847,8.080808080808081,243,180.0,0.0,0.0,180.0,OPTIMAL
148.48484848484847,10.101010101010102,243,180.0,0.0,0.0,180.0,OPTIMAL
148.48484848484847,12.121212121212121,243,180.0,0.0,0.0,180.0,OPTIMAL
148.48484848484847,14.141414141414142,243,180.0,0.0,0.0,180.0,OPTIMAL
148.48484848484847,16.161616161616163,243,180.0,0.0,0.0,180.0,OPTIMAL
148.48484848484847,18.181818181818183,243,180.0,0.0,0.0,180.0,OPTIMAL
145.45454545454544,101.01010101010101,217,1980.0,0.0,2626.2626262626263,-646.2626262626263,OPTIMAL
145.45454545454544,103.03030303030303,217,1980.0,0.0,2678.787878787879,-698.787878787879,OPTIMAL
145.45454545454544,105.05050505050505,217,1980.0,0.0,2731.313131313131,-751.3131313131312,OPTIMAL
145.45454545454544,107.07070707070707,217,1980.0,0.0,2783.838383838384,-803.8383838383838,OPTIMAL
145.45454545454544,109.0909090909091,217,1980.0,0.0,2836.3636363636365,-856.3636363636365,OPTIMAL
145.45454545454544,111.11111111111111,212,2530.0,0.0,3444.4444444444443,-914.4444444444443,OPTIMAL
145.45454545454544,113.13131313131314,212,2530.0,0.0,3507.070707070707,-977.0707070707072,OPTIMAL
145.45454545454544,115.15151515151516,212,2530.0,0.0,3569.69696969697,-1039.69696969697,OPTIMAL
145.45454545454544,117.17171717171718,212,2530.0,0.0,3632.3232323232323,-1102.3232323232323,OPTIMAL
145.45454545454544,119.1919191919192,212,2530.0,0.0,3694.949494949495,-1164.9494949494951,OPTIMAL
143.93939393939394,181.81818181818184,202,4330.0,0.0,7454.545454545456,-3124.545454545456,OPTIMAL
143.93939393939394,183.83838383838386,202,4330.0,0.0,7537.373737373739,-3207.3737373737385,OPTIMAL
143.93939393939394,185.85858585858588,202,4330.0,0.0,7620.202020202021,-3290.2020202020212,OPTIMAL
143.93939393939394,187.8787878787879,202,4330.0,0.0,7703.030303030304,-3373.030303030304,OPTIMAL
143.93939393939394,189.89898989898992,202,4330.0,0.0,7785.858585858587,-3455.8585858585866,OPTIMAL
143.93939393939394,191.91919191919195,202,4330.0,0.0,7868.68686868687,-3538.68686868687,OPTIMAL
143.93939393939394,193.93939393939394,202,4330.0,0.0,7951.515151515151,-3621.515151515151,OPTIMAL
143.93939393939394,195.95959595959596,202,4330.0,0.0,8034.343434343435,-3704.3434343434346,OPTIMAL
143.93939393939394,197.97979797979798,202,4330.0,0.0,8117.171717171717,-3787.1717171717173,OPTIMAL
143.93939393939394,200.0,202,4330.0,0.0,8200.0,-3870.0,OPTIMAL
148.48484848484847,20.202020202020204,243,180.0,0.0,0.0,180.0,OPTIMAL
148.48484848484847,22.222222222222225,243,180.0,0.0,0.0,180.0,OPTIMAL
148.48484848484847,24.242424242424242,243,180.0,0.0,0.0,180.0,OPTIMAL
148.48484848484847,26.262626262626263,243,180.0,0.0,0.0,180.0,OPTIMAL
148.48484848484847,28.282828282828284,243,180.0,0.0,0.0,180.0,OPTIMAL
148.48484848484847,30.303030303030305,243,180.0,0.0,0.0,180.0,OPTIMAL
148.48484848484847,32.323232323232325,243,180.0,0.0,0.0,180.0,OPTIMAL
148.48484848484847,34.343434343434346,243,180.0,0.0,0.0,180.0,OPTIMAL
148.48484848484847,36.36363636363637,243,180.0,0.0,0.0,180.0,OPTIMAL
148.48484848484847,38.38383838383839,243,180.0,0.0,0.0,180.0,OPTIMAL
146.96969696969697,80.80808080808082,222,1530.0,0.0,1696.9696969696972,-166.96969696969722,OPTIMAL
146.96969696969697,82.82828282828284,222,1530.0,0.0,1739.3939393939395,-209.3939393939395,OPTIMAL
146.96969696969697,84.84848484848486,222,1530.0,0.0,1781.818181818182,-251.81818181818198,OPTIMAL
146.96969696969697,86.86868686868688,222,1530.0,0.0,1824.2424242424245,-294.2424242424245,OPTIMAL
146.96969696969697,88.8888888888889,222,1530.0,0.0,1866.666666666667,-336.66666666666697,OPTIMAL
146.96969696969697,90.90909090909092,217,1980.0,0.0,2363.636363636364,-383.63636363636397,OPTIMAL
146.96969696969697,92.92929292929294,217,1980.0,0.0,2416.1616161616166,-436.1616161616166,OPTIMAL
146.96969696969697,94.94949494949496,217,1980.0,0.0,2468.686868686869,-488.6868686868688,OPTIMAL
146.96969696969697,96.96969696969697,217,1980.0,0.0,2521.212121212121,-541.212121212121,OPTIMAL
146.96969696969697,98.98989898989899,217,1980.0,0.0,2573.7373737373737,-593.7373737373737,OPTIMAL
145.45454545454544,121.21212121212122,212,2530.0,0.0,3757.575757575758,-1227.575757575758,OPTIMAL
145.45454545454544,123.23232323232324,212,2530.0,0.0,3820.2020202020203,-1290.2020202020203,OPTIMAL
145.45454545454544,125.25252525252526,212,2530.0,0.0,3882.828282828283,-1352.8282828282831,OPTIMAL
145.45454545454544,127.27272727272728,212,2530.0,0.0,3945.4545454545455,-1415.4545454545455,OPTIMAL
145.45454545454544,129.2929292929293,212,2530.0,0.0,4008.0808080808083,-1478.0808080808083,OPTIMAL
145.45454545454544,131.31313131313132,212,2530.0,0.0,4070.707070707071,-1540.7070707070711,OPTIMAL
145.45454545454544,133.33333333333334,212,2530.0,0.0,4133.333333333334,-1603.333333333334,OPTIMAL
145.45454545454544,135.35353535353536,212,2530.0,0.0,4195.959595959596,-1665.9595959595963,OPTIMAL
145.45454545454544,137.37373737373738,212,2530.0,0.0,4258.585858585859,-1728.5858585858587,OPTIMAL
145.45454545454544,139.3939393939394,212,2530.0,0.0,4321.212121212122,-1791.212121212122,OPTIMAL
145.45454545454544,141.41414141414143,212,2530.0,0.0,4383.838383838384,-1853.8383838383843,OPTIMAL
145.45454545454544,143.43434343434345,212,2530.0,0.0,4446.464646464647,-1916.4646464646466,OPTIMAL
145.45454545454544,145.45454545454547,212,2530.0,0.0,4509.09090909091,-1979.09090909091,OPTIMAL
145.45454545454544,147.4747474747475,212,2530.0,0.0,4571.717171717172,-2041.7171717171723,OPTIMAL
145.45454545454544,149.4949494949495,212,2530.0,0.0,4634.343434343435,-2104.3434343434346,OPTIMAL
145.45454545454544,151.51515151515153,212,2530.0,0.0,4696.969696969697,-2166.969696969697,OPTIMAL
145.45454545454544,153.53535353535355,212,2530.0,0.0,4759.59595959596,-2229.5959595959603,OPTIMAL
145.45454545454544,155.55555555555557,212,2530.0,0.0,4822.222222222223,-2292.2222222222226,OPTIMAL
145.45454545454544,157.5757575757576,212,2530.0,0.0,4884.848484848485,-2354.848484848485,OPTIMAL
145.45454545454544,159.5959595959596,212,2530.0,0.0,4947.474747474748,-2417.4747474747483,OPTIMAL
148.48484848484847,40.40404040404041,237,420.0,0.0,242.42424242424244,177.57575757575756,OPTIMAL
148.48484848484847,42.42424242424243,237,420.0,0.0,254.54545454545456,165.45454545454544,OPTIMAL
148.48484848484847,44.44444444444445,237,420.0,0.0,266.6666666666667,153.33333333333331,OPTIMAL
148.48484848484847,46.46464646464647,237,420.0,0.0,278.7878787878788,141.2121212121212,OPTIMAL
148.48484848484847,48.484848484848484,237,420.0,0.0,290.9090909090909,129.09090909090912,OPTIMAL
148.48484848484847,50.505050505050505,237,420.0,0.0,303.030303030303,116.969696969697,OPTIMAL
148.48484848484847,52.525252525252526,237,420.0,0.0,315.1515151515151,104.84848484848487,OPTIMAL
148.48484848484847,54.54545454545455,237,420.0,0.0,327.27272727272725,92.72727272727275,OPTIMAL
148.48484848484847,56.56565656565657,237,420.0,0.0,339.3939393939394,80.60606060606062,OPTIMAL
148.48484848484847,58.58585858585859,237,420.0,0.0,351.5151515151515,68.4848484848485,OPTIMAL
148.48484848484847,60.60606060606061,234,600.0,0.0,545.4545454545455,54.545454545454504,OPTIMAL
148.48484848484847,62.62626262626263,234,600.0,0.0,563.6363636363636,36.363636363636374,OPTIMAL
148.48484848484847,64.64646464646465,234,600.0,0.0,581.8181818181819,18.18181818181813,OPTIMAL
148.48484848484847,66.66666666666667,234,600.0,0.0,600.0,0.0,OPTIMAL
148.48484848484847,68.68686868686869,234,600.0,0.0,618.1818181818182,-18.181818181818244,OPTIMAL
148.48484848484847,70.70707070707071,231,810.0,0.0,848.4848484848485,-38.4848484848485,OPTIMAL
148.48484848484847,72.72727272727273,231,810.0,0.0,872.7272727272727,-62.72727272727275,OPTIMAL
148.48484848484847,74.74747474747475,231,810.0,0.0,896.969696969697,-86.969696969697,OPTIMAL
148.48484848484847,76.76767676767678,231,810.0,0.0,921.2121212121212,-111.21212121212125,OPTIMAL
148.48484848484847,78.7878787878788,231,810.0,0.0,945.4545454545455,-135.4545454545455,OPTIMAL
146.96969696969697,101.01010101010101,217,1980.0,0.0,2626.2626262626263,-646.2626262626263,OPTIMAL
146.96969696969697,103.03030303030303,217,1980.0,0.0,2678.787878787879,-698.787878787879,OPTIMAL
146.96969696969697,105.05050505050505,217,1980.0,0.0,2731.313131313131,-751.3131313131312,OPTIMAL
146.96969696969697,107.07070707070707,217,1980.0,0.0,2783.838383838384,-803.8383838383838,OPTIMAL
146.96969696969697,109.0909090909091,217,1980.0,0.0,2836.3636363636365,-856.3636363636365,OPTIMAL
146.96969696969697,111.11111111111111,212,2530.0,0.0,3444.4444444444443,-914.4444444444443,OPTIMAL
146.96969696969697,113.13131313131314,212,2530.0,0.0,3507.070707070707,-977.0707070707072,OPTIMAL
146.96969696969697,115.15151515151516,212,2530.0,0.0,3569.69696969697,-1039.69696969697,OPTIMAL
146.96969696969697,117.17171717171718,212,2530.0,0.0,3632.3232323232323,-1102.3232323232323,OPTIMAL
146.96969696969697,119.1919191919192,212,2530.0,0.0,3694.949494949495,-1164.9494949494951,OPTIMAL
150.0,0.0,243,180.0,0.0,0.0,180.0,OPTIMAL
150.0,2.0202020202020203,243,180.0,0.0,0.0,180.0,OPTIMAL
150.0,4.040404040404041,243,180.0,0.0,0.0,180.0,OPTIMAL
150.0,6.0606060606060606,243,180.0,0.0,0.0,180.0,OPTIMAL
150.0,8.080808080808081,243,180.0,0.0,0.0,180.0,OPTIMAL
150.0,10.101010101010102,243,180.0,0.0,0.0,180.0,OPTIMAL
150.0,12.121212121212121,243,180.0,0.0,0.0,180.0,OPTIMAL
150.0,14.141414141414142,243,180.0,0.0,0.0,180.0,OPTIMAL
150.0,16.161616161616163,243,180.0,0.0,0.0,180.0,OPTIMAL
150.0,18.181818181818183,243,180.0,0.0,0.0,180.0,OPTIMAL
145.45454545454544,161.61616161616163,212,2530.0,0.0,5010.101010101011,-2480.1010101010106,OPTIMAL
145.45454545454544,163.63636363636365,212,2530.0,0.0,5072.727272727273,-2542.727272727273,OPTIMAL
145.45454545454544,165.65656565656568,212,2530.0,0.0,5135.353535353536,-2605.3535353535362,OPTIMAL
145.45454545454544,167.6767676767677,212,2530.0,0.0,5197.979797979799,-2667.9797979797986,OPTIMAL
145.45454545454544,169.69696969696972,212,2530.0,0.0,5260.606060606061,-2730.606060606061,OPTIMAL
145.45454545454544,171.71717171717174,212,2530.0,0.0,5323.232323232324,-2793.2323232323242,OPTIMAL
145.45454545454544,173.73737373737376,212,2530.0,0.0,5385.858585858587,-2855.8585858585866,OPTIMAL
145.45454545454544,175.75757575757578,212,2530.0,0.0,5448.484848484849,-2918.484848484849,OPTIMAL
145.45454545454544,177.7777777777778,212,2530.0,0.0,5511.111111111112,-2981.111111111112,OPTIMAL
145.45454545454544,179.79797979797982,212,2530.0,0.0,5573.737373737375,-3043.7373737373746,OPTIMAL
145.45454545454544,181.81818181818184,202,4330.0,0.0,7454.545454545456,-3124.545454545456,OPTIMAL
145.45454545454544,183.83838383838386,202,4330.0,0.0,7537.373737373739,-3207.3737373737385,OPTIMAL
145.45454545454544,185.85858585858588,202,4330.0,0.0,7620.202020202021,-3290.2020202020212,OPTIMAL
145.45454545454544,187.8787878787879,202,4330.0,0.0,7703.030303030304,-3373.030303030304,OPTIMAL
145.45454545454544,189.89898989898992,202,4330.0,0.0,7785.858585858587,-3455.8585858585866,OPTIMAL
145.45454545454544,191.91919191919195,202,4330.0,0.0,7868.68686868687,-3538.68686868687,OPTIMAL
145.45454545454544,193.93939393939394,202,4330.0,0.0,7951.515151515151,-3621.515151515151,OPTIMAL
145.45454545454544,195.95959595959596,202,4330.0,0.0,8034.343434343435,-3704.3434343434346,OPTIMAL
145.45454545454544,197.97979797979798,202,4330.0,0.0,8117.171717171717,-3787.1717171717173,OPTIMAL
145.45454545454544,200.0,202,4330.0,0.0,8200.0,-3870.0,OPTIMAL
150.0,20.202020202020204,243,180.0,0.0,0.0,180.0,OPTIMAL
150.0,22.222222222222225,243,180.0,0.0,0.0,180.0,OPTIMAL
150.0,24.242424242424242,243,180.0,0.0,0.0,180.0,OPTIMAL
150.0,26.262626262626263,243,180.0,0.0,0.0,180.0,OPTIMAL
150.0,28.282828282828284,243,180.0,0.0,0.0,180.0,OPTIMAL
150.0,30.303030303030305,243,180.0,0.0,0.0,180.0,OPTIMAL
150.0,32.323232323232325,243,180.0,0.0,0.0,180.0,OPTIMAL
150.0,34.343434343434346,243,180.0,0.0,0.0,180.0,OPTIMAL
150.0,36.36363636363637,243,180.0,0.0,0.0,180.0,OPTIMAL
150.0,38.38383838383839,243,180.0,0.0,0.0,180.0,OPTIMAL
148.48484848484847,80.80808080808082,222,1530.0,0.0,1696.9696969696972,-166.96969696969722,OPTIMAL
148.48484848484847,82.82828282828284,222,1530.0,0.0,1739.3939393939395,-209.3939393939395,OPTIMAL
148.48484848484847,84.84848484848486,222,1530.0,0.0,1781.818181818182,-251.81818181818198,OPTIMAL
148.48484848484847,86.86868686868688,222,1530.0,0.0,1824.2424242424245,-294.2424242424245,OPTIMAL
148.48484848484847,88.8888888888889,222,1530.0,0.0,1866.666666666667,-336.66666666666697,OPTIMAL
148.48484848484847,90.90909090909092,217,1980.0,0.0,2363.636363636364,-383.63636363636397,OPTIMAL
148.48484848484847,92.92929292929294,217,1980.0,0.0,2416.1616161616166,-436.1616161616166,OPTIMAL
148.48484848484847,94.94949494949496,217,1980.0,0.0,2468.686868686869,-488.6868686868688,OPTIMAL
148.48484848484847,96.96969696969697,217,1980.0,0.0,2521.212121212121,-541.212121212121,OPTIMAL
148.48484848484847,98.98989898989899,217,1980.0,0.0,2573.7373737373737,-593.7373737373737,OPTIMAL
150.0,40.40404040404041,237,420.0,0.0,242.42424242424244,177.57575757575756,OPTIMAL
150.0,42.42424242424243,237,420.0,0.0,254.54545454545456,165.45454545454544,OPTIMAL
150.0,44.44444444444445,237,420.0,0.0,266.6666666666667,153.33333333333331,OPTIMAL
150.0,46.46464646464647,237,420.0,0.0,278.7878787878788,141.2121212121212,OPTIMAL
150.0,48.484848484848484,237,420.0,0.0,290.9090909090909,129.09090909090912,OPTIMAL
150.0,50.505050505050505,237,420.0,0.0,303.030303030303,116.969696969697,OPTIMAL
150.0,52.525252525252526,237,420.0,0.0,315.1515151515151,104.84848484848487,OPTIMAL
150.0,54.54545454545455,237,420.0,0.0,327.27272727272725,92.72727272727275,OPTIMAL
150.0,56.56565656565657,237,420.0,0.0,339.3939393939394,80.60606060606062,OPTIMAL
150.0,58.58585858585859,237,420.0,0.0,351.5151515151515,68.4848484848485,OPTIMAL
146.96969696969697,141.41414141414143,212,2530.0,0.0,4383.838383838384,-1853.8383838383843,OPTIMAL
146.96969696969697,143.43434343434345,212,2530.0,0.0,4446.464646464647,-1916.4646464646466,OPTIMAL
146.96969696969697,145.45454545454547,212,2530.0,0.0,4509.09090909091,-1979.09090909091,OPTIMAL
146.96969696969697,147.4747474747475,212,2530.0,0.0,4571.717171717172,-2041.7171717171723,OPTIMAL
146.96969696969697,149.4949494949495,212,2530.0,0.0,4634.343434343435,-2104.3434343434346,OPTIMAL
146.96969696969697,151.51515151515153,212,2530.0,0.0,4696.969696969697,-2166.969696969697,OPTIMAL
146.96969696969697,153.53535353535355,212,2530.0,0.0,4759.59595959596,-2229.5959595959603,OPTIMAL
146.96969696969697,155.55555555555557,212,2530.0,0.0,4822.222222222223,-2292.2222222222226,OPTIMAL
146.96969696969697,157.5757575757576,212,2530.0,0.0,4884.848484848485,-2354.848484848485,OPTIMAL
146.96969696969697,159.5959595959596,212,2530.0,0.0,4947.474747474748,-2417.4747474747483,OPTIMAL
146.96969696969697,161.61616161616163,212,2530.0,0.0,5010.101010101011,-2480.1010101010106,OPTIMAL
146.96969696969697,163.63636363636365,212,2530.0,0.0,5072.727272727273,-2542.727272727273,OPTIMAL
146.96969696969697,165.65656565656568,212,2530.0,0.0,5135.353535353536,-2605.3535353535362,OPTIMAL
146.96969696969697,167.6767676767677,212,2530.0,0.0,5197.979797979799,-2667.9797979797986,OPTIMAL
146.96969696969697,169.69696969696972,212,2530.0,0.0,5260.606060606061,-2730.606060606061,OPTIMAL
146.96969696969697,171.71717171717174,212,2530.0,0.0,5323.232323232324,-2793.2323232323242,OPTIMAL
146.96969696969697,173.73737373737376,212,2530.0,0.0,5385.858585858587,-2855.8585858585866,OPTIMAL
146.96969696969697,175.75757575757578,212,2530.0,0.0,5448.484848484849,-2918.484848484849,OPTIMAL
146.96969696969697,177.7777777777778,212,2530.0,0.0,5511.111111111112,-2981.111111111112,OPTIMAL
146.96969696969697,179.79797979797982,212,2530.0,0.0,5573.737373737375,-3043.7373737373746,OPTIMAL
150.0,60.60606060606061,234,600.0,0.0,545.4545454545455,54.545454545454504,OPTIMAL
150.0,62.62626262626263,234,600.0,0.0,563.6363636363636,36.363636363636374,OPTIMAL
150.0,64.64646464646465,234,600.0,0.0,581.8181818181819,18.18181818181813,OPTIMAL
150.0,66.66666666666667,234,600.0,0.0,600.0,0.0,OPTIMAL
150.0,68.68686868686869,234,600.0,0.0,618.1818181818182,-18.181818181818244,OPTIMAL
150.0,70.70707070707071,231,810.0,0.0,848.4848484848485,-38.4848484848485,OPTIMAL
150.0,72.72727272727273,231,810.0,0.0,872.7272727272727,-62.72727272727275,OPTIMAL
150.0,74.74747474747475,231,810.0,0.0,896.969696969697,-86.969696969697,OPTIMAL
150.0,76.76767676767678,231,810.0,0.0,921.2121212121212,-111.21212121212125,OPTIMAL
150.0,78.7878787878788,231,810.0,0.0,945.4545454545455,-135.4545454545455,OPTIMAL
146.96969696969697,121.21212121212122,212,2530.0,0.0,3757.575757575758,-1227.575757575758,OPTIMAL
146.96969696969697,123.23232323232324,212,2530.0,0.0,3820.2020202020203,-1290.2020202020203,OPTIMAL
146.96969696969697,125.25252525252526,212,2530.0,0.0,3882.828282828283,-1352.8282828282831,OPTIMAL
146.96969696969697,127.27272727272728,212,2530.0,0.0,3945.4545454545455,-1415.4545454545455,OPTIMAL
146.96969696969697,129.2929292929293,212,2530.0,0.0,4008.0808080808083,-1478.0808080808083,OPTIMAL
146.96969696969697,131.31313131313132,212,2530.0,0.0,4070.707070707071,-1540.7070707070711,OPTIMAL
146.96969696969697,133.33333333333334,212,2530.0,0.0,4133.333333333334,-1603.333333333334,OPTIMAL
146.96969696969697,135.35353535353536,212,2530.0,0.0,4195.959595959596,-1665.9595959595963,OPTIMAL
146.96969696969697,137.37373737373738,212,2530.0,0.0,4258.585858585859,-1728.5858585858587,OPTIMAL
146.96969696969697,139.3939393939394,212,2530.0,0.0,4321.212121212122,-1791.212121212122,OPTIMAL
148.48484848484847,101.01010101010101,217,1980.0,0.0,2626.2626262626263,-646.2626262626263,OPTIMAL
148.48484848484847,103.03030303030303,217,1980.0,0.0,2678.787878787879,-698.787878787879,OPTIMAL
148.48484848484847,105.05050505050505,217,1980.0,0.0,2731.313131313131,-751.3131313131312,OPTIMAL
148.48484848484847,107.07070707070707,217,1980.0,0.0,2783.838383838384,-803.8383838383838,OPTIMAL
148.48484848484847,109.0909090909091,217,1980.0,0.0,2836.3636363636365,-856.3636363636365,OPTIMAL
148.48484848484847,111.11111111111111,212,2530.0,0.0,3444.4444444444443,-914.4444444444443,OPTIMAL
148.48484848484847,113.13131313131314,212,2530.0,0.0,3507.070707070707,-977.0707070707072,OPTIMAL
148.48484848484847,115.15151515151516,212,2530.0,0.0,3569.69696969697,-1039.69696969697,OPTIMAL
148.48484848484847,117.17171717171718,212,2530.0,0.0,3632.3232323232323,-1102.3232323232323,OPTIMAL
148.48484848484847,119.1919191919192,212,2530.0,0.0,3694.949494949495,-1164.9494949494951,OPTIMAL
146.96969696969697,181.81818181818184,202,4330.0,0.0,7454.545454545456,-3124.545454545456,OPTIMAL
146.96969696969697,183.83838383838386,202,4330.0,0.0,7537.373737373739,-3207.3737373737385,OPTIMAL
146.96969696969697,185.85858585858588,202,4330.0,0.0,7620.202020202021,-3290.2020202020212,OPTIMAL
146.96969696969697,187.8787878787879,202,4330.0,0.0,7703.030303030304,-3373.030303030304,OPTIMAL
146.96969696969697,189.89898989898992,202,4330.0,0.0,7785.858585858587,-3455.8585858585866,OPTIMAL
146.96969696969697,191.91919191919195,202,4330.0,0.0,7868.68686868687,-3538.68686868687,OPTIMAL
146.96969696969697,193.93939393939394,202,4330.0,0.0,7951.515151515151,-3621.515151515151,OPTIMAL
146.96969696969697,195.95959595959596,202,4330.0,0.0,8034.343434343435,-3704.3434343434346,OPTIMAL
146.96969696969697,197.97979797979798,202,4330.0,0.0,8117.171717171717,-3787.1717171717173,OPTIMAL
146.96969696969697,200.0,202,4330.0,0.0,8200.0,-3870.0,OPTIMAL
150.0,80.80808080808082,222,1530.0,0.0,1696.9696969696972,-166.96969696969722,OPTIMAL
150.0,82.82828282828284,222,1530.0,0.0,1739.3939393939395,-209.3939393939395,OPTIMAL
150.0,84.84848484848486,222,1530.0,0.0,1781.818181818182,-251.81818181818198,OPTIMAL
150.0,86.86868686868688,222,1530.0,0.0,1824.2424242424245,-294.2424242424245,OPTIMAL
150.0,88.8888888888889,222,1530.0,0.0,1866.666666666667,-336.66666666666697,OPTIMAL
150.0,90.90909090909092,217,1980.0,0.0,2363.636363636364,-383.63636363636397,OPTIMAL
150.0,92.92929292929294,217,1980.0,0.0,2416.1616161616166,-436.1616161616166,OPTIMAL
150.0,94.94949494949496,217,1980.0,0.0,2468.686868686869,-488.6868686868688,OPTIMAL
150.0,96.96969696969697,217,1980.0,0.0,2521.212121212121,-541.212121212121,OPTIMAL
150.0,98.98989898989899,217,1980.0,0.0,2573.7373737373737,-593.7373737373737,OPTIMAL
148.48484848484847,141.41414141414143,212,2530.0,0.0,4383.838383838384,-1853.8383838383843,OPTIMAL
148.48484848484847,143.43434343434345,212,2530.0,0.0,4446.464646464647,-1916.4646464646466,OPTIMAL
148.48484848484847,145.45454545454547,212,2530.0,0.0,4509.09090909091,-1979.09090909091,OPTIMAL
148.48484848484847,147.4747474747475,212,2530.0,0.0,4571.717171717172,-2041.7171717171723,OPTIMAL
148.48484848484847,149.4949494949495,212,2530.0,0.0,4634.343434343435,-2104.3434343434346,OPTIMAL
148.48484848484847,151.51515151515153,212,2530.0,0.0,4696.969696969697,-2166.969696969697,OPTIMAL
148.48484848484847,153.53535353535355,212,2530.0,0.0,4759.59595959596,-2229.5959595959603,OPTIMAL
148.48484848484847,155.55555555555557,212,2530.0,0.0,4822.222222222223,-2292.2222222222226,OPTIMAL
148.48484848484847,157.5757575757576,212,2530.0,0.0,4884.848484848485,-2354.848484848485,OPTIMAL
148.48484848484847,159.5959595959596,212,2530.0,0.0,4947.474747474748,-2417.4747474747483,OPTIMAL
148.48484848484847,121.21212121212122,212,2530.0,0.0,3757.575757575758,-1227.575757575758,OPTIMAL
148.48484848484847,123.23232323232324,212,2530.0,0.0,3820.2020202020203,-1290.2020202020203,OPTIMAL
148.48484848484847,125.25252525252526,212,2530.0,0.0,3882.828282828283,-1352.8282828282831,OPTIMAL
148.48484848484847,127.27272727272728,212,2530.0,0.0,3945.4545454545455,-1415.4545454545455,OPTIMAL
148.48484848484847,129.2929292929293,212,2530.0,0.0,4008.0808080808083,-1478.0808080808083,OPTIMAL
148.48484848484847,131.31313131313132,212,2530.0,0.0,4070.707070707071,-1540.7070707070711,OPTIMAL
148.48484848484847,133.33333333333334,212,2530.0,0.0,4133.333333333334,-1603.333333333334,OPTIMAL
148.48484848484847,135.35353535353536,212,2530.0,0.0,4195.959595959596,-1665.9595959595963,OPTIMAL
148.48484848484847,137.37373737373738,212,2530.0,0.0,4258.585858585859,-1728.5858585858587,OPTIMAL
148.48484848484847,139.3939393939394,212,2530.0,0.0,4321.212121212122,-1791.212121212122,OPTIMAL
148.48484848484847,161.61616161616163,212,2530.0,0.0,5010.101010101011,-2480.1010101010106,OPTIMAL
148.48484848484847,163.63636363636365,212,2530.0,0.0,5072.727272727273,-2542.727272727273,OPTIMAL
148.48484848484847,165.65656565656568,212,2530.0,0.0,5135.353535353536,-2605.3535353535362,OPTIMAL
148.48484848484847,167.6767676767677,212,2530.0,0.0,5197.979797979799,-2667.9797979797986,OPTIMAL
148.48484848484847,169.69696969696972,212,2530.0,0.0,5260.606060606061,-2730.606060606061,OPTIMAL
148.48484848484847,171.71717171717174,212,2530.0,0.0,5323.232323232324,-2793.2323232323242,OPTIMAL
148.48484848484847,173.73737373737376,212,2530.0,0.0,5385.858585858587,-2855.8585858585866,OPTIMAL
148.48484848484847,175.75757575757578,212,2530.0,0.0,5448.484848484849,-2918.484848484849,OPTIMAL
148.48484848484847,177.7777777777778,212,2530.0,0.0,5511.111111111112,-2981.111111111112,OPTIMAL
148.48484848484847,179.79797979797982,212,2530.0,0.0,5573.737373737375,-3043.7373737373746,OPTIMAL
150.0,101.01010101010101,217,1980.0,0.0,2626.2626262626263,-646.2626262626263,OPTIMAL
150.0,103.03030303030303,217,1980.0,0.0,2678.787878787879,-698.787878787879,OPTIMAL
150.0,105.05050505050505,217,1980.0,0.0,2731.313131313131,-751.3131313131312,OPTIMAL
150.0,107.07070707070707,217,1980.0,0.0,2783.838383838384,-803.8383838383838,OPTIMAL
150.0,109.0909090909091,217,1980.0,0.0,2836.3636363636365,-856.3636363636365,OPTIMAL
150.0,111.11111111111111,212,2530.0,0.0,3444.4444444444443,-914.4444444444443,OPTIMAL
150.0,113.13131313131314,212,2530.0,0.0,3507.070707070707,-977.0707070707072,OPTIMAL
150.0,115.15151515151516,212,2530.0,0.0,3569.69696969697,-1039.69696969697,OPTIMAL
150.0,117.17171717171718,212,2530.0,0.0,3632.3232323232323,-1102.3232323232323,OPTIMAL
150.0,119.1919191919192,212,2530.0,0.0,3694.949494949495,-1164.9494949494951,OPTIMAL
148.48484848484847,181.81818181818184,202,4330.0,0.0,7454.545454545456,-3124.545454545456,OPTIMAL
148.48484848484847,183.83838383838386,202,4330.0,0.0,7537.373737373739,-3207.3737373737385,OPTIMAL
148.48484848484847,185.85858585858588,202,4330.0,0.0,7620.202020202021,-3290.2020202020212,OPTIMAL
148.48484848484847,187.8787878787879,202,4330.0,0.0,7703.030303030304,-3373.030303030304,OPTIMAL
148.48484848484847,189.89898989898992,202,4330.0,0.0,7785.858585858587,-3455.8585858585866,OPTIMAL
148.48484848484847,191.91919191919195,202,4330.0,0.0,7868.68686868687,-3538.68686868687,OPTIMAL
148.48484848484847,193.93939393939394,202,4330.0,0.0,7951.515151515151,-3621.515151515151,OPTIMAL
148.48484848484847,195.95959595959596,202,4330.0,0.0,8034.343434343435,-3704.3434343434346,OPTIMAL
148.48484848484847,197.97979797979798,202,4330.0,0.0,8117.171717171717,-3787.1717171717173,OPTIMAL
148.48484848484847,200.0,202,4330.0,0.0,8200.0,-3870.0,OPTIMAL
150.0,121.21212121212122,212,2530.0,0.0,3757.575757575758,-1227.575757575758,OPTIMAL
150.0,123.23232323232324,212,2530.0,0.0,3820.2020202020203,-1290.2020202020203,OPTIMAL
150.0,125.25252525252526,212,2530.0,0.0,3882.828282828283,-1352.8282828282831,OPTIMAL
150.0,127.27272727272728,212,2530.0,0.0,3945.4545454545455,-1415.4545454545455,OPTIMAL
150.0,129.2929292929293,212,2530.0,0.0,4008.0808080808083,-1478.0808080808083,OPTIMAL
150.0,131.31313131313132,212,2530.0,0.0,4070.707070707071,-1540.7070707070711,OPTIMAL
150.0,133.33333333333334,212,2530.0,0.0,4133.333333333334,-1603.333333333334,OPTIMAL
150.0,135.35353535353536,212,2530.0,0.0,4195.959595959596,-1665.9595959595963,OPTIMAL
150.0,137.37373737373738,212,2530.0,0.0,4258.585858585859,-1728.5858585858587,OPTIMAL
150.0,139.3939393939394,212,2530.0,0.0,4321.212121212122,-1791.212121212122,OPTIMAL
150.0,141.41414141414143,212,2530.0,0.0,4383.838383838384,-1853.8383838383843,OPTIMAL
150.0,143.43434343434345,212,2530.0,0.0,4446.464646464647,-1916.4646464646466,OPTIMAL
150.0,145.45454545454547,212,2530.0,0.0,4509.09090909091,-1979.09090909091,OPTIMAL
150.0,147.4747474747475,212,2530.0,0.0,4571.717171717172,-2041.7171717171723,OPTIMAL
150.0,149.4949494949495,212,2530.0,0.0,4634.343434343435,-2104.3434343434346,OPTIMAL
150.0,151.51515151515153,212,2530.0,0.0,4696.969696969697,-2166.969696969697,OPTIMAL
150.0,153.53535353535355,212,2530.0,0.0,4759.59595959596,-2229.5959595959603,OPTIMAL
150.0,155.55555555555557,212,2530.0,0.0,4822.222222222223,-2292.2222222222226,OPTIMAL
150.0,157.5757575757576,212,2530.0,0.0,4884.848484848485,-2354.848484848485,OPTIMAL
150.0,159.5959595959596,212,2530.0,0.0,4947.474747474748,-2417.4747474747483,OPTIMAL
150.0,161.61616161616163,212,2530.0,0.0,5010.101010101011,-2480.1010101010106,OPTIMAL
150.0,163.63636363636365,212,2530.0,0.0,5072.727272727273,-2542.727272727273,OPTIMAL
150.0,165.65656565656568,212,2530.0,0.0,5135.353535353536,-2605.3535353535362,OPTIMAL
150.0,167.6767676767677,212,2530.0,0.0,5197.979797979799,-2667.9797979797986,OPTIMAL
150.0,169.69696969696972,212,2530.0,0.0,5260.606060606061,-2730.606060606061,OPTIMAL
150.0,171.71717171717174,212,2530.0,0.0,5323.232323232324,-2793.2323232323242,OPTIMAL
150.0,173.73737373737376,212,2530.0,0.0,5385.858585858587,-2855.8585858585866,OPTIMAL
150.0,175.75757575757578,212,2530.0,0.0,5448.484848484849,-2918.484848484849,OPTIMAL
150.0,177.7777777777778,212,2530.0,0.0,5511.111111111112,-2981.111111111112,OPTIMAL
150.0,179.79797979797982,212,2530.0,0.0,5573.737373737375,-3043.7373737373746,OPTIMAL
150.0,181.81818181818184,202,4330.0,0.0,7454.545454545456,-3124.545454545456,OPTIMAL
150.0,183.83838383838386,202,4330.0,0.0,7537.373737373739,-3207.3737373737385,OPTIMAL
150.0,185.85858585858588,202,4330.0,0.0,7620.202020202021,-3290.2020202020212,OPTIMAL
150.0,187.8787878787879,202,4330.0,0.0,7703.030303030304,-3373.030303030304,OPTIMAL
150.0,189.89898989898992,202,4330.0,0.0,7785.858585858587,-3455.8585858585866,OPTIMAL
150.0,191.91919191919195,202,4330.0,0.0,7868.68686868687,-3538.68686868687,OPTIMAL
150.0,193.93939393939394,202,4330.0,0.0,7951.515151515151,-3621.515151515151,OPTIMAL
150.0,195.95959595959596,202,4330.0,0.0,8034.343434343435,-3704.3434343434346,OPTIMAL
150.0,197.97979797979798,202,4330.0,0.0,8117.171717171717,-3787.1717171717173,OPTIMAL
150.0,200.0,202,4330.0,0.0,8200.0,-3870.0,OPTIMAL
