beta,makespan,labor_cost,total_cost
0.6,226.48695008546758,562222.5715975068,562222.5715975068
0.6,226.48695008546758,562222.5715975068,562222.5715975068
0.6,224.13368015851967,568776.865240188,568776.865240188
0.6,249.49939817811858,530737.6941499449,530737.6941499449
0.6,249.1307197543174,531320.5271266154,531320.5271266154
0.6,274.62951708731936,510260.91840293206,510260.91840293206
0.6,252.46344278880636,527477.9351671817,527477.9351671817
0.6,226.61881812042046,561738.9699789137,561738.9699789137
0.6,242.8921272218951,537867.016024212,537867.016024212
0.6,235.49896788048872,547210.0139991265,547210.0139991265
0.6,226.60620043860445,561822.4698495478,561822.4698495478
0.6,254.16272411789157,525679.8508677457,525679.8508677457
0.6,261.02750661238014,518606.2363489235,518606.2363489235
0.6,226.60620043860445,561822.4698495478,561822.4698495478
0.6,224.00751808726793,568994.7787841209,568994.7787841209
0.6,242.85910688054807,537919.5591328836,537919.5591328836
0.6,226.47667262933783,562233.8635916726,562233.8635916726
0.6,250.20372891860916,529974.243198525,529974.243198525
0.6,235.8992537924105,546609.9839436987,546609.9839436987
0.6,242.8921272218951,537867.016024212,537867.016024212
0.6,244.22588548253876,536361.9284272911,536361.9284272911
0.6,262.97406216417147,517286.55676749547,517286.55676749547
0.6,225.58784524803312,563766.86571739,563766.86571739
0.6,271.5894969094062,511951.18658018066,511951.18658018066
0.6,261.25331764872533,518494.7317439715,518494.7317439715
0.6,235.86366336576265,546643.698851976,546643.698851976
0.6,236.4267742944693,546085.9554082302,546085.9554082302
0.6,233.113959497067,550431.7192771898,550431.7192771898
0.6,250.1344012795337,530043.5510949931,530043.5510949931
0.6,261.4014814698703,518418.2302674893,518418.2302674893
0.6,258.8574027885229,520764.4518949188,520764.4518949188
0.6,227.92377941773688,558980.2501052401,558980.2501052401
0.6,244.19843201090248,536365.7734143216,536365.7734143216
0.6,225.47402711138704,564038.6981944425,564038.6981944425
0.6,224.2276719918185,567631.6486618373,567631.6486618373
0.6,237.58148252707514,544560.9436327734,544560.9436327734
0.6,269.58352906040284,512942.61063121737,512942.61063121737
0.6,250.20512306375613,529972.6391032508,529972.6391032508
0.6,273.31753778763255,511023.5998176633,511023.5998176633
0.6,254.16272411789157,525679.8508677457,525679.8508677457
0.6,260.10436745669637,519477.79502083163,519477.79502083163
0.6,236.19871794023794,546366.5338704785,546366.5338704785
0.6,261.4094499744096,518312.9945161548,518312.9945161548
0.6,256.2163037671401,523555.76088525826,523555.76088525826
0.6,236.5834858542798,546007.6710489618,546007.6710489618
0.6,259.95650168334123,519611.1589115501,519611.1589115501
0.6,267.91382770236584,513839.8477679074,513839.8477679074
0.6,224.13753602199023,568551.7097300154,568551.7097300154
0.6,275.7178845202482,509585.50705758604,509585.50705758604
0.6,249.47038210752373,530760.472396606,530760.472396606
0.6,225.2849663794245,564752.7386964035,564752.7386964035
0.6,275.7178845202482,509585.50705758604,509585.50705758604
0.6,239.58333257510316,542220.9773336113,542220.9773336113
0.6,252.5218388412845,527439.0124342267,527439.0124342267
0.6,250.1313692508464,530045.980435301,530045.980435301
0.6,267.70205502969424,513989.301524946,513989.301524946
0.6,243.36080883992008,537328.4576503986,537328.4576503986
0.6,267.90630541318467,513896.4080297956,513896.4080297956
0.6,255.63889485126936,524022.2398356147,524022.2398356147
0.6,239.85928644133833,541678.2039357296,541678.2039357296
0.6,239.71535945471268,541827.310535109,541827.310535109
0.6,275.4262845375171,509668.4324445502,509668.4324445502
0.6,236.88590143565764,545548.6248594897,545548.6248594897
0.6,236.4258882850581,546086.2976474792,546086.2976474792
0.6,223.24673978278997,570733.2662654372,570733.2662654372
0.6,260.40081857521733,519226.1032317389,519226.1032317389
0.6,249.57902762479782,530590.7425293501,530590.7425293501
0.6,235.0260912442364,547939.9608278895,547939.9608278895
0.6,248.7592426376594,531546.2160100039,531546.2160100039
0.6,247.9817417608138,532355.65838264,532355.65838264
0.6,242.64010104379562,538355.8104516539,538355.8104516539
0.6,226.61633976983498,561739.9222031869,561739.9222031869
0.6,243.54862930608996,537000.9253898191,537000.9253898191
0.6,257.4884167184977,522051.77575092117,522051.77575092117
0.6,224.4523813482139,566622.8526387664,566622.8526387664
0.6,234.8536431091677,548033.6287071037,548033.6287071037
0.6,224.2263087328608,568466.2493482066,568466.2493482066
0.6,226.52448017380516,561988.016684531,561988.016684531
0.6,235.73233762892966,547037.305747651,547037.305747651
0.6,227.71188545114188,559207.4732423006,559207.4732423006
0.6,262.5271140582918,517407.7017822139,517407.7017822139
0.6,243.48744831929946,537199.595200079,537199.595200079
0.6,243.36080883992008,537328.4576503986,537328.4576503986
0.6,259.6389259072965,520080.782872346,520080.782872346
0.6,255.87105978564492,523660.8617393854,523660.8617393854
0.6,231.7570392442539,552329.7887405928,552329.7887405928
0.6,262.7193356259106,517359.7490537732,517359.7490537732
0.6,236.89006279667348,545425.810078055,545425.810078055
0.6,226.52448017380516,561988.016684531,561988.016684531
0.6,240.26798078269513,541110.7058491707,541110.7058491707
0.6,249.41631016810098,530844.3072284309,530844.3072284309
0.6,239.8532534518524,541687.4408035941,541687.4408035941
0.6,230.5551523645075,554008.1153859862,554008.1153859862
0.6,240.43854679416788,540842.257803103,540842.257803103
0.6,267.70205502969424,513989.301524946,513989.301524946
0.6,233.1302393508346,550285.5613500925,550285.5613500925
0.6,250.3745302110058,529754.9918584352,529754.9918584352
0.6,261.49195450235754,518240.08774157387,518240.08774157387
0.6,262.3866364193003,517594.36966855463,517594.36966855463
0.6,258.7712857943915,520852.5617323845,520852.5617323845
0.6,272.1103863787767,511526.7572043368,511526.7572043368
0.6,225.71415253609865,563610.5054209443,563610.5054209443
0.6,258.9027002756109,520752.490946442,520752.490946442
0.6,244.19977871512202,536363.7233067845,536363.7233067845
0.6,229.3409689096362,555794.002187195,555794.002187195
0.6,258.56705970963156,520992.6799137049,520992.6799137049
0.6,275.4342913257177,509661.30232199637,509661.30232199637
0.6,262.74763298815947,517331.02737875166,517331.02737875166
0.6,230.5551523645075,554008.1153859862,554008.1153859862
0.6,248.7592426376594,531546.2160100039,531546.2160100039
0.6,226.5058053517296,562216.6467734192,562216.6467734192
0.6,246.0211676136497,534407.1465502706,534407.1465502706
0.6,273.31753778763255,511023.5998176633,511023.5998176633
0.6,225.47402711138704,564038.6981944425,564038.6981944425
0.6,252.6873962969706,527183.890318301,527183.890318301
0.6,260.10436745669637,519477.79502083163,519477.79502083163
0.6,245.33057829540124,535144.179654064,535144.179654064
0.6,249.57902762479782,530590.7425293501,530590.7425293501
0.6,241.7304010529759,539265.4740582427,539265.4740582427
0.6,233.94795776658816,549243.2402057626,549243.2402057626
0.6,255.5535660951135,524298.6144245284,524298.6144245284
0.6,248.5471562925361,531689.7955552305,531689.7955552305
0.6,237.82494723921175,544420.7156550842,544420.7156550842
0.6,243.23495901134456,537450.2598695268,537450.2598695268
0.6,226.52448017380516,561988.016684531,561988.016684531
0.6,223.24368263618186,570734.7222896499,570734.7222896499
0.6,242.8945921495076,537857.744952684,537857.744952684
0.6,233.9897010587145,549224.4907594206,549224.4907594206
0.6,248.94690904815678,531321.9886392821,531321.9886392821
0.6,249.49939817811858,530737.6941499449,530737.6941499449
0.6,268.60453409717167,513293.0449592542,513293.0449592542
0.6,234.58223800657774,548571.41724116,548571.41724116
0.6,256.85807078577585,522701.38438842905,522701.38438842905
0.6,253.7566353761515,526079.1076361784,526079.1076361784
0.6,275.15031074692683,509828.3166258327,509828.3166258327
0.6,227.8246751289793,559082.2588967143,559082.2588967143
0.6,256.84625835404444,522794.67273198464,522794.67273198464
0.6,250.3745302110058,529754.9918584352,529754.9918584352
0.6,233.9700438738754,549235.7692025618,549235.7692025618
0.6,243.31580805763835,537373.6815834679,537373.6815834679
0.6,233.06490624225256,550438.0182825148,550438.0182825148
0.6,259.91837642402794,519625.78035358863,519625.78035358863
0.6,282.3628679490696,506993.4458792393,506993.4458792393
0.6,227.92514278388114,558936.4852062125,558936.4852062125
0.6,243.21287700849655,537511.1444516928,537511.1444516928
0.6,233.91554684169202,549255.8983800135,549255.8983800135
0.6,258.67640839879846,520946.9177663513,520946.9177663513
0.6,248.20285514248638,532099.0104862967,532099.0104862967
0.6,229.22717119755848,555922.6553586152,555922.6553586152
0.6,262.5271140582918,517407.7017822139,517407.7017822139
0.6,235.0260912442364,547939.9608278895,547939.9608278895
0.6,246.2857824336712,534022.8375825668,534022.8375825668
0.6,234.16797672429226,549017.8009051401,549017.8009051401
0.6,252.46344278880636,527477.9351671817,527477.9351671817
0.6,287.5888123826466,505507.3966190901,505507.3966190901
0.6,277.97020647857727,508404.16948011855,508404.16948011855
0.6,271.018731828396,512177.34524727263,512177.34524727263
0.6,276.69731234912865,508865.5815559853,508865.5815559853
0.6,272.3721597958891,511499.370096123,511499.370096123
0.6,260.10436745669637,519477.79502083163,519477.79502083163
0.6,242.6636762765406,538208.930307316,538208.930307316
0.6,282.3035089933855,507011.33038768324,507011.33038768324
0.6,223.73867517691986,569214.7766980387,569214.7766980387
0.6,223.7739432336627,569022.285883584,569022.285883584
0.6,282.94500076430097,506773.05073398445,506773.05073398445
0.6,261.46565248369745,518247.3880649108,518247.3880649108
0.6,273.1296887077756,511122.5674258372,511122.5674258372
0.6,228.7825401977806,556606.8124953853,556606.8124953853
0.6,250.49575277701786,529628.9711542012,529628.9711542012
0.6,237.86344002987263,544383.5685548263,544383.5685548263
0.6,228.2201368841588,557600.7329534816,557600.7329534816
0.6,227.48546010896206,559560.1064807384,559560.1064807384
0.6,255.0582302363095,524637.9985813894,524637.9985813894
0.6,245.32457904205557,535153.9325831179,535153.9325831179
0.6,231.37682539654767,552865.9571684739,552865.9571684739
0.6,254.2633124019405,525623.1628964508,525623.1628964508
0.6,243.90923778857098,536809.6044104011,536809.6044104011
0.6,258.6944296025612,520921.0978300022,520921.0978300022
0.6,255.3888593535504,524309.084757139,524309.084757139
0.6,235.27737670835907,547427.5890075861,547427.5890075861
0.6,259.7473628461797,520002.53848424694,520002.53848424694
0.6,242.063619508202,538809.7720208722,538809.7720208722
0.6,224.2263087328608,568466.2493482066,568466.2493482066
0.6,243.51955369481013,537020.3201777441,537020.3201777441
0.6,255.20328510663205,524605.3188979048,524605.3188979048
0.6,261.25331764872533,518494.7317439715,518494.7317439715
0.6,270.64461348739286,512465.8877809184,512465.8877809184
0.6,271.018731828396,512177.34524727263,512177.34524727263
0.6,223.99895650881533,569007.5492929423,569007.5492929423
0.6,259.37861241925924,520162.72318311187,520162.72318311187
0.6,230.69816811605435,553906.5151100426,553906.5151100426
0.6,250.18289242967487,529983.4659366054,529983.4659366054
0.6,247.15828407162638,533017.2561958116,533017.2561958116
0.6,227.55524289345308,559409.9445161966,559409.9445161966
0.6,258.9296803629568,520716.0808973496,520716.0808973496
0.6,234.16797672429226,549017.8009051401,549017.8009051401
0.6,245.29480915183126,535193.181802082,535193.181802082
0.6,255.7927726588682,523946.0188888786,523946.0188888786
0.6,229.78699655939346,555064.5531145055,555064.5531145055
0.6,260.95702201433016,518713.01459118864,518713.01459118864
0.6,250.49758768661323,529623.3772651111,529623.3772651111
0.6,244.6330575262009,535843.8550967006,535843.8550967006
0.6,246.0993192032164,534401.205916647,534401.205916647
0.6,257.46137785290955,522240.1593574396,522240.1593574396
0.6,290.9544119969354,504667.27841427625,504667.27841427625
0.6,241.78221802063646,539135.7400549692,539135.7400549692
0.6,226.56720752168363,561825.5402446145,561825.5402446145
0.6,247.74467508530066,532454.2410182909,532454.2410182909
0.6,255.63889485126936,524022.2398356147,524022.2398356147
0.6,259.95650168334123,519611.1589115501,519611.1589115501
0.6,257.35989377326695,522356.7375331633,522356.7375331633
0.6,275.2779661426125,509723.03343752795,509723.03343752795
0.6,292.0158354008939,504383.54132845055,504383.54132845055
0.6,238.4067610967595,543777.2398431678,543777.2398431678
0.6,230.10397642150252,554527.1463327754,554527.1463327754
0.6,237.58148252707514,544560.9436327734,544560.9436327734
0.6,236.58277238679068,546008.3104227365,546008.3104227365
0.6,243.36080883992008,537328.4576503986,537328.4576503986
0.6,292.54778054934235,504158.5272128719,504158.5272128719
0.6,233.6662813663803,549526.8591398476,549526.8591398476
0.6,252.55225237988108,527225.1606715705,527225.1606715705
0.6,274.7624297016909,510099.2736476454,510099.2736476454
0.6,261.5191251377708,518148.32973769406,518148.32973769406
0.6,226.26847152640744,562350.4037060023,562350.4037060023
0.6,248.64565071714026,531644.001918662,531644.001918662
0.6,228.3719270746002,557363.3828364303,557363.3828364303
0.6,248.1632962074472,532292.8427604483,532292.8427604483
0.6,271.018731828396,512177.34524727263,512177.34524727263
0.6,239.35825030117,542315.567484353,542315.567484353
0.6,233.2586950300669,550026.1360444978,550026.1360444978
0.6,287.52604340223104,505537.8057467918,505537.8057467918
0.6,256.75060311300683,522898.2861242132,522898.2861242132
0.6,226.0945499103492,562580.3024301839,562580.3024301839
0.6,288.6842985931828,505208.7241314505,505208.7241314505
0.6,277.97020647857727,508404.16948011855,508404.16948011855
0.6,249.57711473774566,530619.5991627628,530619.5991627628
0.6,232.53148029566415,551271.7952092629,551271.7952092629
0.6,247.9817417608138,532355.65838264,532355.65838264
0.6,255.36292541586855,524380.3354250597,524380.3354250597
0.6,266.98120338436615,514361.62511493557,514361.62511493557
0.6,226.51824515823486,562201.1655834112,562201.1655834112
0.6,271.6508842667027,511792.31687715754,511792.31687715754
0.6,236.20859070351676,546346.7971303666,546346.7971303666
0.6,274.7624297016909,510099.2736476454,510099.2736476454
0.6,263.0993988816039,517263.7637022936,517263.7637022936
0.6,250.94201561093033,529015.8336033532,529015.8336033532
0.6,248.93157786201843,531328.1479260093,531328.1479260093
0.6,240.16369465677155,541236.3532159636,541236.3532159636
0.6,226.61881812042046,561738.9699789137,561738.9699789137
0.6,231.4627666491531,552477.7487790289,552477.7487790289
0.6,250.94201561093033,529015.8336033532,529015.8336033532
0.6,240.16369465677155,541236.3532159636,541236.3532159636
0.6,235.83009160061522,546693.6343745864,546693.6343745864
0.6,253.46098942321308,526123.8983527259,526123.8983527259
0.6,263.19865116198304,517228.031095239,517228.031095239
0.6,244.92344385853698,535490.0386574706,535490.0386574706
0.6,246.57487139915057,533605.2393058223,533605.2393058223
0.6,234.59964334629328,548367.0220134257,548367.0220134257
0.6,259.59402635099525,520112.4175543001,520112.4175543001
0.6,225.01116300923024,565118.7557492021,565118.7557492021
0.6,246.47683534899724,533835.615219692,533835.615219692
0.6,225.57697178873406,563952.4903400277,563952.4903400277
0.6,257.0957989059842,522496.709946837,522496.709946837
0.6,235.60783069421961,547107.4975491001,547107.4975491001
0.6,237.82494723921175,544420.7156550842,544420.7156550842
0.6,259.6389259072965,520080.782872346,520080.782872346
0.6,249.3232582682774,530979.9573130878,530979.9573130878
0.6,257.60484281948726,521964.15884150227,521964.15884150227
0.6,247.48268082331796,532828.5441156318,532828.5441156318
0.6,235.73233762892966,547037.305747651,547037.305747651
0.6,238.26787571987782,543809.6574777506,543809.6574777506
0.6,292.54073761821184,504204.9692028074,504204.9692028074
0.6,264.19271860725837,516613.6321237621,516613.6321237621
0.6,259.6389259072965,520080.782872346,520080.782872346
0.6,267.37091045348774,514161.775701397,514161.775701397
0.6,247.50492689520073,532739.1274630137,532739.1274630137
0.6,234.3053968318095,548837.3647919621,548837.3647919621
0.6,236.0967058360079,546454.7990325673,546454.7990325673
0.6,245.35673290296518,535045.1751420288,535045.1751420288
0.6,259.6191734129806,520106.98295779416,520106.98295779416
0.6,266.0545552750136,515240.0654111116,515240.0654111116
0.6,271.4788399026615,511988.01048212254,511988.01048212254
0.6,262.5271140582918,517407.7017822139,517407.7017822139
0.6,256.34030624550917,523203.85352482414,523203.85352482414
0.6,234.03713663309375,549159.283215993,549159.283215993
0.6,226.74017101155684,561223.7578449405,561223.7578449405
0.6,245.49934248812588,534789.1014602592,534789.1014602592
0.6,257.4057588834946,522322.5249281969,522322.5249281969
0.6,243.23495901134456,537450.2598695268,537450.2598695268
0.6,274.82816918195715,509986.784137385,509986.784137385
0.6,270.96614460823946,512180.27270407334,512180.27270407334
0.6,259.5220453135566,520141.2474235781,520141.2474235781
0.6,253.94426768517758,525908.2722380483,525908.2722380483
0.6,270.6662901565132,512400.26849376166,512400.26849376166
0.6,241.11620355657652,539664.2277024351,539664.2277024351
0.6,236.89006279667348,545425.810078055,545425.810078055
0.6,284.6647603042408,506230.9281831822,506230.9281831822
0.6,281.78461605486825,507099.16823964095,507099.16823964095
0.6,276.41323842002856,509120.55366099393,509120.55366099393
0.6,262.2901640784382,517628.1614009063,517628.1614009063
0.6,269.66285250917736,512939.9599259227,512939.9599259227
0.6,225.29756549493905,564742.7984719832,564742.7984719832
0.6,260.95702201433016,518713.01459118864,518713.01459118864
0.6,271.6508842667027,511792.31687715754,511792.31687715754
0.6,237.1403579037468,545303.0807711838,545303.0807711838
0.6,272.7274019360876,511367.3829896272,511367.3829896272
0.6,285.3913836746088,505990.12171952584,505990.12171952584
0.6,265.2001961573176,515814.4033490728,515814.4033490728
0.6,225.7574813653662,563456.8464464502,563456.8464464502
0.6,271.649916241527,511792.3496928944,511792.3496928944
0.6,257.4884167184977,522051.77575092117,522051.77575092117
0.6,245.63050364246826,534715.7095952441,534715.7095952441
0.6,256.26301300662516,523301.8369773454,523301.8369773454
0.6,235.75570185112176,546968.9070086535,546968.9070086535
0.6,253.95551589722683,525683.6313467791,525683.6313467791
0.6,242.77091466321565,537950.7948166026,537950.7948166026
0.6,255.6885865559257,523975.88832347794,523975.88832347794
0.6,260.96382979030705,518648.776644742,518648.776644742
0.6,286.6753838428582,505670.9310611072,505670.9310611072
0.6,239.48287813283562,542257.4226100656,542257.4226100656
0.6,233.841334136141,549292.1122184611,549292.1122184611
0.6,259.29031069778114,520248.9237410621,520248.9237410621
0.6,233.7972064425082,549378.7382056451,549378.7382056451
0.6,239.10314294239743,542606.8218011794,542606.8218011794
0.6,290.17778943992226,504816.12204555655,504816.12204555655
0.6,244.38712070263773,536088.254153378,536088.254153378
0.6,225.76213947028597,563249.617573486,563249.617573486
0.6,263.95293506033187,516784.0357336026,516784.0357336026
0.6,286.578687157959,505701.027844297,505701.027844297
0.6,226.92751964785333,560431.0248271213,560431.0248271213
0.6,237.0766783481357,545378.1042003811,545378.1042003811
0.6,272.7274019360876,511367.3829896272,511367.3829896272
0.6,272.21024143533714,511518.8386230427,511518.8386230427
0.6,239.1878823092887,542582.9502782391,542582.9502782391
0.6,227.9256956492138,558312.8976539103,558312.8976539103
0.6,271.53833150200506,511957.19261882827,511957.19261882827
0.6,265.5601694494414,515619.78136794124,515619.78136794124
0.6,241.43535634099658,539361.9805197911,539361.9805197911
0.6,245.14175955543635,535441.8905255088,535441.8905255088
0.6,247.16620346804402,532902.4078408317,532902.4078408317
0.6,256.9122329155212,522510.00719684764,522510.00719684764
0.6,290.9544119969354,504667.27841427625,504667.27841427625
0.6,292.1341322417368,504308.0319620628,504308.0319620628
0.6,225.71415253609865,563610.5054209443,563610.5054209443
0.6,235.99091334873893,546553.1839284175,546553.1839284175
0.6,227.4898247497004,559546.4680688451,559546.4680688451
0.6,229.22736761702345,555813.2234093284,555813.2234093284
0.6,225.56272809121546,563964.2168408046,563964.2168408046
0.6,282.2981894659579,507012.82756135165,507012.82756135165
0.6,226.15523933103847,562471.3249603274,562471.3249603274
0.6,265.83255561908527,515486.54526499077,515486.54526499077
0.6,242.75688206345262,538167.8892892557,538167.8892892557
0.6,273.41945137292606,510896.32640650135,510896.32640650135
0.6,240.58033795185563,540538.9717874655,540538.9717874655
0.6,255.25469029092514,524505.3692567409,524505.3692567409
0.6,263.9655968876731,516769.93079448736,516769.93079448736
0.6,224.05755207063686,568844.2206853422,568844.2206853422
0.6,231.47810662209085,552471.8567744021,552471.8567744021
0.6,242.16445516351246,538621.1720740001,538621.1720740001
0.6,240.1891286056079,541130.2714461624,541130.2714461624
0.6,278.6632043407358,508061.48077845335,508061.48077845335
0.6,289.7075192888437,504864.36776762723,504864.36776762723
0.6,241.7829114555234,538978.1241384689,538978.1241384689
0.6,290.16781805721513,504831.89755890344,504831.89755890344
0.6,230.37693555792706,554138.7903972876,554138.7903972876
0.6,248.30540378444198,531919.113000209,531919.113000209
0.6,229.50522882833937,555522.8654211869,555522.8654211869
0.6,236.89006279667348,545425.810078055,545425.810078055
0.6,271.97821524540393,511745.2806920853,511745.2806920853
0.6,272.64043787187995,511392.4145806129,511392.4145806129
0.6,241.11620355657652,539664.2277024351,539664.2277024351
0.6,242.16445516351246,538621.1720740001,538621.1720740001
0.6,232.67361046077534,550813.824624671,550813.824624671
0.6,283.3485325277225,506540.34767407255,506540.34767407255
0.6,228.26982046750413,557469.8179076923,557469.8179076923
0.6,287.61808842522515,505502.55422132683,505502.55422132683
0.6,234.75188957599298,548180.8677348872,548180.8677348872
0.6,252.76361545684037,527018.1919479605,527018.1919479605
0.6,239.9407601038468,541491.9795136292,541491.9795136292
0.6,261.281507445074,518478.40688195126,518478.40688195126
0.6,271.97954148585626,511676.9347311808,511676.9347311808
0.6,235.51620881472485,547186.8661613511,547186.8661613511
0.6,226.10592941747012,562566.1352749667,562566.1352749667
0.6,225.4606910536523,564040.1640168561,564040.1640168561
0.6,279.8752403752442,507637.44763407507,507637.44763407507
0.6,253.37915205058883,526262.6678737476,526262.6678737476
0.6,239.47645517836233,542263.2224410176,542263.2224410176
0.6,234.5979612796236,548566.2883265874,548566.2883265874
0.6,291.21874087628186,504607.2229942662,504607.2229942662
0.6,257.60578194155585,521963.52408440295,521963.52408440295
0.6,277.81905364911364,508542.7438053453,508542.7438053453
0.6,255.36145484144382,524428.8326386327,524428.8326386327
0.6,281.25553068677067,507183.75414603704,507183.75414603704
0.6,238.4683127109298,543532.1090789954,543532.1090789954
0.6,263.6834335406833,516829.8221841148,516829.8221841148
0.6,229.88003621067054,554989.1723150526,554989.1723150526
0.6,235.76604144163568,546793.7108483064,546793.7108483064
0.6,271.1627880150898,512072.43936784833,512072.43936784833
0.6,223.73867517691986,569214.7766980387,569214.7766980387
0.6,236.25143665545656,546158.7328679231,546158.7328679231
0.6,226.64318945872762,561505.4050959474,561505.4050959474
0.6,230.35849181959298,554433.17366169,554433.17366169
0.6,268.7480103079234,513138.40351511096,513138.40351511096
0.6,246.12708299597793,534383.2209578438,534383.2209578438
0.6,226.54253696854533,561853.6727649276,561853.6727649276
0.6,282.70899318878963,506875.35089257534,506875.35089257534
0.6,265.3393383268405,515798.7668308983,515798.7668308983
0.6,276.1231376549515,509293.6688096329,509293.6688096329
0.6,226.41263501075,562267.8606936777,562267.8606936777
0.6,232.10246546323788,551653.0106488456,551653.0106488456
0.6,238.53455912341698,543242.089218195,543242.089218195
0.6,265.4572781669072,515745.132694664,515745.132694664
0.6,245.14530332778253,535440.3429509464,535440.3429509464
0.6,234.46127548962994,548641.7387209046,548641.7387209046
0.6,269.7866709706284,512768.98892198823,512768.98892198823
0.6,229.02124371544113,555977.694357298,555977.694357298
0.6,228.1167902574873,557811.594626571,557811.594626571
0.6,235.10597440196304,547674.8971932855,547674.8971932855
0.6,224.23891533684474,567329.1267987317,567329.1267987317
0.6,248.0217171763025,532353.2073675833,532353.2073675833
0.6,270.94551894158434,512360.3210031025,512360.3210031025
0.6,253.37915205058883,526262.6678737476,526262.6678737476
0.6,228.39322082927401,557048.7770709913,557048.7770709913
0.6,253.4199337377396,526209.3550878931,526209.3550878931
0.6,236.15786311360858,546398.6360555149,546398.6360555149
0.6,248.30719450747478,531917.4576598649,531917.4576598649
0.6,231.66910773403848,552390.9640094726,552390.9640094726
0.6,223.2214952135685,570736.9978265599,570736.9978265599
0.6,278.1040632933361,508376.6960893506,508376.6960893506
0.6,252.76361545684037,527018.1919479605,527018.1919479605
0.6,259.37606283547893,520164.73603361944,520164.73603361944
0.6,234.84401663774864,548039.2798474727,548039.2798474727
0.6,290.18561602667734,504785.6403271698,504785.6403271698
0.6,224.20736231489462,568477.0403333792,568477.0403333792
0.6,229.72386927635034,555466.4108322272,555466.4108322272
0.6,270.9659080383022,512342.25098642753,512342.25098642753
0.6,273.2721966975316,511065.6546423286,511065.6546423286
0.6,248.7592426376594,531546.2160100039,531546.2160100039
0.6,279.53835839441064,507890.56112377584,507890.56112377584
0.6,239.030281219476,542809.5481592581,542809.5481592581
0.6,261.1561994811044,518547.41631402867,518547.41631402867
0.6,244.7686188256641,535641.6221080939,535641.6221080939
0.6,255.0228589494482,524684.7576523745,524684.7576523745
0.6,257.8255241095628,521653.17176083376,521653.17176083376
0.6,237.2092253087333,545177.7637220442,545177.7637220442
0.6,245.7554513093161,534583.9282396063,534583.9282396063
0.6,227.65844171342408,559324.4233158047,559324.4233158047
0.6,229.78121496012682,555074.1482163859,555074.1482163859
0.6,282.81571682873886,506829.75496446725,506829.75496446725
0.6,224.4657843975652,566311.2874834724,566311.2874834724
0.6,255.1817048254113,524615.2079264697,524615.2079264697
0.6,284.10811250043383,506265.39251907123,506265.39251907123
0.6,247.9447788011543,532359.0208960745,532359.0208960745
0.6,248.1632962074472,532292.8427604483,532292.8427604483
0.6,240.78453454785142,540155.0338979636,540155.0338979636
0.6,230.5980716935155,553995.089346576,553995.089346576
0.6,252.08370725110638,527506.8805004209,527506.8805004209
0.6,230.03303739974191,554747.8488318112,554747.8488318112
0.6,289.06415202115704,505024.8180064619,505024.8180064619
0.6,243.4126523644979,537325.4290057288,537325.4290057288
0.6,243.41547594258728,537268.1073544447,537268.1073544447
0.6,234.10755975521494,549098.3063320715,549098.3063320715
0.6,255.58607880971167,524053.9264802714,524053.9264802714
0.6,287.5888123826466,505507.3966190901,505507.3966190901
0.6,238.79227792354428,543014.6392512498,543014.6392512498
0.6,241.92584656606485,538943.5184867266,538943.5184867266
0.6,279.45737104458885,507903.23935076635,507903.23935076635
0.6,273.389833096534,510945.7188529909,510945.7188529909
0.6,239.58333257510316,542220.9773336113,542220.9773336113
0.6,291.21874087628186,504607.2229942662,504607.2229942662
0.6,254.9242781884192,524799.3849800115,524799.3849800115
0.6,242.75688206345262,538167.8892892557,538167.8892892557
0.6,246.92343224532894,533071.9775848592,533071.9775848592
0.6,242.6796334684141,538203.7676836716,538203.7676836716
0.6,293.70461403906876,503956.13651374733,503956.13651374733
0.6,265.83605856550275,515433.85810366436,515433.85810366436
0.6,248.9055804930401,531406.7681310043,531406.7681310043
0.6,269.7866709706284,512768.98892198823,512768.98892198823
0.6,224.17050711173118,568507.6923862587,568507.6923862587
0.6,278.07559262360667,508390.97041930945,508390.97041930945
0.6,278.18216862087525,508276.19578159385,508276.19578159385
0.6,247.93461277121273,532389.4886071075,532389.4886071075
0.6,240.45468293736056,540829.0001349262,540829.0001349262
0.6,272.8065545084437,511223.79861079226,511223.79861079226
0.6,234.5447498005837,548606.2163439516,548606.2163439516
0.6,261.38291106589577,518472.91529229557,518472.91529229557
0.6,268.4200567085554,513540.5391861757,513540.5391861757
0.6,270.0333184316362,512604.7827037386,512604.7827037386
0.6,276.8284605297277,508817.7233114587,508817.7233114587
0.6,272.1103863787767,511526.7572043368,511526.7572043368
0.6,254.3454740596604,525507.7213755692,525507.7213755692
0.6,290.1684898525198,504831.29795562074,504831.29795562074
0.6,240.40268504072864,540996.9230229605,540996.9230229605
0.6,251.52353315414717,528261.8581785517,528261.8581785517
0.6,226.3131739773168,562346.3431469336,562346.3431469336
0.6,266.5767184226094,514650.96170600364,514650.96170600364
0.6,267.45624171714513,514131.81857598585,514131.81857598585
0.6,257.43127124956715,522321.7004769641,522321.7004769641
0.6,265.867748124156,515341.5272401268,515341.5272401268
0.6,235.69166310182868,547045.7518026726,547045.7518026726
0.6,253.18196611118736,526507.8965913254,526507.8965913254
0.6,293.4825408463715,503963.3514138766,503963.3514138766
0.6,225.349160766594,564272.336408678,564272.336408678
0.6,250.45096139845222,529735.3233902348,529735.3233902348
0.6,248.85253722992923,531495.3988481499,531495.3988481499
0.6,289.6324021640329,504893.5959268473,504893.5959268473
0.6,232.11419930918353,551649.9296244399,551649.9296244399
0.6,248.1106060179617,532310.9728947544,532310.9728947544
0.6,232.35556296029708,551618.4885405704,551618.4885405704
0.6,283.19935008035907,506566.8750901742,506566.8750901742
0.6,237.21912086460821,545051.8266683061,545051.8266683061
0.6,224.08216840343988,568787.6332693095,568787.6332693095
0.6,224.29661757263656,566650.5669737286,566650.5669737286
0.6,229.75343006565305,555105.6883572731,555105.6883572731
0.6,287.43100086194346,505582.23503082007,505582.23503082007
0.6,294.987148846286,503694.01678382745,503694.01678382745
0.6,240.75393550481866,540326.7929039265,540326.7929039265
0.6,245.7080598184209,534694.180250083,534694.180250083
0.6,259.29031069778114,520248.9237410621,520248.9237410621
0.6,249.5841858491358,530328.5457101085,530328.5457101085
0.6,225.34118316024333,564278.9596433382,564278.9596433382
0.6,282.3765573056398,506900.28333088954,506900.28333088954
0.6,259.78004664182447,519870.97493279807,519870.97493279807
0.6,283.13349785562707,506683.297995214,506683.297995214
0.6,278.115282537196,508367.74318597384,508367.74318597384
0.6,253.46098942321308,526123.8983527259,526123.8983527259
0.6,257.99920800386445,521450.15646019916,521450.15646019916
0.6,237.39421678357465,545029.1275386475,545029.1275386475
0.6,278.13291258038396,508317.9683253519,508317.9683253519
0.6,244.7686188256641,535641.6221080939,535641.6221080939
0.6,237.73025101368094,544547.3064941792,544547.3064941792
0.6,225.85561510285473,562983.9958692666,562983.9958692666
0.6,242.96278387514775,537577.8727941506,537577.8727941506
0.6,234.83693811639068,548061.4143721692,548061.4143721692
0.6,230.53576031845535,554091.5175453867,554091.5175453867
0.6,250.59049452440755,529373.4899228023,529373.4899228023
0.6,234.48872788904941,548615.8935178838,548615.8935178838
0.6,237.92844210414614,544003.4554325673,544003.4554325673
0.6,248.333108292408,531810.9151575284,531810.9151575284
0.6,261.92656471667203,517956.1421947526,517956.1421947526
0.6,278.13085809202084,508326.5506643611,508326.5506643611
0.6,236.6314831150554,545894.3599128441,545894.3599128441
0.6,257.93217163852984,521649.93684124923,521649.93684124923
0.6,242.0917504981542,538739.7119481511,538739.7119481511
0.6,266.5374114290067,514664.4930241464,514664.4930241464
0.6,271.09801793597484,512158.9717564694,512158.9717564694
0.6,290.37647881080676,504715.5149129084,504715.5149129084
0.6,231.17984321738516,553150.6639980914,553150.6639980914
0.6,252.96996402319138,526781.451582997,526781.451582997
0.6,236.86865366400494,545560.0318811315,545560.0318811315
0.6,271.6508842667027,511792.31687715754,511792.31687715754
0.6,236.86379294335708,545648.0509673526,545648.0509673526
0.6,227.79930496804934,559133.7882162314,559133.7882162314
0.6,238.26185505851214,543980.5293562508,543980.5293562508
0.6,247.14234617303794,533059.9874817762,533059.9874817762
0.6,251.68250508077176,528063.9675060939,528063.9675060939
0.6,292.54073761821184,504204.9692028074,504204.9692028074
0.6,261.281507445074,518478.40688195126,518478.40688195126
0.6,252.8651226240533,526904.1690233463,526904.1690233463
0.6,226.26847152640744,562350.4037060023,562350.4037060023
0.6,224.97487468069446,565372.0674290535,565372.0674290535
0.6,231.8859630798015,551852.0029841808,551852.0029841808
0.6,257.7599272340698,521835.4909472937,521835.4909472937
0.6,290.6543338399274,504709.6433668543,504709.6433668543
0.6,263.9655968876731,516769.93079448736,516769.93079448736
0.6,264.25752727619266,516477.74971727945,516477.74971727945
0.6,253.79416843152276,526008.33927821,526008.33927821
0.6,234.21952164251257,548930.1863991607,548930.1863991607
0.6,254.42476872908333,525267.276503109,525267.276503109
0.6,228.6979999534021,557000.6762152447,557000.6762152447
0.6,259.8533745211971,519722.9932303296,519722.9932303296
0.6,286.578687157959,505701.027844297,505701.027844297
0.6,267.470366294313,514057.0197971661,514057.0197971661
0.6,250.50672395765633,529488.3680466587,529488.3680466587
0.6,278.97897457922113,507959.9204049032,507959.9204049032
0.6,281.81994416277183,507021.880685959,507021.880685959
0.6,288.6842985931828,505208.7241314505,505208.7241314505
0.6,238.84575953502863,542926.5897748168,542926.5897748168
0.6,244.36847886372485,536166.6342011159,536166.6342011159
0.6,227.12132431287483,560049.603573667,560049.603573667
0.6,293.0427764767118,504129.87977385614,504129.87977385614
0.6,253.18196611118736,526507.8965913254,526507.8965913254
0.6,285.56339909799686,505823.45141155063,505823.45141155063
0.6,235.05059640089326,547708.5879934642,547708.5879934642
0.6,284.7363994407527,506192.6628696095,506192.6628696095
0.6,239.9407601038468,541491.9795136292,541491.9795136292
0.6,239.59565162161988,542038.8579645916,542038.8579645916
0.6,242.75400232758668,538186.652923812,538186.652923812
0.6,228.38413370124238,557236.9296460313,557236.9296460313
0.6,258.050976366929,521435.0542814858,521435.0542814858
0.6,256.44772554154883,523110.07633202267,523110.07633202267
0.6,276.2143903171762,509215.6793906718,509215.6793906718
0.6,279.560833177021,507773.7798477429,507773.7798477429
0.6,292.4641428060566,504239.3728446259,504239.3728446259
0.6,256.0679867430247,523611.19951160083,523611.19951160083
0.6,234.41184008177925,548730.5892316552,548730.5892316552
0.6,236.04703239970502,546485.459097787,546485.459097787
0.6,258.37978670749357,521120.8478577046,521120.8478577046
0.6,240.35862193533234,541026.0607258803,541026.0607258803
0.6,280.6620985012893,507403.0477844608,507403.0477844608
0.6,248.09660154770154,532350.365701845,532350.365701845
0.6,247.57199828226956,532676.8060877146,532676.8060877146
0.6,277.0409489500178,508589.2539515826,508589.2539515826
0.6,228.87548455458625,556433.012453423,556433.012453423
0.6,272.4459221803647,511425.67362504045,511425.67362504045
0.6,229.35668316410306,555679.5892938981,555679.5892938981
0.6,258.56705970963156,520992.6799137049,520992.6799137049
0.6,261.13253276111647,518567.0219982243,518567.0219982243
0.6,270.1608235837487,512549.2657106748,512549.2657106748
0.6,251.1799080998978,528690.3286289073,528690.3286289073
0.6,277.70821045418535,508547.41692338604,508547.41692338604
0.6,233.461977902773,549715.5205215735,549715.5205215735
0.6,257.28099626417094,522457.362524341,522457.362524341
0.6,251.93753518377682,527775.2899991123,527775.2899991123
0.6,235.55125689985738,547138.8817190209,547138.8817190209
0.6,235.3799629213064,547228.468048784,547228.468048784
0.6,274.91757174175876,509891.6389216675,509891.6389216675
0.6,244.50435963590544,535896.0109390244,535896.0109390244
0.6,234.41397033443735,548653.8661398706,548653.8661398706
0.6,260.40081857521733,519226.1032317389,519226.1032317389
0.6,269.58352906040284,512942.61063121737,512942.61063121737
0.6,233.12215442328417,550295.8356487029,550295.8356487029
0.6,224.66127711138148,565537.0369845531,565537.0369845531
0.6,255.2300652172213,524521.6288576195,524521.6288576195
0.6,254.3161894093624,525609.2137320981,525609.2137320981
0.6,254.9242781884192,524799.3849800115,524799.3849800115
0.6,248.23636899739017,531932.3515691985,531932.3515691985
0.6,253.79183575863192,526075.7298961767,526075.7298961767
0.6,236.5050318328323,546040.9290823904,546040.9290823904
0.6,258.48341566690465,521095.369683364,521095.369683364
0.6,283.5042423416599,506508.90293105354,506508.90293105354
0.6,231.85854561382348,552054.006667574,552054.006667574
0.6,235.16774356421237,547462.3170209022,547462.3170209022
0.6,242.39225198166048,538368.734721093,538368.734721093
0.6,276.1231376549515,509293.6688096329,509293.6688096329
0.6,231.59432131915096,552429.7238844984,552429.7238844984
0.6,226.81839275267217,560540.650073393,560540.650073393
0.6,255.85208217363612,523832.0217392257,523832.0217392257
0.6,271.20210322097137,512008.3834402535,512008.3834402535
0.6,265.09586228729137,516147.5048629673,516147.5048629673
0.6,291.34105284631465,504501.3866240174,504501.3866240174
0.6,280.65278982937343,507576.9362826263,507576.9362826263
0.6,243.09625349704487,537566.4093916416,537566.4093916416
0.6,263.3339000822934,517053.0148032893,517053.0148032893
0.6,226.04759465508803,562770.8125294028,562770.8125294028
0.6,230.8827409983962,553306.4074099271,553306.4074099271
0.6,240.8132564187546,540121.3924347407,540121.3924347407
0.6,247.45088314090077,532838.5973110952,532838.5973110952
0.6,253.381306871855,526262.4729051588,526262.4729051588
0.6,230.65294556729447,553912.4603833604,553912.4603833604
0.6,227.32411495202453,559671.2533592733,559671.2533592733
0.6,275.5547276810989,509632.2853440178,509632.2853440178
0.6,246.1557181497377,534300.3423000288,534300.3423000288
0.6,287.62692837397833,505435.0248901213,505435.0248901213
0.6,247.25617432248274,532880.7227978548,532880.7227978548
0.6,287.8360332742422,505226.06500303734,505226.06500303734
0.6,251.537625833815,528249.0253303457,528249.0253303457
0.6,250.8403478109753,529019.119966809,529019.119966809
0.6,252.7165132201058,527170.8130709932,527170.8130709932
0.6,260.0095918211,519543.8121402962,519543.8121402962
0.6,289.4127196837214,505002.35833254457,505002.35833254457
0.6,233.32799758439435,549922.1264038761,549922.1264038761
0.6,235.76604144163568,546793.7108483064,546793.7108483064
0.6,238.76439957085427,543234.4735734984,543234.4735734984
0.6,250.81371949275615,529332.5184060577,529332.5184060577
0.6,286.3990911700268,505788.519473255,505788.519473255
0.6,269.32679989664615,513030.71668674494,513030.71668674494
0.6,225.53599961551805,563995.6716008416,563995.6716008416
0.6,231.94651045050642,551766.8591449254,551766.8591449254
0.6,273.5415430689771,510669.04711859475,510669.04711859475
0.6,264.3127926557273,516459.10901230434,516459.10901230434
0.6,233.31947774707382,549983.5460171514,549983.5460171514
0.6,273.3542738090081,511003.05390866287,511003.05390866287
0.6,232.83236082718358,550441.9596045469,550441.9596045469
0.6,243.7630697983882,536896.9893515169,536896.9893515169
0.6,230.17962195625455,554461.5080938756,554461.5080938756
0.6,294.88978568362313,503767.34249102254,503767.34249102254
0.6,262.05023287708195,517905.51382327755,517905.51382327755
0.6,233.16430339505314,550162.089388687,550162.089388687
0.6,244.85162489910837,535597.3536082306,535597.3536082306
0.6,250.3499221515061,529901.858527945,529901.858527945
0.6,254.9824587740875,524754.8461846232,524754.8461846232
0.6,283.5042423416599,506508.90293105354,506508.90293105354
0.6,280.5871406258187,507580.99963288166,507580.99963288166
0.6,232.79225447238125,550592.6742476635,550592.6742476635
0.6,249.49939817811858,530737.6941499449,530737.6941499449
0.6,239.81773491688867,541734.7832439791,541734.7832439791
0.6,240.9305994401587,539998.0057467835,539998.0057467835
0.6,286.4408658209722,505710.943922994,505710.943922994
0.6,239.6808600988362,541888.5577833992,541888.5577833992
0.6,284.29980245610193,506260.719060529,506260.719060529
0.6,249.76884297216438,530198.3633160917,530198.3633160917
0.6,233.51288766827696,549591.5136151036,549591.5136151036
0.6,228.10345578845207,557897.8848969041,557897.8848969041
0.6,231.21538727717328,552987.8396337577,552987.8396337577
0.6,278.201239952998,508120.5637107625,508120.5637107625
0.6,262.7193356259106,517359.7490537732,517359.7490537732
0.6,255.79477432613137,523850.87816945853,523850.87816945853
0.6,277.1895851513796,508554.5667652502,508554.5667652502
0.6,281.25553068677067,507183.75414603704,507183.75414603704
0.6,266.5514466517768,514662.29377862427,514662.29377862427
0.6,283.96245997574437,506290.0657003238,506290.0657003238
0.6,237.82494723921175,544420.7156550842,544420.7156550842
0.6,295.37338930447777,503649.2564441459,503649.2564441459
0.6,223.59227033750844,569330.7753273178,569330.7753273178
0.6,268.3159236707285,513570.7950649527,513570.7950649527
0.6,246.92343224532894,533071.9775848592,533071.9775848592
0.6,223.54120814534608,569365.747251639,569365.747251639
0.6,227.8540908845001,559035.0887435905,559035.0887435905
0.6,233.83913842861196,549295.1138804215,549295.1138804215
0.6,225.21314286565527,564916.9661354753,564916.9661354753
0.6,288.9274637745903,505162.73897076875,505162.73897076875
0.6,239.64875368855522,542004.8696180533,542004.8696180533
0.6,237.40910365171243,544900.35527543,544900.35527543
0.6,245.29929413401453,535168.5951685894,535168.5951685894
0.6,279.53835839441064,507890.56112377584,507890.56112377584
0.6,232.57610365062828,550846.5620071379,550846.5620071379
0.6,261.281507445074,518478.40688195126,518478.40688195126
0.6,245.1917339901738,535196.8034450352,535196.8034450352
0.6,287.7586751625438,505336.4135506292,505336.4135506292
0.6,266.19321086690894,514987.29790715105,514987.29790715105
0.6,266.12804774942225,515191.9749819878,515191.9749819878
0.6,293.14335311552037,504112.85176396265,504112.85176396265
0.6,275.84455854807334,509336.76498491067,509336.76498491067
0.6,267.9754582478444,513575.7145012873,513575.7145012873
0.6,276.3881558957991,509193.31395393494,509193.31395393494
0.6,225.9044030205559,562871.944781341,562871.944781341
0.6,241.1504904932423,539662.3600973539,539662.3600973539
0.6,251.02106567348568,528881.8400693818,528881.8400693818
0.6,230.83382668847847,553685.2958760383,553685.2958760383
0.6,291.2222592060283,504506.6285312497,504506.6285312497
0.6,257.77813914446284,521810.92208474036,521810.92208474036
0.6,262.08700991450456,517859.9177406409,517859.9177406409
0.6,245.35673290296518,535045.1751420288,535045.1751420288
0.6,269.85426433317355,512642.2908001319,512642.2908001319
0.6,255.03898982959365,524683.6673793418,524683.6673793418
0.6,251.42339054485902,528406.4205686185,528406.4205686185
0.6,242.91169515326206,537842.4081528867,537842.4081528867
0.6,228.28479872824985,557440.579656521,557440.579656521
0.6,242.6568906522431,538350.2937887989,538350.2937887989
0.6,288.6842985931828,505208.7241314505,505208.7241314505
0.6,274.4542801306413,510277.6843145519,510277.6843145519
0.6,236.60974564963269,545916.4028626801,545916.4028626801
0.6,293.0427764767118,504129.87977385614,504129.87977385614
0.6,256.2622462555434,523539.4474172159,523539.4474172159
0.6,256.5696303327062,522975.0314520281,522975.0314520281
0.6,232.3751039537606,551414.5120507358,551414.5120507358
0.6,260.6091431561381,519043.85491632385,519043.85491632385
0.6,231.79290177847597,552157.5560937736,552157.5560937736
0.6,238.26528209215252,543965.2818598684,543965.2818598684
0.6,264.05385385710207,516661.38500481646,516661.38500481646
0.6,274.0248503181321,510309.06475471484,510309.06475471484
0.6,259.00517347457765,520364.70044468355,520364.70044468355
0.6,235.68516529553534,547062.5058243453,547062.5058243453
0.6,287.83350003091806,505226.5980387556,505226.5980387556
0.6,275.75304088668173,509533.3532793531,509533.3532793531
0.6,240.57390226116982,540674.9817454817,540674.9817454817
0.6,244.05903434246017,536537.3409800935,536537.3409800935
0.6,288.69880120425023,505194.54945540306,505194.54945540306
0.6,276.89287609548217,508604.2279087284,508604.2279087284
0.6,259.7181322932119,520065.5590584492,520065.5590584492
0.6,244.25056686529817,536321.6369628161,536321.6369628161
0.6,253.32799054249668,526358.4168132895,526358.4168132895
0.6,243.70046148511793,536904.7063930026,536904.7063930026
0.6,249.56251288355065,530731.9605551835,530731.9605551835
0.6,256.08056262770305,523563.5413319098,523563.5413319098
0.6,240.01086449740188,541462.3315016066,541462.3315016066
0.6,286.6927018607438,505608.1549300806,505608.1549300806
0.6,260.15747166643797,519280.10241263604,519280.10241263604
0.6,236.6371279033894,545733.0317780097,545733.0317780097
0.6,244.5080861663073,535892.7918744691,535892.7918744691
0.6,284.89846763967563,506116.796620129,506116.796620129
0.6,224.17050711173118,568507.6923862587,568507.6923862587
0.6,255.25894335859468,524486.8661586221,524486.8661586221
0.6,286.24248482928954,505797.779366601,505797.779366601
0.6,264.7921648294591,516406.07885663246,516406.07885663246
0.6,246.71017293093388,533471.5591969375,533471.5591969375
0.6,251.03429618192774,528852.0862228833,528852.0862228833
0.6,228.86366119629383,556445.4882865329,556445.4882865329
0.6,281.02528173959234,507376.44869829173,507376.44869829173
0.6,244.19843201090248,536365.7734143216,536365.7734143216
0.6,261.9676797648732,517912.39090288244,517912.39090288244
0.6,269.32679989664615,513030.71668674494,513030.71668674494
0.6,260.67934182581496,518775.9378308016,518775.9378308016
0.6,252.97888985065433,526668.9856671127,526668.9856671127
0.6,294.2175564278851,503837.8195797596,503837.8195797596
0.6,228.7516807341699,556865.7030294021,556865.7030294021
0.6,285.0280981457101,506088.6004676973,506088.6004676973
0.6,240.15344230381118,541341.3915671436,541341.3915671436
0.6,261.68823280328104,517970.4564242642,517970.4564242642
0.6,292.05064272460135,504349.2351018666,504349.2351018666
0.6,248.23636899739017,531932.3515691985,531932.3515691985
0.6,262.2542576982855,517834.11835731525,517834.11835731525
0.6,264.81886294049997,516272.9919704256,516272.9919704256
0.6,247.58069188031584,532578.5962712411,532578.5962712411
0.6,241.05397483831032,539971.1617494471,539971.1617494471
0.6,249.1322596160845,531021.6182585694,531021.6182585694
0.6,254.4596196809596,524863.3415335543,524863.3415335543
0.6,248.93759002617963,531326.9628227352,531326.9628227352
0.6,273.8114339518509,510461.7065116194,510461.7065116194
0.6,281.1829320836906,507371.86450243124,507371.86450243124
0.9,232.25110692569896,533667.361826711,533667.361826711
0.9,232.26144184633307,533640.5554981014,533640.5554981014
0.9,237.00635463953282,530091.5431608473,530091.5431608473
0.9,255.53536533191263,518196.4199431902,518196.4199431902
0.9,232.83490183478523,532963.6705093047,532963.6705093047
0.9,243.89967461695855,525423.3365966897,525423.3365966897
0.9,241.57800280792324,526772.3182650183,526772.3182650183
0.9,231.53433470875066,534198.42908507,534198.42908507
0.9,247.5662403335914,522761.56011966796,522761.56011966796
0.9,242.1285781361873,526479.9907518809,526479.9907518809
0.9,237.58505684158635,529815.4403425809,529815.4403425809
0.9,248.42133855014342,522311.5554170362,522311.5554170362
0.9,232.88169408616125,532949.0821157706,532949.0821157706
0.9,248.39352388610413,522377.0492298254,522377.0492298254
0.9,231.4023279820499,534339.4981457775,534339.4981457775
0.9,231.8890818155206,533971.4909271514,533971.4909271514
0.9,237.32627110154678,529843.7473637855,529843.7473637855
0.9,244.85580301152663,524645.2360411695,524645.2360411695
0.9,231.56632345945903,534181.0390727376,534181.0390727376
0.9,234.54594746926756,531604.4188149018,531604.4188149018
0.9,233.7764388326732,532293.0449607495,532293.0449607495
0.9,248.26315911801694,522388.30883499625,522388.30883499625
0.9,247.5361983356634,522765.5717084727,522765.5717084727
0.9,255.00603890072804,518417.580617295,518417.580617295
0.9,255.53536533191263,518196.4199431902,518196.4199431902
0.9,242.14497581977867,526479.2183272728,526479.2183272728
0.9,237.58505684158635,529815.4403425809,529815.4403425809
0.9,231.39920206518133,534340.6588160004,534340.6588160004
0.9,255.53536533191263,518196.4199431902,518196.4199431902
0.9,232.83490183478523,532963.6705093047,532963.6705093047
0.9,255.31760488137246,518307.7521507058,518307.7521507058
0.9,237.75936516512402,529693.0457758859,529693.0457758859
0.9,224.8502517169282,540660.499161925,540660.499161925
0.9,263.4222802909427,513461.8000560621,513461.8000560621
0.9,224.14894701779028,541388.2661243777,541388.2661243777
0.9,234.60046589201397,531553.9358157441,531553.9358157441
0.9,238.46230308091154,529502.7413050184,529502.7413050184
0.9,243.9112210904734,525409.5213988235,525409.5213988235
0.9,248.0957048637286,522449.8892671916,522449.8892671916
0.9,247.43606776789352,523006.6271669418,523006.6271669418
0.9,246.35044240255527,523605.4893466641,523605.4893466641
0.9,232.81164333566554,532965.8805773857,532965.8805773857
0.9,249.22347213641854,521732.0872887175,521732.0872887175
0.9,238.5725109554647,529404.5549958067,529404.5549958067
0.9,221.21164903510922,544333.415939018,544333.415939018
0.9,265.85110767689395,512147.875049538,512147.875049538
0.9,232.26144184633307,533640.5554981014,533640.5554981014
0.9,237.40021644521605,529836.7175837351,529836.7175837351
0.9,231.8890818155206,533971.4909271514,533971.4909271514
0.9,249.96973874157064,521358.37905369303,521358.37905369303
0.9,249.93374749128517,521399.1267490311,521399.1267490311
0.9,240.0544581376736,527787.4305260781,527787.4305260781
0.9,237.93106757946308,529672.7218638252,529672.7218638252
0.9,255.3230883498268,518304.7978804066,518304.7978804066
0.9,237.67033725568223,529746.4911229714,529746.4911229714
0.9,226.75565811901922,538755.5161995494,538755.5161995494
0.9,244.89310079889026,524542.8347434116,524542.8347434116
0.9,226.91922167687605,538624.9291268367,538624.9291268367
0.9,240.12627530242037,527682.5840130076,527682.5840130076
0.9,233.63236529168,532490.4460721107,532490.4460721107
0.9,226.84139619309695,538727.5189538277,538727.5189538277
0.9,244.9690015885698,524412.7325088016,524412.7325088016
0.9,264.8883039671625,512674.9869024531,512674.9869024531
0.9,241.46119080761764,526860.873984305,526860.873984305
0.9,237.40021644521605,529836.7175837351,529836.7175837351
0.9,239.29725659875027,528171.2409708665,528171.2409708665
0.9,253.39805785964944,519357.05741559196,519357.05741559196
0.9,260.09032282470986,515462.68983587873,515462.68983587873
0.9,234.22838533179853,531686.6077329635,531686.6077329635
0.9,255.00603890072804,518417.580617295,518417.580617295
0.9,254.24202919480877,518812.3487346965,518812.3487346965
0.9,248.39352388610413,522377.0492298254,522377.0492298254
0.9,245.45972787009316,524031.69211743877,524031.69211743877
0.9,270.5208576491413,509814.1147200554,509814.1147200554
0.9,235.3184970510179,530973.7662498935,530973.7662498935
0.9,244.78926050279637,524695.2715697142,524695.2715697142
0.9,239.16827227892722,528253.0484819203,528253.0484819203
0.9,239.62161700680335,528022.3003034098,528022.3003034098
0.9,246.07527472064274,523653.50323708454,523653.50323708454
0.9,267.4798539319374,511394.0888236428,511394.0888236428
0.9,223.62079100225364,541787.2905335086,541787.2905335086
0.9,217.60296480810655,549734.6422196557,549734.6422196557
0.9,221.21164903510922,544333.415939018,544333.415939018
0.9,241.50346664946056,526780.4268036766,526780.4268036766
0.9,247.68876219418672,522569.61088004295,522569.61088004295
0.9,242.08181924046417,526497.4785149514,526497.4785149514
0.9,248.80670964641513,521932.48862431746,521932.48862431746
0.9,238.30073478659358,529603.1242419076,529603.1242419076
0.9,273.69115418000666,508465.0606306793,508465.0606306793
0.9,274.27290514276575,508255.86119932577,508255.86119932577
0.9,238.52232711102147,529469.7335488895,529469.7335488895
0.9,220.03090753185037,545856.7550007852,545856.7550007852
0.9,234.62565057193262,531462.0774232228,531462.0774232228
0.9,236.3215287079942,530356.1248424794,530356.1248424794
0.9,242.08181924046417,526497.4785149514,526497.4785149514
0.9,255.41171598875306,518221.0186776568,518221.0186776568
0.9,246.33061468894633,523636.5974437266,523636.5974437266
0.9,279.85879567930755,505972.9189751067,505972.9189751067
0.9,241.11803283949897,527038.8157599285,527038.8157599285
0.9,227.55888924810398,538047.3420581062,538047.3420581062
0.9,255.41405107489703,518213.32367723575,518213.32367723575
0.9,278.51957267538654,506428.11024638603,506428.11024638603
0.9,224.0513302597692,541472.466787149,541472.466787149
0.9,248.45585136250142,522307.0360407516,522307.0360407516
0.9,280.08384998714513,505892.05814234435,505892.05814234435
0.9,240.8208330527924,527052.3128401593,527052.3128401593
0.9,273.6927218418619,508464.64094345697,508464.64094345697
0.9,231.03461371229332,534819.5168340815,534819.5168340815
0.9,234.62565057193262,531462.0774232228,531462.0774232228
0.9,241.57800280792324,526772.3182650183,526772.3182650183
0.9,248.64913066075755,522106.3047186002,522106.3047186002
0.9,221.21164903510922,544333.415939018,544333.415939018
0.9,241.58212479459385,526768.6572218641,526768.6572218641
0.9,233.5739338938131,532510.1459838252,532510.1459838252
0.9,227.04032305681838,538213.9774021889,538213.9774021889
0.9,271.9963329835848,509175.7589885038,509175.7589885038
0.9,255.6214604968595,518149.1225724874,518149.1225724874
0.9,304.04644996894564,499975.3362080894,499975.3362080894
0.9,218.38396629339854,548173.1047979642,548173.1047979642
0.9,242.87527879771895,525974.0410813142,525974.0410813142
0.9,250.23839481558352,521138.9612599856,521138.9612599856
0.9,278.5205732030754,506422.35259019316,506422.35259019316
0.9,268.46312343174367,510837.13433403405,510837.13433403405
0.9,241.58212479459385,526768.6572218641,526768.6572218641
0.9,255.29197873081347,518336.8167577246,518336.8167577246
0.9,255.10959884810566,518365.1572015642,518365.1572015642
0.9,235.89347151375173,530583.8486376073,530583.8486376073
0.9,217.46595276130802,550707.1087396635,550707.1087396635
0.9,248.39352388610413,522377.0492298254,522377.0492298254
0.9,260.690064319733,515219.84510355076,515219.84510355076
0.9,234.428783800262,531620.4309346211,531620.4309346211
0.9,230.6584869799834,535137.7332974209,535137.7332974209
0.9,264.9554502410194,512588.46214953717,512588.46214953717
0.9,268.39260076307926,510911.9305439639,510911.9305439639
0.9,270.9000440090013,509587.3596803621,509587.3596803621
0.9,217.97836116772484,548874.2101383678,548874.2101383678
0.9,255.68653247421932,518120.85741588136,518120.85741588136
0.9,300.89441389802374,500497.41809127684,500497.41809127684
0.9,248.53797753180163,522287.9485726708,522287.9485726708
0.9,258.9309010361999,516062.7615333827,516062.7615333827
0.9,252.61718378411416,519705.3240541543,519705.3240541543
0.9,271.1011745216598,509547.1893034703,509547.1893034703
0.9,265.31356645617944,512418.4188587829,512418.4188587829
0.9,245.02358106060237,524403.8889498166,524403.8889498166
0.9,243.99150229930964,525295.2888562507,525295.2888562507
0.9,233.98134280787218,532058.042867336,532058.042867336
0.9,233.07984347610252,532697.0699674055,532697.0699674055
0.9,255.01110422983518,518409.8331910648,518409.8331910648
0.9,232.26144184633307,533640.5554981014,533640.5554981014
0.9,252.98928045812008,519492.4301737129,519492.4301737129
0.9,247.43606776789352,523006.6271669418,523006.6271669418
0.9,238.476726364343,529497.5590738003,529497.5590738003
0.9,242.4375101693719,526085.31424557,526085.31424557
0.9,241.46119080761764,526860.873984305,526860.873984305
0.9,238.46230308091154,529502.7413050184,529502.7413050184
0.9,236.1963560270816,530556.6693737917,530556.6693737917
0.9,276.27538156524656,507363.0120735591,507363.0120735591
0.9,259.08686158834456,516048.00578972616,516048.00578972616
0.9,263.70279943830366,513326.2599836382,513326.2599836382
0.9,225.98901977245714,539693.2205524885,539693.2205524885
0.9,233.5739338938131,532510.1459838252,532510.1459838252
0.9,222.24453300320928,543505.6945004221,543505.6945004221
0.9,218.29957446329112,548301.371115396,548301.371115396
0.9,240.1982009350085,527595.4526300902,527595.4526300902
0.9,234.22720468132565,531767.9467332615,531767.9467332615
0.9,252.8643343922109,519640.8500500006,519640.8500500006
0.9,262.5250520478067,513901.5171510379,513901.5171510379
0.9,231.15074845865567,534727.6796696853,534727.6796696853
0.9,236.8786898764869,530151.2242185569,530151.2242185569
0.9,285.1783374056892,504380.9923338282,504380.9923338282
0.9,239.03788440801176,528358.2410879952,528358.2410879952
0.9,217.38980500438424,551595.1780519905,551595.1780519905
0.9,233.79490919641358,532267.7593845619,532267.7593845619
0.9,270.72382671810954,509698.07071493845,509698.07071493845
0.9,249.05230515633545,521740.0782992253,521740.0782992253
0.9,248.13829768642023,522409.11687175167,522409.11687175167
0.9,273.83138107103696,508413.32512903353,508413.32512903353
0.9,233.0392226343746,532818.3774536618,532818.3774536618
0.9,252.61718378411416,519705.3240541543,519705.3240541543
0.9,245.89899634889218,523696.7234373253,523696.7234373253
0.9,293.918184690382,502033.73296762665,502033.73296762665
0.9,279.99923243528525,505940.36972751067,505940.36972751067
0.9,234.83328630344707,531373.74628009,531373.74628009
0.9,246.62465155364296,523339.63725066814,523339.63725066814
0.9,244.44970627312728,524925.1376673273,524925.1376673273
0.9,235.23747031401592,531094.8194893517,531094.8194893517
0.9,232.81164333566554,532965.8805773857,532965.8805773857
0.9,226.1945199347902,539625.646371846,539625.646371846
0.9,242.31035067400506,526184.1390754161,526184.1390754161
0.9,235.3184970510179,530973.7662498935,530973.7662498935
0.9,222.15038830963078,543854.8177045677,543854.8177045677
0.9,247.4390603038053,522766.3525587879,522766.3525587879
0.9,237.08532185413347,529927.2671953184,529927.2671953184
0.9,274.265155353807,508257.72158567776,508257.72158567776
0.9,234.59307446464737,531562.9636732826,531562.9636732826
0.9,267.42568846279465,511436.09561200277,511436.09561200277
0.9,265.32699789378375,512417.14496600913,512417.14496600913
0.9,235.18305552002633,531115.3830340052,531115.3830340052
0.9,234.01860388374092,531863.0775748305,531863.0775748305
0.9,233.0392226343746,532818.3774536618,532818.3774536618
0.9,267.3997426966151,511488.7643591991,511488.7643591991
0.9,264.17194782137926,513090.5307914968,513090.5307914968
0.9,227.17698920650986,538058.6755505649,538058.6755505649
0.9,246.62465155364296,523339.63725066814,523339.63725066814
0.9,265.676727422829,512176.69869779074,512176.69869779074
0.9,222.56553361399617,543499.3196455699,543499.3196455699
0.9,234.83328630344707,531373.74628009,531373.74628009
0.9,249.89850067467208,521491.6980669758,521491.6980669758
0.9,247.90104689493444,522563.3504337191,522563.3504337191
0.9,234.89347612166534,531254.3068924897,531254.3068924897
0.9,233.06986919182467,532703.3422484768,532703.3422484768
0.9,273.83138107103696,508413.32512903353,508413.32512903353
0.9,259.3304075934026,515890.8665773156,515890.8665773156
0.9,247.5662403335914,522761.56011966796,522761.56011966796
0.9,303.8287462042841,500016.09324036667,500016.09324036667
0.9,221.99415135914768,544060.402041625,544060.402041625
0.9,284.1362326471605,504634.9618601767,504634.9618601767
0.9,245.57741171876438,523816.2961706316,523816.2961706316
0.9,273.2794757362891,508613.9762124681,508613.9762124681
0.9,247.91227127137802,522519.93731072877,522519.93731072877
0.9,268.5272244226766,510834.7153920307,510834.7153920307
0.9,241.58212479459385,526768.6572218641,526768.6572218641
0.9,230.88576711225966,535107.405312843,535107.405312843
0.9,299.5396685262813,500769.1323532141,500769.1323532141
0.9,292.00550540148424,502460.16534236126,502460.16534236126
0.9,236.8399131082675,530204.1814415007,530204.1814415007
0.9,265.0633346590053,512506.1705775007,512506.1705775007
0.9,241.46119080761764,526860.873984305,526860.873984305
0.9,232.38147057556768,532980.9928024845,532980.9928024845
0.9,240.8208330527924,527052.3128401593,527052.3128401593
0.9,264.05839816499997,513092.62716249796,513092.62716249796
0.9,270.3318506403648,509884.2292437755,509884.2292437755
0.9,275.930459914743,507519.84992458764,507519.84992458764
0.9,293.918184690382,502033.73296762665,502033.73296762665
0.9,233.8413103645015,532264.2455208751,532264.2455208751
0.9,284.6701256813185,504447.5058513104,504447.5058513104
0.9,219.1139827789867,547697.6912340331,547697.6912340331
0.9,229.2683259523281,536108.2473721225,536108.2473721225
0.9,260.7084944507432,514824.530849616,514824.530849616
0.9,234.35661566593822,531639.1475907766,531639.1475907766
0.9,236.41215612649245,530309.3214969381,530309.3214969381
0.9,217.60296480810655,549734.6422196557,549734.6422196557
0.9,229.26480477063515,536108.7851837046,536108.7851837046
0.9,251.4337649993965,520357.90173958795,520357.90173958795
0.9,265.21043531776485,512473.77984585287,512473.77984585287
0.9,236.99523711134,530091.8642403677,530091.8642403677
0.9,260.34200176363026,515266.8638993099,515266.8638993099
0.9,291.0897931947574,502756.9979718676,502756.9979718676
0.9,238.03988488236146,529612.916518078,529612.916518078
0.9,289.1503826001691,503192.68792313925,503192.68792313925
0.9,273.71891955259827,508448.5925871226,508448.5925871226
0.9,279.46418275461906,506091.6048453561,506091.6048453561
0.9,241.77093532779628,526635.9136128011,526635.9136128011
0.9,285.47613080991295,504282.9432149702,504282.9432149702
0.9,268.5272244226766,510834.7153920307,510834.7153920307
0.9,234.428783800262,531620.4309346211,531620.4309346211
0.9,273.69115418000666,508465.0606306793,508465.0606306793
0.9,260.8506624718436,514701.2429930324,514701.2429930324
0.9,253.63605736625112,519306.2746941719,519306.2746941719
0.9,263.1320626641353,513577.2932481061,513577.2932481061
0.9,236.8399131082675,530204.1814415007,530204.1814415007
0.9,263.3083540849003,513539.2524674596,513539.2524674596
0.9,241.77105665934033,526586.108091753,526586.108091753
0.9,273.71112184280486,508461.55663351726,508461.55663351726
0.9,268.84738050353315,510550.9190193085,510550.9190193085
0.9,229.18595446390066,536156.5418375005,536156.5418375005
0.9,279.6269773536139,506005.8381828503,506005.8381828503
0.9,232.94998552898133,532894.464232994,532894.464232994
0.9,271.54219162253605,509409.40308329137,509409.40308329137
0.9,224.91329917990012,540361.991936973,540361.991936973
0.9,247.91227127137802,522519.93731072877,522519.93731072877
0.9,242.14497581977867,526479.2183272728,526479.2183272728
0.9,241.58212479459385,526768.6572218641,526768.6572218641
0.9,265.2499710588989,512454.7354065433,512454.7354065433
0.9,244.5631205380057,524814.9947925122,524814.9947925122
0.9,291.6997318501171,502496.91591003607,502496.91591003607
0.9,233.06986919182467,532703.3422484768,532703.3422484768
0.9,224.87706701529595,540471.2775045086,540471.2775045086
0.9,230.02806324188964,535603.8833441142,535603.8833441142
0.9,287.2788045595497,503753.15738071984,503753.15738071984
0.9,230.553037847016,535248.3170677554,535248.3170677554
0.9,261.57867795289087,514627.6958251934,514627.6958251934
0.9,240.55249132374763,527314.2660681647,527314.2660681647
0.9,233.6616597021766,532298.8461689651,532298.8461689651
0.9,236.3215287079942,530356.1248424794,530356.1248424794
0.9,229.18595446390066,536156.5418375005,536156.5418375005
0.9,239.62161700680335,528022.3003034098,528022.3003034098
0.9,245.71760668768692,523753.52688318817,523753.52688318817
0.9,258.6808528054061,516232.1422902644,516232.1422902644
0.9,245.09305995835123,524213.9427554933,524213.9427554933
0.9,239.7571966904916,527805.2867370697,527805.2867370697
0.9,231.53433470875066,534198.42908507,534198.42908507
0.9,217.52985274362894,549814.9207244341,549814.9207244341
0.9,232.95048812325038,532893.4880843139,532893.4880843139
0.9,224.13625392587878,541431.9537479788,541431.9537479788
0.9,304.82191231282286,499788.30230373156,499788.30230373156
0.9,250.7352997400396,520744.26729235327,520744.26729235327
0.9,271.3579890988964,509464.5042334696,509464.5042334696
0.9,259.55034402187357,515787.1880261409,515787.1880261409
0.9,223.90260013396292,541654.1050957186,541654.1050957186
0.9,223.62079100225364,541787.2905335086,541787.2905335086
0.9,259.85498914289326,515468.13491386164,515468.13491386164
0.9,272.85837235865046,508785.20993878494,508785.20993878494
0.9,226.75565811901922,538755.5161995494,538755.5161995494
0.9,274.50954329378993,508136.72187846096,508136.72187846096
0.9,269.65790517083303,510195.1377483187,510195.1377483187
0.9,273.2794757362891,508613.9762124681,508613.9762124681
0.9,272.22771714195835,509088.8137193888,509088.8137193888
0.9,231.24507047868678,534399.4307604148,534399.4307604148
0.9,236.23972014472287,530500.6044155873,530500.6044155873
0.9,267.8918749926971,511049.3771417054,511049.3771417054
0.9,244.5631205380057,524814.9947925122,524814.9947925122
0.9,258.80110959403845,516184.8707033161,516184.8707033161
0.9,226.2593707478066,539589.0247985832,539589.0247985832
0.9,244.5631205380057,524814.9947925122,524814.9947925122
0.9,248.61734808074723,522261.0653321422,522261.0653321422
0.9,226.84254704484547,538723.9874757715,538723.9874757715
0.9,275.13082134238334,507831.32935233135,507831.32935233135
0.9,280.6069771174563,505649.974476311,505649.974476311
0.9,217.8555864967706,548891.3770896856,548891.3770896856
0.9,250.42910276788427,520983.3583495535,520983.3583495535
0.9,283.9634721861439,504682.6239680009,504682.6239680009
0.9,259.25642375546687,515923.5673758765,515923.5673758765
0.9,246.91802980551458,523040.6062173381,523040.6062173381
0.9,296.6827243252631,501345.98777276406,501345.98777276406
0.9,226.1950745436818,539625.3666281707,539625.3666281707
0.9,304.04945831286176,499894.32090706227,499894.32090706227
0.9,254.77427073225672,518483.94683198683,518483.94683198683
0.9,224.87706701529595,540471.2775045086,540471.2775045086
0.9,273.7038879538862,508462.88400380925,508462.88400380925
0.9,222.91923900151573,542978.2169041738,542978.2169041738
0.9,234.62565057193262,531462.0774232228,531462.0774232228
0.9,217.65536637403162,549711.4612917451,549711.4612917451
0.9,235.23747031401592,531094.8194893517,531094.8194893517
0.9,269.60646989063036,510227.43330186186,510227.43330186186
0.9,228.2659010587677,536716.3282077612,536716.3282077612
0.9,235.18305552002633,531115.3830340052,531115.3830340052
0.9,285.59134350051653,504151.5359530485,504151.5359530485
0.9,305.4859483265846,499595.9005807616,499595.9005807616
0.9,228.1719896765922,537388.8057534178,537388.8057534178
0.9,226.1758979160031,539673.161708101,539673.161708101
0.9,277.6024111848303,506726.7421296517,506726.7421296517
0.9,289.1503826001691,503192.68792313925,503192.68792313925
0.9,298.36280840831614,501031.7355599614,501031.7355599614
0.9,298.1041107059464,501095.68910430383,501095.68910430383
0.9,271.5097244826505,509413.9554722179,509413.9554722179
0.9,246.4374301915293,523390.0973305006,523390.0973305006
0.9,269.355650048115,510259.89154564124,510259.89154564124
0.9,259.1720561054927,515931.5660212442,515931.5660212442
0.9,263.0749471895478,513593.22559069115,513593.22559069115
0.9,265.66487522404077,512190.6427915292,512190.6427915292
0.9,235.23747031401592,531094.8194893517,531094.8194893517
0.9,232.1869374123713,533667.3781629852,533667.3781629852
0.9,223.3066833722745,541957.9443018977,541957.9443018977
0.9,242.83805248367892,526022.1295982235,526022.1295982235
0.9,225.5461666967498,539696.7472649483,539696.7472649483
0.9,278.519493338117,506431.23761035246,506431.23761035246
0.9,223.01150157831935,542421.3426988783,542421.3426988783
0.9,217.32979009426452,551645.6412827685,551645.6412827685
0.9,261.4706291068571,514634.1601185837,514634.1601185837
0.9,261.98722910695597,514141.2608094209,514141.2608094209
0.9,280.2912099149885,505757.0448607842,505757.0448607842
0.9,265.2513141564874,512449.1386689986,512449.1386689986
0.9,219.0039622527009,547838.2674316579,547838.2674316579
0.9,262.36456921855637,514001.0833038838,514001.0833038838
0.9,219.5434470798993,546282.2954382016,546282.2954382016
0.9,266.66205668358367,511682.87140865193,511682.87140865193
0.9,273.64944206344666,508515.54796713655,508515.54796713655
0.9,246.36244886601935,523390.6231583079,523390.6231583079
0.9,298.1041107059464,501095.68910430383,501095.68910430383
0.9,276.9996120753668,507036.8435712291,507036.8435712291
0.9,294.856649597955,501738.6078605422,501738.6078605422
0.9,251.0220493471041,520725.58348288847,520725.58348288847
0.9,287.1154719573978,503813.4618497946,503813.4618497946
0.9,244.26116849126737,524949.2577601272,524949.2577601272
0.9,272.5286331632293,508979.31465658604,508979.31465658604
0.9,250.23839481558352,521138.9612599856,521138.9612599856
0.9,262.5728509293141,513781.51818887895,513781.51818887895
0.9,276.85375992733333,507165.2705462369,507165.2705462369
0.9,282.8562208425297,504936.6095813616,504936.6095813616
0.9,252.15229989252222,520028.91690480744,520028.91690480744
0.9,274.3695741475184,508202.8217681478,508202.8217681478
0.9,218.86923185982576,547971.4185612542,547971.4185612542
0.9,267.6011941479438,511377.93078737543,511377.93078737543
0.9,262.5101792003215,513996.01030648785,513996.01030648785
0.9,285.15380205286044,504381.92146518326,504381.92146518326
0.9,237.5964749797233,529813.1295839399,529813.1295839399
0.9,275.930459914743,507519.84992458764,507519.84992458764
0.9,259.5553447579325,515779.7459709608,515779.7459709608
0.9,287.2788045595497,503753.15738071984,503753.15738071984
0.9,229.18595446390066,536156.5418375005,536156.5418375005
0.9,292.70258390092056,502298.4132381163,502298.4132381163
0.9,297.70109567213524,501178.8683861386,501178.8683861386
0.9,270.44079684741627,509864.3768051073,509864.3768051073
0.9,276.01204593663704,507395.26669221924,507395.26669221924
0.9,274.6722279565728,507925.86938019685,507925.86938019685
0.9,263.0749471895478,513593.22559069115,513593.22559069115
0.9,269.35316145549916,510329.4927248984,510329.4927248984
0.9,290.5782639865951,502816.88385108835,502816.88385108835
0.9,218.38396629339854,548173.1047979642,548173.1047979642
0.9,233.64700681330257,532301.7540112855,532301.7540112855
0.9,228.42975320095903,536391.303253761,536391.303253761
0.9,299.7092655109461,500719.19637943595,500719.19637943595
0.9,268.55744436117163,510808.89695379295,510808.89695379295
0.9,276.36206574649657,507342.0295876536,507342.0295876536
0.9,218.97542671560166,547957.76222611,547957.76222611
0.9,265.0357816656158,512512.8522945995,512512.8522945995
0.9,272.73406474053104,508867.7124420967,508867.7124420967
0.9,234.78482500453006,531420.2360343268,531420.2360343268
0.9,278.48680867062376,506478.4804205139,506478.4804205139
0.9,257.3444756884415,516760.97565080225,516760.97565080225
0.9,244.44970627312728,524925.1376673273,524925.1376673273
0.9,304.25314316776166,499862.7089848262,499862.7089848262
0.9,275.13082134238334,507831.32935233135,507831.32935233135
0.9,229.14049662598921,536213.0095394872,536213.0095394872
0.9,254.1574517432842,518819.9908112173,518819.9908112173
0.9,242.36777218781674,526182.5458167715,526182.5458167715
0.9,258.9535928073039,516052.1381265614,516052.1381265614
0.9,230.88576711225966,535107.405312843,535107.405312843
0.9,268.72489532788177,510593.75179052795,510593.75179052795
0.9,224.24593130007946,541302.3466853698,541302.3466853698
0.9,299.91559445652035,500652.0927198039,500652.0927198039
0.9,281.14407540861527,505501.8815755698,505501.8815755698
0.9,237.26485227890993,529897.9984593688,529897.9984593688
0.9,280.97583901891414,505569.50647065503,505569.50647065503
0.9,274.064150013912,508343.09772034816,508343.09772034816
0.9,280.2912099149885,505757.0448607842,505757.0448607842
0.9,293.474250383737,502125.060728845,502125.060728845
0.9,252.80874928876943,519676.445642974,519676.445642974
0.9,303.8431391606777,499979.27873416647,499979.27873416647
0.9,256.8379403345508,517402.99726138817,517402.99726138817
0.9,277.4908039561046,506871.7465333444,506871.7465333444
0.9,252.61718378411416,519705.3240541543,519705.3240541543
0.9,274.0285183781187,508356.5340009861,508356.5340009861
0.9,267.4741974577496,511428.7005498862,511428.7005498862
0.9,281.93976149460224,505165.39104561764,505165.39104561764
0.9,271.55379868916395,509329.0613117962,509329.0613117962
0.9,235.47883521723165,530825.9799485977,530825.9799485977
0.9,261.79181774523806,514334.93681149324,514334.93681149324
0.9,275.4474390314402,507573.62526292756,507573.62526292756
0.9,221.99415135914768,544060.402041625,544060.402041625
0.9,245.078091083774,524368.4158090295,524368.4158090295
0.9,258.47930502208015,516329.8276629478,516329.8276629478
0.9,261.6384837211483,514389.44829217275,514389.44829217275
0.9,284.68163184902005,504431.322016389,504431.322016389
0.9,222.13030132303516,544047.3426348898,544047.3426348898
0.9,278.35742207144034,506486.5344273079,506486.5344273079
0.9,246.07527472064274,523653.50323708454,523653.50323708454
0.9,260.690064319733,515219.84510355076,515219.84510355076
0.9,217.4417025639266,551351.6383591399,551351.6383591399
0.9,255.76541442474587,517903.76360314485,517903.76360314485
0.9,288.98287086192784,503272.48776964116,503272.48776964116
0.9,236.90301233593308,530139.6966647548,530139.6966647548
0.9,272.2936731057475,509079.1173749918,509079.1173749918
0.9,276.75356584449145,507193.2990350436,507193.2990350436
0.9,231.86213896086653,533995.8761201045,533995.8761201045
0.9,281.14407540861527,505501.8815755698,505501.8815755698
0.9,220.15270434875848,545445.9042734664,545445.9042734664
0.9,265.1064795421693,512486.3297104167,512486.3297104167
0.9,269.5614542349058,510249.5786671557,510249.5786671557
0.9,266.65870422383216,511684.37513934483,511684.37513934483
0.9,238.95249223912728,528403.7202462417,528403.7202462417
0.9,298.2185469290329,501077.01026038954,501077.01026038954
0.9,244.0323638351949,525276.3341141398,525276.3341141398
0.9,288.8907865930606,503288.9884100483,503288.9884100483
0.9,260.7084944507432,514824.530849616,514824.530849616
0.9,256.5970098063016,517434.2265981294,517434.2265981294
0.9,244.78926050279637,524695.2715697142,524695.2715697142
0.9,270.3978081556976,509874.4073459646,509874.4073459646
0.9,229.2764841808203,535902.9711229717,535902.9711229717
0.9,226.2593707478066,539589.0247985832,539589.0247985832
0.9,235.88172954161985,530818.9132974416,530818.9132974416
0.9,254.73215326764313,518559.9758118819,518559.9758118819
0.9,284.4197917120997,504475.7306250382,504475.7306250382
0.9,231.84274084516218,533999.541141361,533999.541141361
0.9,248.61734808074723,522261.0653321422,522261.0653321422
0.9,263.29988305008953,513541.11593298276,513541.11593298276
0.9,276.75356584449145,507193.2990350436,507193.2990350436
0.9,297.4435926978854,501239.8498550398,501239.8498550398
0.9,237.00635463953282,530091.5431608473,530091.5431608473
0.9,226.25995812983513,539582.8849738762,539582.8849738762
0.9,287.2788045595497,503753.15738071984,503753.15738071984
0.9,247.58941341449332,522744.61272824707,522744.61272824707
0.9,262.0767059228072,514061.9900969092,514061.9900969092
0.9,224.8502517169282,540660.499161925,540660.499161925
0.9,226.84753386457248,538712.4090082075,538712.4090082075
0.9,220.05837541729065,545844.651975031,545844.651975031
0.9,299.5396685262813,500769.1323532141,500769.1323532141
0.9,268.68453018264813,510759.5026225837,510759.5026225837
0.9,238.39344934748246,529568.4426421532,529568.4426421532
0.9,245.42046361234839,524044.7527926437,524044.7527926437
0.9,302.5905017922422,500031.3286906426,500031.3286906426
0.9,251.95693288299142,520059.93258050433,520059.93258050433
0.9,242.15129034447585,526409.4776097805,526409.4776097805
0.9,285.190575006916,504336.60302945395,504336.60302945395
0.9,257.19483318941536,516765.5422660557,516765.5422660557
0.9,291.29171991806373,502558.44439934974,502558.44439934974
0.9,233.77129681046267,532293.186356889,532293.186356889
0.9,280.082318466376,505923.0183381651,505923.0183381651
0.9,272.55133755616663,508907.93256161956,508907.93256161956
0.9,261.57867795289087,514627.6958251934,514627.6958251934
0.9,297.49053099378233,501230.0670382179,501230.0670382179
0.9,233.07932786057958,532699.28805944,532699.28805944
0.9,245.45972787009316,524031.69211743877,524031.69211743877
0.9,279.493900832394,506027.87566943036,506027.87566943036
0.9,281.5207448540045,505336.23062467464,505336.23062467464
0.9,292.76565317403083,502235.8888826514,502235.8888826514
0.9,286.23881732599466,503960.36953130935,503960.36953130935
0.9,257.3624266140706,516741.3071684358,516741.3071684358
0.9,255.80689766437638,517754.7939165981,517754.7939165981
0.9,295.8272714886316,501528.461142288,501528.461142288
0.9,227.71187655918735,537735.861436159,537735.861436159
0.9,270.7153007956683,509792.80815530504,509792.80815530504
0.9,263.0193149347464,513645.4385055936,513645.4385055936
0.9,278.4892803047922,506461.66566585755,506461.66566585755
0.9,225.34801342117797,539990.930437465,539990.930437465
0.9,283.21943423050465,504881.09502287424,504881.09502287424
0.9,262.6614167309918,513723.800510383,513723.800510383
0.9,270.30546031131394,509892.2268469522,509892.2268469522
0.9,283.9233861022629,504691.5219885132,504691.5219885132
0.9,260.1253507198251,515393.9480842271,515393.9480842271
0.9,228.19539191555486,536959.6566687137,536959.6566687137
0.9,265.11330830572854,512483.82839411334,512483.82839411334
0.9,299.8356000649511,500718.5957547474,500718.5957547474
0.9,225.07960625000337,540118.2071639269,540118.2071639269
0.9,230.49310018932704,535568.900447526,535568.900447526
0.9,269.35316145549916,510329.4927248984,510329.4927248984
0.9,236.8052946152514,530220.2466888882,530220.2466888882
0.9,273.0562679234088,508695.2194610244,508695.2194610244
0.9,220.03090753185037,545856.7550007852,545856.7550007852
0.9,300.6448436034949,500586.4847147122,500586.4847147122
0.9,263.1575787562861,513559.1531158787,513559.1531158787
0.9,297.5225736460096,501192.9485795577,501192.9485795577
0.9,257.4701720239241,516713.0615681165,516713.0615681165
0.9,294.08820222282293,502027.84397864965,502027.84397864965
0.9,289.1503826001691,503192.68792313925,503192.68792313925
0.9,286.63350342188824,503841.84891614004,503841.84891614004
0.9,228.1719896765922,537388.8057534178,537388.8057534178
0.9,253.85513684689514,518987.57538361603,518987.57538361603
0.9,273.29554994978605,508550.6456971796,508550.6456971796
0.9,268.75020250128085,510560.9066732415,510560.9066732415
0.9,224.49212286966645,541094.7635791004,541094.7635791004
0.9,267.86285119342534,511312.24368193315,511312.24368193315
0.9,269.8667154474694,510114.7398382244,510114.7398382244
0.9,275.2652306593831,507778.4946049281,507778.4946049281
0.9,276.2287994486026,507378.6885291381,507378.6885291381
0.9,304.9683827503655,499663.4368496352,499663.4368496352
0.9,227.5855893781122,537787.8314425063,537787.8314425063
0.9,281.23215404527053,505417.85605198785,505417.85605198785
0.9,255.9776340355428,517688.9284798067,517688.9284798067
0.9,254.49890293080912,518714.91184978455,518714.91184978455
0.9,245.43419998083365,524036.56736358406,524036.56736358406
0.9,275.6254328282766,507542.5227664674,507542.5227664674
0.9,298.5930464928382,500924.36582567357,500924.36582567357
0.9,269.2332917641546,510357.30033790146,510357.30033790146
0.9,232.26553127925155,533637.4971774573,533637.4971774573
0.9,305.1729630325625,499639.7511365642,499639.7511365642
0.9,255.41171598875306,518221.0186776568,518221.0186776568
0.9,228.44441270481613,536380.9940149232,536380.9940149232
0.9,224.70453551749432,540693.8876775287,540693.8876775287
0.9,274.4430983778813,508181.2615666758,508181.2615666758
0.9,272.06191534053585,509113.27975508705,509113.27975508705
0.9,274.49819239174576,508174.793747033,508174.793747033
0.9,299.1963041286376,500834.903810153,500834.903810153
0.9,289.94842091852337,503001.3879799306,503001.3879799306
0.9,218.32224319881823,548236.9372950649,548236.9372950649
0.9,240.49354743852325,527436.9338035465,527436.9338035465
0.9,224.37263325805176,541147.1139613993,541147.1139613993
0.9,281.93194260884724,505198.34468298685,505198.34468298685
0.9,289.63391302463634,503048.162531667,503048.162531667
0.9,244.6523709209006,524766.2207772769,524766.2207772769
0.9,296.47257889596966,501377.2948204321,501377.2948204321
0.9,268.58395394739637,510803.3604502336,510803.3604502336
0.9,267.419738628051,511463.18122774624,511463.18122774624
0.9,245.23650653696384,524088.67450895783,524088.67450895783
0.9,231.78507282717183,534011.3205984448,534011.3205984448
0.9,274.68888328005784,507921.0499244824,507921.0499244824
0.9,287.7702265326055,503544.67926042434,503544.67926042434
0.9,253.45158640993722,519316.5262978479,519316.5262978479
0.9,270.2084960279722,509942.9975358549,509942.9975358549
0.9,292.7221208715394,502255.1803184134,502255.1803184134
0.9,253.85513684689514,518987.57538361603,518987.57538361603
0.9,232.13552979024556,533751.3593264752,533751.3593264752
0.9,263.423144761825,513383.47063733626,513383.47063733626
0.9,265.642788175133,512202.6888747206,512202.6888747206
0.9,275.4352379870341,507675.4579789996,507675.4579789996
0.9,276.79387996160153,507183.85107549996,507183.85107549996
0.9,242.9788386984118,525652.6578868182,525652.6578868182
0.9,229.26857512510168,536107.6624264829,536107.6624264829
0.9,253.1252325197319,519411.4103717371,519411.4103717371
0.9,243.99093128185945,525334.0866980731,525334.0866980731
0.9,286.64170724430574,503839.0045756778,503839.0045756778
0.9,262.6614167309918,513723.800510383,513723.800510383
0.9,224.62526672288774,541084.3772049289,541084.3772049289
0.9,261.6420342949258,514379.14659633825,514379.14659633825
0.9,252.63250569133024,519705.10132529715,519705.10132529715
0.9,264.17533014796913,512890.13727181056,512890.13727181056
0.9,222.62701776064017,543218.245555829,543218.245555829
0.9,278.0099109064987,506647.00066068524,506647.00066068524
0.9,293.29837087270755,502159.81683095807,502159.81683095807
0.9,274.79271232321986,507886.79968546657,507886.79968546657
0.9,277.12065371477235,506984.4377015316,506984.4377015316
0.9,263.7832614805469,513256.01628776296,513256.01628776296
0.9,236.53750298477843,530308.4870519025,530308.4870519025
0.9,286.92711798588584,503816.609120898,503816.609120898
0.9,224.23260611554252,541302.7085681335,541302.7085681335
0.9,290.22681068756197,502827.0008113796,502827.0008113796
0.9,288.0632464195842,503428.7183377348,503428.7183377348
0.9,273.00575030964717,508697.34482785204,508697.34482785204
0.9,289.6342267298516,503018.04891243915,503018.04891243915
0.9,270.33547627882893,509883.055166909,509883.055166909
0.9,258.07631822264426,516424.61801310064,516424.61801310064
0.9,221.38556649483468,544198.6094773648,544198.6094773648
0.9,256.8418966189317,517327.0778806198,517327.0778806198
0.9,240.10407833149662,527783.4567509467,527783.4567509467
0.9,270.64032882299387,509807.96521839796,509807.96521839796
0.9,219.74221291914333,546262.7565718379,546262.7565718379
0.9,270.74999324912613,509675.5887203106,509675.5887203106
0.9,260.05770283828974,515467.2392812104,515467.2392812104
0.9,270.2084960279722,509942.9975358549,509942.9975358549
0.9,297.8915417134971,501135.387301668,501135.387301668
0.9,276.9325974211694,507114.9112798842,507114.9112798842
0.9,302.58781772643306,500031.39831798105,500031.39831798105
0.9,257.1870040405035,517045.8674817699,517045.8674817699
0.9,257.5300524224318,516681.6871550301,516681.6871550301
0.9,298.36280840831614,501031.7355599614,501031.7355599614
0.9,218.56418972371782,548029.5033935911,548029.5033935911
0.9,272.66611347660483,508895.98608085385,508895.98608085385
0.9,277.31551197152993,506905.918355622,506905.918355622
0.9,284.05555619900764,504680.1199766439,504680.1199766439
0.9,222.5944796801973,543465.4256675626,543465.4256675626
0.9,224.49212286966645,541094.7635791004,541094.7635791004
0.9,279.1546172543265,506215.0997866574,506215.0997866574
0.9,288.3323888505707,503340.9098330337,503340.9098330337
0.9,252.32196866173416,519883.44498500647,519883.44498500647
0.9,226.1758979160031,539673.161708101,539673.161708101
0.9,271.8829124242402,509185.19689017674,509185.19689017674
0.9,285.9481805099022,504081.5970099904,504081.5970099904
0.9,272.30007496024297,508991.87256635516,508991.87256635516
0.9,240.0544581376736,527787.4305260781,527787.4305260781
0.9,298.45821613728714,500986.53654028336,500986.53654028336
0.9,269.82080499382,510174.611777009,510174.611777009
0.9,222.18790237063047,543652.4927836504,543652.4927836504
0.9,290.06350937886947,502996.220151514,502996.220151514
0.9,244.27492038462688,524946.1718797467,524946.1718797467
0.9,296.98712140943894,501264.17569890525,501264.17569890525
0.9,298.0174332093375,501126.32040344377,501126.32040344377
0.9,302.2040668640412,500195.4683805355,500195.4683805355
0.9,269.89232703285376,510068.78082618007,510068.78082618007
0.9,264.27016319121185,512880.30266900134,512880.30266900134
0.9,223.04054389923925,542407.7744704087,542407.7744704087
0.9,278.6064544753492,506272.21417931025,506272.21417931025
0.9,272.73406474053104,508867.7124420967,508867.7124420967
0.9,228.42975320095903,536391.303253761,536391.303253761
0.9,220.03090753185037,545856.7550007852,545856.7550007852
0.9,227.94335516612904,537589.2370143626,537589.2370143626
0.9,305.4859483265846,499595.9005807616,499595.9005807616
0.9,234.02017602076447,531862.823964878,531862.823964878
0.9,264.3164094386236,512737.95858410985,512737.95858410985
0.9,291.0897931947574,502756.9979718676,502756.9979718676
0.9,247.9088234606864,522525.70252085524,522525.70252085524
0.9,245.57741171876438,523816.2961706316,523816.2961706316
0.9,269.7679877556229,510179.42827357026,510179.42827357026
0.9,240.21005441071702,527591.1117309134,527591.1117309134
0.9,239.52517084511496,528147.446941219,528147.446941219
0.9,291.0213076092903,502759.42139326833,502759.42139326833
0.9,286.73463841054416,503824.0949594903,503824.0949594903
0.9,256.11039029394504,517644.5068730862,517644.5068730862
0.9,265.89005943912065,512090.78283877927,512090.78283877927
0.9,276.9325974211694,507114.9112798842,507114.9112798842
0.9,234.49789093196992,531614.2081748231,531614.2081748231
0.9,281.8538249583807,505249.8433872201,505249.8433872201
0.9,244.13098735971042,524972.3414504703,524972.3414504703
0.9,266.48436042825097,511813.1854039001,511813.1854039001
0.9,273.2436065282414,508615.448689164,508615.448689164
0.9,252.80874928876943,519676.445642974,519676.445642974
0.9,274.66192243998313,508110.71499047335,508110.71499047335
0.9,221.07783503164575,544520.4811843496,544520.4811843496
0.9,280.1432180708314,505807.791864265,505807.791864265
0.9,218.09402708172638,548503.3709320251,548503.3709320251
0.9,217.42543239816067,551594.6549615964,551594.6549615964
0.9,269.7206292638541,510188.55296661786,510188.55296661786
0.9,232.35050700678266,533437.4911121293,533437.4911121293
0.9,285.916902391955,504092.56399339973,504092.56399339973
0.9,300.66305302377805,500516.33848705597,500516.33848705597
0.9,219.3349804172645,547630.7212826052,547630.7212826052
0.9,283.51881411707603,504810.2473457261,504810.2473457261
0.9,257.1713932063313,517200.16542863735,517200.16542863735
0.9,259.08686158834456,516048.00578972616,516048.00578972616
0.9,234.35259234516687,531641.5530843961,531641.5530843961
0.9,269.0227759761254,510427.93549369375,510427.93549369375
0.9,237.08532185413347,529927.2671953184,529927.2671953184
0.9,279.79538582714355,505987.60886999744,505987.60886999744
0.9,259.52599029440887,515803.797154655,515803.797154655
0.9,289.41060645239156,503059.8328237121,503059.8328237121
0.9,292.9695340868647,502185.7743723538,502185.7743723538
0.9,275.3782811468818,507711.58583870827,507711.58583870827
0.9,268.9175728460049,510499.305635858,510499.305635858
0.9,241.64654911573905,526641.8357951196,526641.8357951196
0.9,280.1254274151652,505862.18653320905,505862.18653320905
0.9,270.7019317986865,509802.43047102174,509802.43047102174
0.9,272.7519449485689,508867.11507699697,508867.11507699697
0.9,289.1686335107176,503106.5207955217,503106.5207955217
0.9,282.3153573177934,505099.28883060627,505099.28883060627
0.9,278.70764900302095,506271.52419706236,506271.52419706236
0.9,269.99524082151186,510063.09302049945,510063.09302049945
0.9,268.3805335988196,510976.5639495448,510976.5639495448
0.9,277.53243484415515,506807.6944910927,506807.6944910927
0.9,251.0652997736498,520659.6822201107,520659.6822201107
0.9,269.7906199120441,510179.17246858723,510179.17246858723
0.9,305.97411941067537,499520.82569236157,499520.82569236157
0.9,238.66724544356205,528894.365025168,528894.365025168
0.9,220.30083177680459,545272.948473959,545272.948473959
0.9,280.59635763408954,505669.44885510247,505669.44885510247
0.9,298.99457924951196,500854.5818472773,500854.5818472773
0.9,273.951035822178,508363.83336398465,508363.83336398465
0.9,279.2925444324515,506149.7412809,506149.7412809
0.9,253.70602229654003,519061.450658868,519061.450658868
0.9,274.79271232321986,507886.79968546657,507886.79968546657
0.9,266.6941281337961,511652.68214357964,511652.68214357964
0.9,230.42825376536814,535582.0637805916,535582.0637805916
0.9,246.74498712102502,523202.1081681008,523202.1081681008
0.9,238.8637116446237,528770.8520150979,528770.8520150979
0.9,299.44954853451213,500783.7527445231,500783.7527445231
0.9,235.2675871383286,531045.0238680472,531045.0238680472
0.9,289.1503826001691,503192.68792313925,503192.68792313925
0.9,260.1589014494878,515268.09191184054,515268.09191184054
0.9,294.14992259385764,501785.5285632106,501785.5285632106
0.9,283.5082751822804,504818.38273037807,504818.38273037807
0.9,227.05951951101662,538106.4754483475,538106.4754483475
0.9,279.3295912636312,506140.85400819517,506140.85400819517
0.9,223.04222301701623,542168.2652589232,542168.2652589232
0.9,258.2982742711841,516355.7177860413,516355.7177860413
0.9,263.77513942899066,513295.91009446286,513295.91009446286
0.9,232.26553127925155,533637.4971774573,533637.4971774573
0.9,238.74634924366828,528813.3606788596,528813.3606788596
0.9,291.0913961032006,502736.4956122935,502736.4956122935
0.9,281.0518608520967,505529.5833178563,505529.5833178563
0.9,298.2688173070666,501059.12819046644,501059.12819046644
0.9,254.12647094294354,518907.68545876845,518907.68545876845
0.9,281.79152497105457,505290.35204286803,505290.35204286803
0.9,273.7423615420142,508437.71432949574,508437.71432949574
0.9,278.15737901179654,506515.2224152301,506515.2224152301
0.9,226.95731414799874,538603.1439861181,538603.1439861181
0.9,269.0227759761254,510427.93549369375,510427.93549369375
0.9,267.9967453747461,511015.5243152851,511015.5243152851
0.9,287.90181137713057,503529.9593056733,503529.9593056733
0.9,301.23766615357056,500343.0341888062,500343.0341888062
0.9,250.09366214087586,521268.89091400005,521268.89091400005
0.9,218.08090304330304,548664.5437971378,548664.5437971378
0.9,291.7634651585846,502467.7253684663,502467.7253684663
0.9,245.45972787009316,524031.69211743877,524031.69211743877
0.9,236.23972014472287,530500.6044155873,530500.6044155873
0.9,276.27538156524656,507363.0120735591,507363.0120735591
0.9,257.6600744660169,516644.9839763199,516644.9839763199
0.9,301.09609964577146,500390.58527855156,500390.58527855156
0.9,266.09031812519265,511814.7143029164,511814.7143029164
0.9,263.879814079602,513118.69139428344,513118.69139428344
0.9,258.2328480667211,516393.4218687998,516393.4218687998
0.9,267.99757404079054,510978.12826654577,510978.12826654577
0.9,284.5218421644757,504461.73528552265,504461.73528552265
0.9,256.8518020928123,517246.876373693,517246.876373693
0.9,238.5750523980552,529266.2550334621,529266.2550334621
0.9,304.8890172923275,499697.6190204763,499697.6190204763
0.9,218.57746080613566,548018.4484791327,548018.4484791327
0.9,261.2544490067461,514663.58826415334,514663.58826415334
0.9,260.597899795818,515253.76343802846,515253.76343802846
0.9,273.33030428806114,508529.3641706752,508529.3641706752
0.9,232.07044504217748,533788.5186252674,533788.5186252674
0.9,286.92711798588584,503816.609120898,503816.609120898
0.9,286.2426470182864,503958.99653554277,503958.99653554277
0.9,256.4506276519829,517434.86417904595,517434.86417904595
0.9,295.3907597507159,501554.5536693592,501554.5536693592
0.9,282.67254739113883,504948.85765280045,504948.85765280045
0.9,278.0777794208055,506584.7323431228,506584.7323431228
0.9,295.89640637650797,501498.762421169,501498.762421169
0.9,282.62508121920456,505076.3956241602,505076.3956241602
0.9,302.00612293103467,500238.0115419514,500238.0115419514
0.9,260.09896023606547,515459.9461622825,515459.9461622825
0.9,285.15380205286044,504381.92146518326,504381.92146518326
0.9,275.65436029659827,507520.4763096858,507520.4763096858
0.9,296.927494780474,501345.35606121545,501345.35606121545
0.9,279.39203287368184,506105.22963377635,506105.22963377635
0.9,241.2179399461853,526943.6838546047,526943.6838546047
0.9,218.38396629339854,548173.1047979642,548173.1047979642
0.9,298.25482949411906,501074.5105981591,501074.5105981591
0.9,286.2688998656873,503925.14744823216,503925.14744823216
0.9,220.82102796595544,545100.5276368145,545100.5276368145
0.9,296.26246385577815,501419.66660690814,501419.66660690814
0.9,275.9401481766463,507453.6021112205,507453.6021112205
0.9,251.626424375126,520313.35878699785,520313.35878699785
0.9,283.52990064897864,504730.42440353124,504730.42440353124
0.9,289.03344218384586,503241.28021262144,503241.28021262144
0.9,287.30561188083664,503598.78515945823,503598.78515945823
0.9,255.37971193046386,518303.50329608814,518303.50329608814
0.9,261.8541298360412,514282.5246086327,514282.5246086327
0.9,287.67159493693333,503593.0275491493,503593.0275491493
0.9,257.19262183959427,516978.64464770944,516978.64464770944
0.9,258.47930502208015,516329.8276629478,516329.8276629478
0.9,233.92988446297443,532119.885329792,532119.885329792
0.9,304.40538562937445,499835.9206853461,499835.9206853461
0.9,238.5725109554647,529404.5549958067,529404.5549958067
0.9,304.4189043275319,499789.88780402986,499789.88780402986
0.9,292.8774496428152,502212.7838316584,502212.7838316584
0.9,277.24465592840914,506910.2631563048,506910.2631563048
0.9,239.7571966904916,527805.2867370697,527805.2867370697
0.9,305.4859483265846,499595.9005807616,499595.9005807616
0.9,288.85177336140816,503322.3909270985,503322.3909270985
0.9,225.97699909578267,539696.4440957902,539696.4440957902
0.9,230.91888060492323,534876.375007319,534876.375007319
0.9,277.61823881650787,506724.20370234875,506724.20370234875
0.9,280.40520625322006,505678.6670253428,505678.6670253428
0.9,249.69584969119504,521536.0388357369,521536.0388357369
0.9,238.03988488236146,529612.916518078,529612.916518078
0.9,293.6255996379301,502040.04664717126,502040.04664717126
0.9,248.72499293289454,522004.7617444518,522004.7617444518
0.9,240.72876919119378,527111.0767167973,527111.0767167973
0.9,219.36684073337165,547088.591096657,547088.591096657
0.9,304.0735287804318,499865.97692947916,499865.97692947916
0.9,279.8588516355275,505944.3857544264,505944.3857544264
0.9,304.8586993281425,499748.44447509083,499748.44447509083
0.9,249.2671949771139,521613.5547258692,521613.5547258692
0.9,264.6233826866669,512684.74026066484,512684.74026066484
0.9,224.22768906525775,541350.7874250237,541350.7874250237
0.9,257.7898074728348,516457.5387796273,516457.5387796273
0.9,226.44527413507555,538807.803541495,538807.803541495
0.9,265.49434940481405,512207.04447376984,512207.04447376984
0.9,272.85837235865046,508785.20993878494,508785.20993878494
0.9,276.85375992733333,507165.2705462369,507165.2705462369
0.9,248.62624551707646,522210.0237393524,522210.0237393524
0.9,219.90705220063617,546016.6356312785,546016.6356312785
0.9,222.79592199545337,543031.0742814736,543031.0742814736
0.9,221.33961175778657,544313.1907500229,544313.1907500229
0.9,265.44638046839424,512298.60525162687,512298.60525162687
0.9,255.76176461036036,517966.70044487447,517966.70044487447
0.9,274.0909914719189,508268.30143096845,508268.30143096845
0.9,285.31266358992787,504309.64993442193,504309.64993442193
0.9,233.1431791197194,532571.1200098243,532571.1200098243
0.9,291.60743345469535,502544.84330107085,502544.84330107085
0.9,296.22263082036363,501426.2375160576,501426.2375160576
0.9,217.52128607680257,550346.9376721641,550346.9376721641
0.9,267.877335370347,511051.75473697245,511051.75473697245
0.9,229.4565179560462,535845.1121183237,535845.1121183237
0.9,276.38519753047564,507233.93415746506,507233.93415746506
0.9,219.23061930934355,547664.8746388245,547664.8746388245
0.9,244.00171974958351,525280.0834386166,525280.0834386166
0.9,243.14799328796926,525649.7844378531,525649.7844378531
0.9,266.8786565980949,511490.40155289444,511490.40155289444
0.9,269.17667881673543,510383.09695126134,510383.09695126134
0.9,291.76078984873095,502480.4106549802,502480.4106549802
0.9,295.02057155021254,501611.85270205856,501611.85270205856
0.9,284.13665398226624,504527.46628218767,504527.46628218767
0.9,292.794735296018,502234.2982814484,502234.2982814484
0.9,259.7338726003187,515636.7597026241,515636.7597026241
0.9,242.8374522640179,526029.0251090562,526029.0251090562
0.9,225.07960625000337,540118.2071639269,540118.2071639269
0.9,280.89152957970805,505598.91515424335,505598.91515424335
0.9,219.51710022307026,546478.5223936364,546478.5223936364
0.9,284.11260848011517,504662.01732654695,504662.01732654695
0.9,292.23469739090126,502315.85276623734,502315.85276623734
0.9,291.1780675886525,502664.8989451324,502664.8989451324
0.9,292.69525890358307,502301.61587991304,502301.61587991304
0.9,276.0952367057515,507381.7033878134,507381.7033878134
0.9,299.9493130754854,500599.9615230437,500599.9615230437
0.9,251.13467155216674,520620.7382047914,520620.7382047914
0.9,259.3617608727087,515878.83868209226,515878.83868209226
0.9,256.3623862297131,517631.8442709213,517631.8442709213
0.9,275.3356320487722,507735.31057010335,507735.31057010335
0.9,259.8263817761391,515553.1115051794,515553.1115051794
0.9,257.19483318941536,516765.5422660557,516765.5422660557
0.3,240.0045871935362,590854.2235847131,590854.2235847131
0.3,286.59618532585966,507588.6793245451,507588.6793245451
0.3,263.75050692560563,517813.72058341186,517813.72058341186
0.3,276.05386483836,510328.526891486,510328.526891486
0.3,262.27945377076753,519103.9065174167,519103.9065174167
0.3,264.6226809687253,517567.7428682724,517567.7428682724
0.3,266.4153104158006,516583.5451573038,516583.5451573038
0.3,272.948537748585,511820.8292621955,511820.8292621955
0.3,266.74301831968376,516139.89946340927,516139.89946340927
0.3,281.5590042306324,508804.19946182804,508804.19946182804
0.3,269.3766487463603,514329.44830048596,514329.44830048596
0.3,270.9482791405914,513371.4378421164,513371.4378421164
0.3,277.502519443206,509995.4351214027,509995.4351214027
0.3,268.7817706898673,514619.569141697,514619.569141697
0.3,270.56464752982095,513430.26595291926,513430.26595291926
0.3,241.2879108251572,584218.7878115196,584218.7878115196
0.3,263.44693519812733,518371.0220732932,518371.0220732932
0.3,240.74678064967216,586866.8483557496,586866.8483557496
0.3,281.94108002344177,508714.72239321395,508714.72239321395
0.3,268.6403530534624,514673.05299991864,514673.05299991864
0.3,254.78550587786333,537130.413313004,537130.413313004
0.3,268.2705425676707,515020.6723912896,515020.6723912896
0.3,259.25489427496865,525527.3968592163,525527.3968592163
0.3,279.3162489596861,509425.86262292264,509425.86262292264
0.3,242.0470280263006,580862.9753744856,580862.9753744856
0.3,274.0953885928093,511138.59844674595,511138.59844674595
0.3,269.81513528458834,513874.136233359,513874.136233359
0.3,264.6613838859366,517554.60520434537,517554.60520434537
0.3,271.6915562760346,512553.7670642466,512553.7670642466
0.3,265.02747410917266,517525.34015962004,517525.34015962004
0.3,263.1618544693127,518431.45246076386,518431.45246076386
0.3,269.1365443398314,514503.26487717225,514503.26487717225
0.3,263.50576396034893,518063.8169515393,518063.8169515393
0.3,282.4846663498175,508574.4979065671,508574.4979065671
0.3,279.75593777901236,509300.7270319955,509300.7270319955
0.3,272.36138375904176,512048.80225855793,512048.80225855793
0.3,242.2340834361697,579706.6752813752,579706.6752813752
0.3,272.63244105717774,512031.59640786576,512031.59640786576
0.3,266.9631661303647,515975.4992891114,515975.4992891114
0.3,256.0427950370645,533875.4930876398,533875.4930876398
0.3,267.1728287574484,515587.50215692865,515587.50215692865
0.3,256.86282021266,531564.1113997488,531564.1113997488
0.3,243.95677769918464,571491.0047605865,571491.0047605865
0.3,257.27167216210586,530961.0825100834,530961.0825100834
0.3,258.7062949600489,526859.9414303646,526859.9414303646
0.3,244.44001063814548,569346.7178204234,569346.7178204234
0.3,245.48991717305617,565483.5092116203,565483.5092116203
0.3,252.92129718731024,542223.1677197869,542223.1677197869
0.3,252.30864985545801,544065.1506768868,544065.1506768868
0.3,274.9804933388205,510851.7188159546,510851.7188159546
0.3,265.423723844056,517140.0710814435,517140.0710814435
0.3,246.38739540177588,561946.413650308,561946.413650308
0.3,271.581103867948,512787.4262082749,512787.4262082749
0.3,260.52427760059237,522398.35040431865,522398.35040431865
0.3,242.89149978218313,576092.215485335,576092.215485335
0.3,249.58769168545157,551871.560148702,551871.560148702
0.3,247.15098762271916,559486.5192154081,559486.5192154081
0.3,253.9492786332173,539513.305209052,539513.305209052
0.3,256.9164411411369,531400.3239809239,531400.3239809239
0.3,257.0781757049286,531064.8347439035,531064.8347439035
0.3,242.05663301021355,580420.8343349954,580420.8343349954
0.3,269.57836282614016,514080.58144125267,514080.58144125267
0.3,272.63244105717774,512031.59640786576,512031.59640786576
0.3,242.03711242059313,581151.6616408888,581151.6616408888
0.3,266.7518902647889,516137.44874463417,516137.44874463417
0.3,255.58025574018978,535093.7677012713,535093.7677012713
0.3,243.85674331872698,571792.3368718578,571792.3368718578
0.3,241.73578300152548,582074.4940646106,582074.4940646106
0.3,244.24590853326637,570539.6644149054,570539.6644149054
0.3,258.2687846831524,528156.7195786173,528156.7195786173
0.3,243.70563089650102,572669.6216470152,572669.6216470152
0.3,275.1906292140728,510667.34181636735,510667.34181636735
0.3,272.1429088625886,512309.89503094205,512309.89503094205
0.3,260.8727505480385,521645.37296743836,521645.37296743836
0.3,261.82662590968204,519871.5450011485,519871.5450011485
0.3,247.92865324644467,557177.6114271538,557177.6114271538
0.3,245.92145307662332,563941.5563868004,563941.5563868004
0.3,242.64608404185012,577674.6963329106,577674.6963329106
0.3,265.8390227820754,516967.8336279613,516967.8336279613
0.3,250.29553132203145,549824.8869081498,549824.8869081498
0.3,240.54850848161277,588161.6044967471,588161.6044967471
0.3,243.76409411821965,572527.9128442957,572527.9128442957
0.3,240.09955442051057,590724.8674053766,590724.8674053766
0.3,244.60107539834968,568985.5464046302,568985.5464046302
0.3,248.9352340082387,554039.5943244421,554039.5943244421
0.3,250.02956049737455,550636.750756548,550636.750756548
0.3,261.9524178945494,519720.94022205553,519720.94022205553
0.3,258.61455685333317,527366.3173800802,527366.3173800802
0.3,241.32692310263627,583924.109278285,583924.109278285
0.3,259.21426425185314,525699.9313630306,525699.9313630306
0.3,240.27234483677256,590008.2527185091,590008.2527185091
0.3,257.7779264771335,529443.1942774983,529443.1942774983
0.3,246.873342592862,560285.2543412029,560285.2543412029
0.3,249.66219750153684,551443.5934632684,551443.5934632684
0.3,260.21685321927646,523217.66081756155,523217.66081756155
0.3,251.37820992339465,546846.940910662,546846.940910662
0.3,244.2649640238704,570275.1767722265,570275.1767722265
0.3,256.25804688559725,533306.8932742521,533306.8932742521
0.3,261.16994221884386,520933.444835352,520933.444835352
0.3,255.47344741292505,535308.8512941021,535308.8512941021
0.3,243.69538465146886,572931.8264623205,572931.8264623205
0.3,253.42495453732585,540839.0328545785,540839.0328545785
0.3,272.20767610224704,512220.6717074598,512220.6717074598
0.3,251.12313175242159,547706.1106259408,547706.1106259408
0.3,254.90225989384683,536986.9022267247,536986.9022267247
0.3,258.6342211891638,527057.9358807178,527057.9358807178
0.3,244.6382693098642,568792.2102859906,568792.2102859906
0.3,256.65284639404894,532062.7741118316,532062.7741118316
0.3,247.95635057647075,556851.1282533123,556851.1282533123
0.3,257.74763830954345,529633.3614049205,529633.3614049205
0.3,243.24205256082462,574562.5646498564,574562.5646498564
0.3,248.6220224902197,554729.9389711428,554729.9389711428
0.3,263.1443054464854,518570.76532610785,518570.76532610785
0.3,261.384142674345,520437.35027123766,520437.35027123766
0.3,268.46034132706205,514847.37241352285,514847.37241352285
0.3,245.74754072025306,564510.4812138183,564510.4812138183
0.3,261.272472603205,520811.9796972137,520811.9796972137
0.3,244.04534619626438,571072.4340343501,571072.4340343501
0.3,265.13126456974555,517354.26501125295,517354.26501125295
0.3,265.3595677519061,517210.95774117246,517210.95774117246
0.3,256.7137581072281,532042.9341338677,532042.9341338677
0.3,255.4599037025261,535556.9051389962,535556.9051389962
0.3,261.79314699358406,519955.0763777292,519955.0763777292
0.3,255.81444431673424,534706.9523084828,534706.9523084828
0.3,247.85420077001723,557182.4115560106,557182.4115560106
0.3,253.76623783920888,539991.4445650441,539991.4445650441
0.3,263.6688844948711,518047.8985938664,518047.8985938664
0.3,261.49508368109406,520415.85448456765,520415.85448456765
0.3,248.97759409569534,553793.5542962239,553793.5542962239
0.3,247.61231321762978,557919.3903598376,557919.3903598376
0.3,255.6483988283524,534904.8456529693,534904.8456529693
0.3,282.4384291071868,508611.67237504333,508611.67237504333
0.3,252.17685214740703,544402.2058129872,544402.2058129872
0.3,260.4563491776836,522708.76357034175,522708.76357034175
0.3,260.9689706210655,521393.0176667498,521393.0176667498
0.3,245.07678308973055,567024.7717971599,567024.7717971599
0.3,259.66476259560426,524625.447673494,524625.447673494
0.3,255.82824475492586,534540.6111214886,534540.6111214886
0.3,260.68048280176384,522282.97581196413,522282.97581196413
0.3,252.7353149834893,542885.2846138632,542885.2846138632
0.3,267.0479199921663,515972.8722705231,515972.8722705231
0.3,247.47602501276322,558341.6057045269,558341.6057045269
0.3,241.46622872790164,583594.4714864222,583594.4714864222
0.3,269.75369299767834,513905.8557231509,513905.8557231509
0.3,252.69193071382097,543060.3842111443,543060.3842111443
0.3,252.1514849186668,544454.7077677358,544454.7077677358
0.3,258.6523290850645,527002.8606354805,527002.8606354805
0.3,240.53723541939434,588219.3786936076,588219.3786936076
0.3,246.65010215236458,561239.7000872648,561239.7000872648
0.3,246.25755119139035,562694.6562824486,562694.6562824486
0.3,248.99183413223798,553644.1631748757,553644.1631748757
0.3,257.64943773944213,529932.5861644818,529932.5861644818
0.3,241.7028096060898,582492.7694011393,582492.7694011393
0.3,248.15769483157084,556261.2034786337,556261.2034786337
0.3,260.35126745032466,522813.21441144065,522813.21441144065
0.3,243.867117170368,571786.5168272504,571786.5168272504
0.3,264.6226809687253,517567.7428682724,517567.7428682724
0.3,248.5978248310801,554989.6089956325,554989.6089956325
0.3,267.16083139802066,515682.50333758455,515682.50333758455
0.3,260.34345955020905,522956.66853932606,522956.66853932606
0.3,245.75451635793348,564476.1075974181,564476.1075974181
0.3,263.73456279656756,518010.90573430073,518010.90573430073
0.3,246.46124381392903,561830.4580673302,561830.4580673302
0.3,242.36886935038766,579054.8977943966,579054.8977943966
0.3,242.3270458090366,579179.1230294408,579179.1230294408
0.3,243.15099430117303,575355.1650879299,575355.1650879299
0.3,262.0394064763472,519613.2192359493,519613.2192359493
0.3,247.43328284633606,558490.2486504028,558490.2486504028
0.3,245.16543980132704,566940.0817135541,566940.0817135541
0.3,248.1481309700906,556519.6288001526,556519.6288001526
0.3,260.2238405584959,523107.2981048405,523107.2981048405
0.3,244.01591414387357,571348.859174473,571348.859174473
0.3,253.60905584310018,540517.7847149745,540517.7847149745
0.3,255.1684241057056,536183.2986524056,536183.2986524056
0.3,249.04983025528315,553555.5817768212,553555.5817768212
0.3,261.56192904503894,520358.8398410813,520358.8398410813
0.3,258.61455685333317,527366.3173800802,527366.3173800802
0.3,253.71644347652241,540111.2053349774,540111.2053349774
0.3,246.14821227684735,563001.9338656728,563001.9338656728
0.3,254.09591502169772,539202.1819395465,539202.1819395465
0.3,256.6471202375221,532356.2644707011,532356.2644707011
0.3,248.20984878217743,556129.6091740449,556129.6091740449
0.3,250.55917850689923,549189.3150888833,549189.3150888833
0.3,249.27949998693876,552967.7207286927,552967.7207286927
0.3,285.2431116796761,508026.33373038785,508026.33373038785
0.3,260.9158702595729,521492.5701076455,521492.5701076455
0.3,253.16250685050233,541651.8868892037,541651.8868892037
0.3,269.75369299767834,513905.8557231509,513905.8557231509
0.3,240.27145528686415,590110.0185797801,590110.0185797801
0.3,244.55125594788836,569119.2138687586,569119.2138687586
0.3,252.17685214740703,544402.2058129872,544402.2058129872
0.3,261.30123014818923,520668.78096033086,520668.78096033086
0.3,242.39871585545745,578852.6139445959,578852.6139445959
0.3,247.8408687263525,557420.7145516516,557420.7145516516
0.3,249.34238426078463,552749.8302863357,552749.8302863357
0.3,268.46034132706205,514847.37241352285,514847.37241352285
0.3,243.65678757905636,573018.0030591162,573018.0030591162
0.3,247.84272141726942,557397.6053721632,557397.6053721632
0.3,256.3167189381809,533287.2287033868,533287.2287033868
0.3,261.9694677828693,519656.1567065468,519656.1567065468
0.3,253.56897058469693,540632.9942275863,540632.9942275863
0.3,246.7910291234008,560870.2970181156,560870.2970181156
0.3,265.05167544036516,517502.4709767498,517502.4709767498
0.3,259.61420252585555,524987.8866562955,524987.8866562955
0.3,253.62799214543762,540435.2017064493,540435.2017064493
0.3,253.1052973762158,541993.1153440182,541993.1153440182
0.3,254.17024839446978,539091.7506685171,539091.7506685171
0.3,259.0094617484927,526408.6062735897,526408.6062735897
0.3,244.00193770423186,571357.9518103851,571357.9518103851
0.3,253.80243275417024,539893.3127029126,539893.3127029126
0.3,240.23407830080797,590220.3812581872,590220.3812581872
0.3,257.845833761505,529347.2845562391,529347.2845562391
0.3,253.53712099527706,540833.557126798,540833.557126798
0.3,244.1231814979805,570795.6964437778,570795.6964437778
0.3,260.144521444777,523774.5502926225,523774.5502926225
0.3,247.9776262499261,556837.5497182866,556837.5497182866
0.3,246.96758685500998,560185.9104074846,560185.9104074846
0.3,253.10598588294707,541849.3843490181,541849.3843490181
0.3,249.21863148082105,553081.2590528541,553081.2590528541
0.3,245.01557413955348,567424.3341612028,567424.3341612028
0.3,240.18260948222056,590479.0054309216,590479.0054309216
0.3,251.3542489669699,546944.2854807216,546944.2854807216
0.3,252.56590559311184,543622.6423067951,543622.6423067951
0.3,258.4368185197734,527967.1112629421,527967.1112629421
0.3,248.66474505939433,554699.948839,554699.948839
0.3,260.09598627113706,523780.79079643125,523780.79079643125
0.3,251.1978076786229,547550.338290155,547550.338290155
0.3,247.4240308660909,558556.0538690574,558556.0538690574
0.3,253.80243275417024,539893.3127029126,539893.3127029126
0.3,246.07615859626716,563294.2652798786,563294.2652798786
0.3,253.56097669324492,540691.8788949158,540691.8788949158
0.3,242.2947995661031,579282.5491377574,579282.5491377574
0.3,280.48530533659175,509179.8782961427,509179.8782961427
0.3,257.544056176088,530163.118470346,530163.118470346
0.3,246.8710844863955,560474.3076501394,560474.3076501394
0.3,258.0559171150437,528849.5662822258,528849.5662822258
0.3,244.5092515712152,569248.1391674043,569248.1391674043
0.3,244.54536495323492,569165.1977758561,569165.1977758561
0.3,257.9050991901813,529250.5554973703,529250.5554973703
0.3,265.1071401836063,517408.9868478456,517408.9868478456
0.3,261.34484850565906,520557.6473041773,520557.6473041773
0.3,254.1399810256381,539127.6634356173,539127.6634356173
0.3,261.2842933295729,520732.6951557031,520732.6951557031
0.3,242.10422027660664,580330.484041398,580330.484041398
0.3,260.94147549900003,521481.6766713426,521481.6766713426
0.3,255.82235595277876,534667.3162922366,534667.3162922366
0.3,261.06280346858597,521211.0448710678,521211.0448710678
0.3,260.054699445712,523842.6753252476,523842.6753252476
0.3,267.10048753470517,515870.10046954954,515870.10046954954
0.3,260.0530961444307,523895.5273822747,523895.5273822747
0.3,261.3405563268945,520558.79096208874,520558.79096208874
0.3,253.54660373305543,540808.967064765,540808.967064765
0.3,265.41789016753887,517154.60301858676,517154.60301858676
0.3,274.0952935639471,511138.7393827886,511138.7393827886
0.3,258.97344680585127,526509.3196407917,526509.3196407917
0.3,246.86523886480623,560480.9853490067,560480.9853490067
0.3,251.15669208382832,547591.3468664108,547591.3468664108
0.3,252.79919236927987,542859.1906919265,542859.1906919265
0.3,253.7138131421362,540192.7329021906,540192.7329021906
0.3,261.0863699681325,521146.58977815585,521146.58977815585
0.3,261.5571079083256,520370.98643771943,520370.98643771943
0.3,251.12356970006658,547643.333536761,547643.333536761
0.3,242.08487488466608,580348.3965447193,580348.3965447193
0.3,252.83047745029768,542757.7883278801,542757.7883278801
0.3,257.5545981137014,530154.7049942792,530154.7049942792
0.3,257.88258676861494,529331.2205757403,529331.2205757403
0.3,253.64947366896723,540338.0868637947,540338.0868637947
0.3,253.66030420126128,540321.3912338725,540321.3912338725
0.3,248.35026134026455,555758.7204274894,555758.7204274894
0.3,246.47272596853432,561786.6734129868,561786.6734129868
0.3,258.97687806141397,526478.388795771,526478.388795771
0.3,263.44693519812733,518371.0220732932,518371.0220732932
0.3,248.59778064426553,554999.1264436452,554999.1264436452
0.3,243.867117170368,571786.5168272504,571786.5168272504
0.3,244.5092515712152,569248.1391674043,569248.1391674043
0.3,246.96758685500998,560185.9104074846,560185.9104074846
0.3,242.3155587410298,579268.8238248862,579268.8238248862
0.3,260.3462329048692,522831.0542304259,522831.0542304259
0.3,245.97442277704872,563637.512469555,563637.512469555
0.3,261.0863699681325,521146.58977815585,521146.58977815585
0.3,263.69035674923146,518017.32258635235,518017.32258635235
0.3,258.39195877610786,527999.3447306197,527999.3447306197
0.3,241.32692310263627,583924.109278285,583924.109278285
0.3,248.1235871379432,556556.7558854782,556556.7558854782
0.3,252.69520357941337,543022.8851774225,543022.8851774225
0.3,242.3844731960849,578905.4177364472,578905.4177364472
0.3,240.1936887366054,590466.4659437634,590466.4659437634
0.3,240.23407830080797,590220.3812581872,590220.3812581872
0.3,248.98671502711179,553763.2461559771,553763.2461559771
0.3,268.32495488712755,515011.8245727931,515011.8245727931
0.3,261.02562137762607,521230.9264090773,521230.9264090773
0.3,247.73534700786794,557599.6971004216,557599.6971004216
0.3,246.19964565048247,562905.0066317308,562905.0066317308
0.3,269.56113968300633,514145.66044458974,514145.66044458974
0.3,263.1443054464854,518570.76532610785,518570.76532610785
0.3,249.21863148082105,553081.2590528541,553081.2590528541
0.3,253.69187757382025,540243.2900084793,540243.2900084793
0.3,268.3490143381689,515008.6831067902,515008.6831067902
0.3,246.22302549188367,562886.3601356953,562886.3601356953
0.3,251.17621375024012,547557.1306940104,547557.1306940104
0.3,259.5994385140896,524992.3003874054,524992.3003874054
0.3,247.61231321762978,557919.3903598376,557919.3903598376
0.3,258.41046166445847,527972.1229468022,527972.1229468022
0.3,268.3490143381689,515008.6831067902,515008.6831067902
0.3,252.69520357941337,543022.8851774225,543022.8851774225
0.3,253.69187757382025,540243.2900084793,540243.2900084793
0.3,267.10048753470517,515870.10046954954,515870.10046954954
0.3,252.8148887162065,542796.1875800326,542796.1875800326
0.3,245.05249889830043,567317.7295207942,567317.7295207942
0.3,268.2739313890154,515012.6011140324,515012.6011140324
0.3,265.1129010080094,517408.3557835686,517408.3557835686
0.3,252.16842364423135,544446.4564187881,544446.4564187881
0.3,271.6811922981963,512557.33071788785,512557.33071788785
0.3,257.9435483295269,529235.5096937004,529235.5096937004
0.3,257.9437972294989,529231.6769751892,529231.6769751892
0.3,248.7270977376661,554619.5538493877,554619.5538493877
0.3,240.54636507468837,588168.7099636954,588168.7099636954
0.3,245.1656621393499,566874.5626418417,566874.5626418417
0.3,254.16042814896082,539119.0439982507,539119.0439982507
0.3,244.01591414387357,571348.859174473,571348.859174473
0.3,242.39848811274084,578852.7681609584,578852.7681609584
0.3,252.80678875947498,542833.7292242143,542833.7292242143
0.3,252.80843773637284,542822.8312336172,542822.8312336172
0.3,245.16569877698012,566874.5474729997,566874.5474729997
0.3,248.1400912508214,556532.9088601036,556532.9088601036
0.3,245.97399203705157,563645.7819032626,563645.7819032626
0.3,248.98671502711179,553763.2461559771,553763.2461559771
0.3,248.1400912508214,556532.9088601036,556532.9088601036
0.3,254.16042814896082,539119.0439982507,539119.0439982507
0.3,242.39848811274084,578852.7681609584,578852.7681609584
0.3,254.48348511160358,537803.8212433312,537803.8212433312
0.3,252.98572360859953,542088.4948219033,542088.4948219033
0.3,268.3494102084885,514925.5281299036,514925.5281299036
0.3,274.5614079835727,510942.0400501726,510942.0400501726
0.3,244.02208102995542,571234.244238998,571234.244238998
0.3,242.84079522948716,576433.9487961617,576433.9487961617
0.3,272.63244105717774,512031.59640786576,512031.59640786576
0.3,247.14726924552426,559490.0390382376,559490.0390382376
0.3,270.37569242034164,513439.90238684666,513439.90238684666
0.3,258.1062749492832,528719.0032729198,528719.0032729198
0.3,240.73817616626042,587030.453033293,587030.453033293
0.3,244.44677186281567,569317.8473229484,569317.8473229484
0.3,243.46451198955563,573779.5650513469,573779.5650513469
0.3,246.65010215236458,561239.7000872648,561239.7000872648
0.3,250.6443003843785,548729.3787671388,548729.3787671388
0.3,268.97484056285816,514564.90825578675,514564.90825578675
0.3,274.00397030789725,511180.8169343108,511180.8169343108
0.3,244.53797436584108,569243.5623745051,569243.5623745051
0.3,250.23232808861007,549847.7120901162,549847.7120901162
0.3,266.4906612439951,516401.3810390085,516401.3810390085
0.3,254.96256529775903,536581.5385939569,536581.5385939569
0.3,253.3811863549845,540979.9377642174,540979.9377642174
0.3,254.1069767966029,539131.1862295412,539131.1862295412
0.3,245.46995673702196,565571.2121624694,565571.2121624694
0.3,240.74078380133201,587006.400600609,587006.400600609
0.3,246.11057320045632,563159.1433719916,563159.1433719916
0.3,241.01229847282562,585143.0596521826,585143.0596521826
0.3,246.42624467514037,561863.4010401674,561863.4010401674
0.3,259.1203774063669,525739.4220982149,525739.4220982149
0.3,259.9471366066322,523985.36232918425,523985.36232918425
0.3,248.00607925164917,556706.263665564,556706.263665564
0.3,260.78902824883636,521893.7465321944,521893.7465321944
0.3,269.20843878145126,514410.5276327109,514410.5276327109
0.3,261.1489533540266,521024.7249236371,521024.7249236371
0.3,250.1035026562997,550276.3097285335,550276.3097285335
0.3,260.7691463477895,521915.53475210414,521915.53475210414
0.3,270.87792758479037,513414.77637750475,513414.77637750475
0.3,243.92939714304637,571717.5742267692,571717.5742267692
0.3,243.09323414377178,575432.2134992003,575432.2134992003
0.3,248.71438529718196,554652.5075840085,554652.5075840085
0.3,240.91360544269605,585922.2160959655,585922.2160959655
0.3,286.63202117703617,507486.4682179749,507486.4682179749
0.3,250.3125837801603,549800.6803471694,549800.6803471694
0.3,243.46451198955563,573779.5650513469,573779.5650513469
0.3,253.86725615155848,539714.6241437523,539714.6241437523
0.3,246.76745105388574,560896.5532725462,560896.5532725462
0.3,268.46034132706205,514847.37241352285,514847.37241352285
0.3,280.9158252117117,508957.1558161458,508957.1558161458
0.3,266.94527087810627,516035.023659063,516035.023659063
0.3,245.02357293071717,567320.165152451,567320.165152451
0.3,244.76739404247462,568111.0899061977,568111.0899061977
0.3,244.89994835733424,567697.8767683457,567697.8767683457
0.3,250.7455776172006,548456.9300063786,548456.9300063786
0.3,257.07131936932495,531089.4342493701,531089.4342493701
0.3,243.03666883168074,575652.5844267516,575652.5844267516
0.3,286.15642754516034,507736.33321641834,507736.33321641834
0.3,274.65892538152656,510888.7471392291,510888.7471392291
0.3,243.91935716161436,571729.9487461415,571729.9487461415
0.3,247.44601204229096,558433.806510776,558433.806510776
0.3,255.24818428827928,536024.715085012,536024.715085012
0.3,246.95527791988835,560203.2947847232,560203.2947847232
0.3,242.62734481740907,577757.6972692644,577757.6972692644
0.3,276.0261948114605,510430.9880177484,510430.9880177484
0.3,259.2518234281781,525527.5066158762,525527.5066158762
0.3,251.2269723753699,547307.7716341185,547307.7716341185
0.3,253.61867934978008,540503.1696715426,540503.1696715426
0.3,244.86938777730285,567981.108972918,567981.108972918
0.3,242.67937320011256,577155.3636352641,577155.3636352641
0.3,241.49712187844952,583116.8952763672,583116.8952763672
0.3,272.02764086729184,512417.2862264049,512417.2862264049
0.3,242.38512004795757,578905.3946831303,578905.3946831303
0.3,242.81050847152545,576689.1452460248,576689.1452460248
0.3,285.2431116796761,508026.33373038785,508026.33373038785
0.3,244.2515244080482,570374.8261480143,570374.8261480143
0.3,278.76118659952624,509578.502364696,509578.502364696
0.3,252.621958877263,543189.6092289309,543189.6092289309
0.3,258.27329476763776,528155.2262985006,528155.2262985006
0.3,248.85467398681342,554056.5618312717,554056.5618312717
0.3,254.4769915765044,537886.6028584915,537886.6028584915
0.3,259.80426651493315,524323.4608654097,524323.4608654097
0.3,267.4705141665122,515183.41335906135,515183.41335906135
0.3,253.68858080892213,540313.2645685464,540313.2645685464
0.3,247.73696185850426,557519.8538089507,557519.8538089507
0.3,279.76972851797285,509300.70213406,509300.70213406
0.3,248.47454578252018,555306.9690556338,555306.9690556338
0.3,259.4993001797501,525211.9912232044,525211.9912232044
0.3,246.14821227684735,563001.9338656728,563001.9338656728
0.3,244.39713215174055,569694.8702711439,569694.8702711439
0.3,249.08478602303344,553229.5128481863,553229.5128481863
0.3,261.7148918299648,520218.01863865164,520218.01863865164
0.3,240.86288847146767,586237.976656822,586237.976656822
0.3,280.9738508372985,508943.69375822594,508943.69375822594
0.3,246.3690115331158,562261.715699132,562261.715699132
0.3,253.53925897022864,540830.7137387563,540830.7137387563
0.3,247.95635057647075,556851.1282533123,556851.1282533123
0.3,252.5062485782831,543646.3653443289,543646.3653443289
0.3,245.4502472365668,565577.253603142,565577.253603142
0.3,241.4039086540028,583598.6974395346,583598.6974395346
0.3,257.94840792751523,529218.7929873676,529218.7929873676
0.3,276.0261948114605,510430.9880177484,510430.9880177484
0.3,258.0568169883006,528763.8385682115,528763.8385682115
0.3,240.94866483126808,585448.8931685429,585448.8931685429
0.3,256.2342006426953,533417.585542226,533417.585542226
0.3,251.37565210607318,546913.2996094236,546913.2996094236
0.3,272.948537748585,511820.8292621955,511820.8292621955
0.3,272.21143607652704,512097.9303866264,512097.9303866264
0.3,250.6077217921099,548916.567933211,548916.567933211
0.3,242.89149978218313,576092.215485335,576092.215485335
0.3,259.5279269278111,525048.1683310459,525048.1683310459
0.3,275.81944128581716,510490.5562053662,510490.5562053662
0.3,240.4400489269716,588589.7154945296,588589.7154945296
0.3,246.46832358063324,561804.7604493964,561804.7604493964
0.3,243.30840001770693,574517.914444573,574517.914444573
0.3,281.9501555468062,508711.3452011681,508711.3452011681
0.3,242.54725556340975,577893.1990082269,577893.1990082269
0.3,263.50576396034893,518063.8169515393,518063.8169515393
0.3,245.36800542169803,565750.2345596972,565750.2345596972
0.3,265.53707633814923,517136.2157430866,517136.2157430866
0.3,284.0618790028777,508114.79542005784,508114.79542005784
0.3,265.23804622279823,517221.94205516914,517221.94205516914
0.3,245.6730996997321,564763.4249179908,564763.4249179908
0.3,246.23285678522865,562793.3775914435,562793.3775914435
0.3,254.47491098418126,537887.3044908318,537887.3044908318
0.3,252.84109289619553,542545.0743098739,542545.0743098739
0.3,249.19807685403077,553179.2443521601,553179.2443521601
0.3,247.7369820018018,557446.0543271046,557446.0543271046
0.3,243.5995366297792,573417.7061804185,573417.7061804185
0.3,256.72542951043243,532036.0721509886,532036.0721509886
0.3,279.07798739039595,509476.3420993404,509476.3420993404
0.3,243.50505618166568,573679.3778287985,573679.3778287985
0.3,261.1996738805106,520875.2025447986,520875.2025447986
0.3,266.0255264962055,516651.84571249364,516651.84571249364
0.3,262.147472567259,519346.394969346,519346.394969346
0.3,240.7264498223212,587293.2445449703,587293.2445449703
0.3,247.41820082670102,558633.8526495681,558633.8526495681
0.3,240.85461855985704,586423.8949203662,586423.8949203662
0.3,243.85592062886553,571935.3969727766,571935.3969727766
0.3,242.26256243284016,579527.1937522305,579527.1937522305
0.3,247.01461392663165,559774.2460419964,559774.2460419964
0.3,249.51914117712437,551937.1772534166,551937.1772534166
0.3,277.502519443206,509995.4351214027,509995.4351214027
0.3,265.0846505214369,517418.24444192334,517418.24444192334
0.3,259.45007945024594,525324.532630197,525324.532630197
0.3,252.51084599578843,543639.1045940481,543639.1045940481
0.3,249.2879188910707,552911.5954000236,552911.5954000236
0.3,251.35218775142613,546967.0651504616,546967.0651504616
0.3,244.6891188219397,568595.5301650901,568595.5301650901
0.3,245.47611129218845,565487.0632939222,565487.0632939222
0.3,274.9162021836744,510869.5566213023,510869.5566213023
0.3,254.33927596947203,538338.4253339435,538338.4253339435
0.3,251.9251913492275,545020.743687417,545020.743687417
0.3,275.7202298440542,510532.61317541666,510532.61317541666
0.3,285.26435950652564,507987.6357323315,507987.6357323315
0.3,269.20843878145126,514410.5276327109,514410.5276327109
0.3,282.19249281362653,508683.3753262591,508683.3753262591
0.3,256.33385234868695,533201.2561137545,533201.2561137545
0.3,250.57258195104308,549093.358812686,549093.358812686
0.3,271.17090699890514,513183.80016814545,513183.80016814545
0.3,263.45519301605214,518246.6122213648,518246.6122213648
0.3,242.4786305115558,578255.1723660134,578255.1723660134
0.3,286.49762915503817,507679.0152852548,507679.0152852548
0.3,253.18632335412397,541547.8208460102,541547.8208460102
0.3,254.78550587786333,537130.413313004,537130.413313004
0.3,263.675490418287,518043.6499478688,518043.6499478688
0.3,254.17483148682217,538792.7053970916,538792.7053970916
0.3,248.75031018763,554192.6836438758,554192.6836438758
0.3,267.273947633014,515448.9725565782,515448.9725565782
0.3,270.1220895451433,513577.4210835643,513577.4210835643
0.3,248.5535792333954,555001.2632177267,555001.2632177267
0.3,259.9591449975378,523927.01058535784,523927.01058535784
0.3,241.51242972213961,582698.3435878232,582698.3435878232
0.3,245.07678308973055,567024.7717971599,567024.7717971599
0.3,275.391904090784,510666.71322128153,510666.71322128153
0.3,242.36823559073866,579081.7410101091,579081.7410101091
0.3,242.63613784586926,577726.7094973346,577726.7094973346
0.3,251.7750476938208,545426.870595563,545426.870595563
0.3,279.87303361578427,509202.60615974123,509202.60615974123
0.3,286.517481974041,507653.0460206988,507653.0460206988
0.3,256.1463275643062,533754.6508459639,533754.6508459639
0.3,248.08335084958978,556580.6954785939,556580.6954785939
0.3,246.81296014566396,560488.6533804121,560488.6533804121
0.3,244.60107539834968,568985.5464046302,568985.5464046302
0.3,248.72986121651357,554595.8320882687,554595.8320882687
0.3,247.77252228034786,557440.973954912,557440.973954912
0.3,250.04012200399563,550617.8987146954,550617.8987146954
0.3,254.94098179648438,536869.274227778,536869.274227778
0.3,245.3551495975798,565777.2491490664,565777.2491490664
0.3,258.2187019752226,528423.6315255774,528423.6315255774
0.3,280.81180125812824,508975.391247881,508975.391247881
0.3,251.20299132291532,547409.7523311662,547409.7523311662
0.3,243.3073756540739,574520.6579431854,574520.6579431854
0.3,254.28110321622177,538729.3649887908,538729.3649887908
0.3,243.12255706622636,575395.3399598259,575395.3399598259
0.3,255.19949008770746,536076.8127594303,536076.8127594303
0.3,248.85467398681342,554056.5618312717,554056.5618312717
0.3,246.98609878068672,559959.8168691893,559959.8168691893
0.3,246.49986836436167,561725.3551687931,561725.3551687931
0.3,256.33055476911176,533283.8662068911,533283.8662068911
0.3,242.62011541046448,577863.0780758061,577863.0780758061
0.3,249.9868577527087,550691.0344595485,550691.0344595485
0.3,273.18982528809005,511596.0247965342,511596.0247965342
0.3,252.8698913580597,542529.4349921967,542529.4349921967
0.3,269.81513528458834,513874.136233359,513874.136233359
0.3,245.36020906408382,565757.1423426749,565757.1423426749
0.3,274.15940214308716,511073.2243994898,511073.2243994898
0.3,247.29178880575978,558896.3910431953,558896.3910431953
0.3,242.66032058473576,577188.1416828074,577188.1416828074
0.3,258.6056757180521,527459.810271634,527459.810271634
0.3,260.97803835609915,521259.52784015227,521259.52784015227
0.3,252.40935348286652,543677.0059971019,543677.0059971019
0.3,251.12313175242159,547706.1106259408,547706.1106259408
0.3,279.75593777901236,509300.7270319955,509300.7270319955
0.3,248.14840501702963,556271.1667140531,556271.1667140531
0.3,275.1771784119543,510739.22438512766,510739.22438512766
0.3,240.91644909337506,585907.2047420526,585907.2047420526
0.3,283.5795595833801,508295.7161833238,508295.7161833238
0.3,247.5052824714334,558284.8877238989,558284.8877238989
0.3,275.5938206901677,510570.7170977555,510570.7170977555
0.3,262.06969597065495,519523.20025647455,519523.20025647455
0.3,240.86288847146767,586237.976656822,586237.976656822
0.3,259.03753312274057,526109.6723850119,526109.6723850119
0.3,249.93693463087013,551016.6609625746,551016.6609625746
0.3,249.05989797975408,553519.6109162604,553519.6109162604
0.3,256.17933731002023,533713.4058336827,533713.4058336827
0.3,244.96265779743848,567524.86813609,567524.86813609
0.3,254.63824305978588,537533.3797965528,537533.3797965528
0.3,259.65081540453696,524820.1520243398,524820.1520243398
0.3,245.91927560862527,563974.5106192366,563974.5106192366
0.3,266.6941837737909,516399.5363592609,516399.5363592609
0.3,242.24882247902028,579544.0598002371,579544.0598002371
0.3,254.02330401638451,539246.3560853751,539246.3560853751
0.3,240.57823713985815,587828.5992017295,587828.5992017295
0.3,279.4672561944125,509366.58956802794,509366.58956802794
0.3,243.63887798526548,573056.9080535554,573056.9080535554
0.3,247.5120186336111,558245.0819344376,558245.0819344376
0.3,242.347622996471,579108.8109608806,579108.8109608806
0.3,243.9336960161508,571506.8055774975,571506.8055774975
0.3,244.94171304137294,567657.8058970559,567657.8058970559
0.3,251.9675752110547,544892.9476535629,544892.9476535629
0.3,262.6639814819447,518824.44377884007,518824.44377884007
0.3,271.00640379602646,513259.4644468757,513259.4644468757
0.3,250.17973211845296,550111.4930368285,550111.4930368285
0.3,260.79079726662167,521878.19528500113,521878.19528500113
0.3,274.0975952122157,511095.0749888076,511095.0749888076
0.3,269.43356813902426,514153.38885218976,514153.38885218976
0.3,247.68725329263492,557749.2127709787,557749.2127709787
0.3,243.04871140084649,575617.3361043145,575617.3361043145
0.3,252.23861778405868,544313.48088009,544313.48088009
0.3,277.80743819470064,509847.8474958255,509847.8474958255
0.3,242.01453419721273,581205.71636561,581205.71636561
0.3,243.64715329231774,573042.9607159724,573042.9607159724
0.3,275.014888195922,510844.91258763947,510844.91258763947
0.3,246.29733570276397,562304.895990133,562304.895990133
0.3,257.56185375813124,530010.3259913768,530010.3259913768
0.3,279.3408728530024,509402.73174731684,509402.73174731684
0.3,244.7625649361777,568380.0379399885,568380.0379399885
0.3,259.85409859825194,524106.63345848065,524106.63345848065
0.3,243.1622569322595,575043.6749841813,575043.6749841813
0.3,282.78452201886194,508480.47220666276,508480.47220666276
0.3,255.4860471343169,535201.6526096305,535201.6526096305
0.3,274.0715064540276,511155.04883201455,511155.04883201455
0.3,243.56547234491768,573446.7617716315,573446.7617716315
0.3,250.44013662551663,549273.8821331945,549273.8821331945
0.3,266.7760505856501,516056.5496048804,516056.5496048804
0.3,249.06105669220062,553395.1730928869,553395.1730928869
0.3,269.1415717683937,514483.5050551725,514483.5050551725
0.3,253.98083367317034,539353.1967517827,539353.1967517827
0.3,244.71209591376876,568559.9807878046,568559.9807878046
0.3,245.5030944600836,565441.8376845459,565441.8376845459
0.3,252.5804084025574,543267.7540720797,543267.7540720797
0.3,272.0852662306616,512374.8275020322,512374.8275020322
0.3,246.38422145277022,562133.3408489515,562133.3408489515
0.3,257.0404580620874,531347.0106241386,531347.0106241386
0.3,252.5866133578846,543212.6236890769,543212.6236890769
0.3,275.61126934444263,510559.32260017714,510559.32260017714
0.3,259.25489427496865,525527.3968592163,525527.3968592163
0.3,256.8000103682998,531858.3883779563,531858.3883779563
0.3,248.68520789697195,554660.861388334,554660.861388334
0.3,243.3948675452181,573897.1588049815,573897.1588049815
0.3,253.95280938305768,539396.8938119817,539396.8938119817
0.3,257.4299018032093,530188.8634382479,530188.8634382479
0.3,259.1203774063669,525739.4220982149,525739.4220982149
0.3,244.70028010973988,568586.8249383441,568586.8249383441
0.3,241.1758286373384,584537.1407346564,584537.1407346564
0.3,258.4889362839495,527490.5108297156,527490.5108297156
0.3,257.95539344137836,529051.9799052288,529051.9799052288
0.3,246.12416363040975,563110.7160061937,563110.7160061937
0.3,245.05291017744102,567130.6700825061,567130.6700825061
0.3,254.44874996812206,538004.1211287976,538004.1211287976
0.3,245.81375807520917,564005.1124139266,564005.1124139266
0.3,257.84812857445905,529338.9899852765,529338.9899852765
0.3,251.4629351553935,546369.3090655238,546369.3090655238
0.3,269.9033730926326,513756.72691534966,513756.72691534966
0.3,276.716817787244,510232.82765462913,510232.82765462913
0.3,260.45730750526786,522592.2566632115,522592.2566632115
0.3,246.99804491005312,559789.478616826,559789.478616826
0.3,243.93282361770747,571714.8594216041,571714.8594216041
0.3,270.1220895451433,513577.4210835643,513577.4210835643
0.3,259.47091621934203,525233.7800541427,525233.7800541427
0.3,246.02305076275493,563395.4920668376,563395.4920668376
0.3,251.99593467145743,544832.3971654879,544832.3971654879
0.3,249.01120562988677,553593.4944401314,553593.4944401314
0.3,255.16546949976276,536192.037303183,536192.037303183
0.3,281.3862878311279,508922.80484183383,508922.80484183383
0.3,267.10417824087995,515687.64326496504,515687.64326496504
0.3,263.45917543562496,518229.6663796025,518229.6663796025
0.3,252.3698955827936,543858.2483815936,543858.2483815936
0.3,276.0109913961095,510447.5230715285,510447.5230715285
0.3,285.5107925812251,507888.333989033,507888.333989033
0.3,259.1188352695322,525739.9532667403,525739.9532667403
0.3,259.65081540453696,524820.1520243398,524820.1520243398
0.3,259.0812221123015,525958.4213081596,525958.4213081596
0.3,280.5075377244765,509113.0031692796,509113.0031692796
0.3,240.15515597410692,590621.6340805015,590621.6340805015
0.3,259.4993001797501,525211.9912232044,525211.9912232044
0.3,280.81180125812824,508975.391247881,508975.391247881
0.3,242.87950358822664,576293.8294563626,576293.8294563626
0.3,261.74645383076023,520140.46965016314,520140.46965016314
0.3,255.8801829681768,534131.6957462355,534131.6957462355
0.3,271.8157288912467,512515.3229065713,512515.3229065713
0.3,250.4027659117049,549401.5793193257,549401.5793193257
0.3,259.80615912317995,524299.9558700123,524299.9558700123
0.3,246.99233900925955,559820.0601330303,559820.0601330303
0.3,283.98803324801656,508194.7352229118,508194.7352229118
0.3,255.28826040004628,535643.0374149323,535643.0374149323
0.3,260.24509132497855,523013.74868066236,523013.74868066236
0.3,258.2187019752226,528423.6315255774,528423.6315255774
0.3,254.69474203226693,537402.9134691728,537402.9134691728
0.3,274.2866024438524,511055.06075276225,511055.06075276225
0.3,260.73235965827115,521977.9130424861,521977.9130424861
0.3,260.8418244442541,521775.2837896922,521775.2837896922
0.3,242.91720823672762,576084.9077945006,576084.9077945006
0.3,243.5281865190869,573602.0047049113,573602.0047049113
0.3,248.05479296890394,556690.1476411807,556690.1476411807
0.3,254.44874996812206,538004.1211287976,538004.1211287976
0.3,242.26460102447757,579364.2612601577,579364.2612601577
0.3,281.5011646956714,508814.82037356775,508814.82037356775
0.3,242.94754396203456,575776.2746002526,575776.2746002526
0.3,249.3519268823843,552613.449860776,552613.449860776
0.3,279.3115949291002,509431.3375238121,509431.3375238121
0.3,247.47602501276322,558341.6057045269,558341.6057045269
0.3,254.85376702957467,536989.2970062835,536989.2970062835
0.3,247.5120186336111,558245.0819344376,558245.0819344376
0.3,244.69102897611825,568589.3546208027,568589.3546208027
0.3,242.13149476619472,580077.5775023105,580077.5775023105
0.3,286.33893706640043,507691.8172865881,507691.8172865881
0.3,286.57791053044434,507642.41728123435,507642.41728123435
0.3,246.6566598911342,561235.8719554144,561235.8719554144
0.3,268.6403530534624,514673.05299991864,514673.05299991864
0.3,256.19019688175126,533532.6187509703,533532.6187509703
0.3,256.6471202375221,532356.2644707011,532356.2644707011
0.3,256.4444823722073,532782.6106896244,532782.6106896244
0.3,255.4860471343169,535201.6526096305,535201.6526096305
0.3,247.83945419572163,557420.9656086841,557420.9656086841
0.3,258.0908068147964,528734.3540092922,528734.3540092922
0.3,246.00162121699773,563610.33993755,563610.33993755
0.3,259.25489427496865,525527.3968592163,525527.3968592163
0.3,248.0898097105602,556577.171091665,556577.171091665
0.3,240.35616131636579,588657.1419155651,588657.1419155651
0.3,279.9255239462169,509181.5600099226,509181.5600099226
0.3,257.0459167283681,531111.1063906902,531111.1063906902
0.3,246.90005777353392,560241.3202414552,560241.3202414552
0.3,247.4807108319464,558328.6372895222,558328.6372895222
0.3,255.17788951719783,536133.5410685127,536133.5410685127
0.3,248.1647581618392,556221.5553149062,556221.5553149062
0.3,256.39292080807394,533177.4127993651,533177.4127993651
0.3,246.02305076275493,563395.4920668376,563395.4920668376
0.3,245.01557413955348,567424.3341612028,567424.3341612028
0.3,251.90766366415988,545163.598154228,545163.598154228
0.3,243.6309449409399,573100.2909816069,573100.2909816069
0.3,253.24079737289367,541200.6686174647,541200.6686174647
0.3,247.2471966977032,558939.117332356,558939.117332356
0.3,263.44693519812733,518371.0220732932,518371.0220732932
0.3,249.08478602303344,553229.5128481863,553229.5128481863
0.3,252.36452589678828,543988.1018722322,543988.1018722322
0.3,281.4722655206298,508830.79847311915,508830.79847311915
0.3,249.19568218908267,553190.8636826556,553190.8636826556
0.3,279.5547285200038,509342.97737326217,509342.97737326217
0.3,244.34341921194886,569727.6464962275,569727.6464962275
0.3,253.09933642745693,542013.4277318169,542013.4277318169
0.3,242.65836353897623,577204.7343037467,577204.7343037467
0.3,247.71092753606817,557612.6885652647,557612.6885652647
0.3,243.22835857952884,574915.6647709699,574915.6647709699
0.3,245.56636008398965,564823.5270608256,564823.5270608256
0.3,258.1578199744359,528551.4900899101,528551.4900899101
0.3,252.37918124953316,543801.484167855,543801.484167855
0.3,248.94201020796334,554035.0629576785,554035.0629576785
0.3,244.16396851449232,570656.0351879189,570656.0351879189
0.3,240.94905157638848,585448.6853806764,585448.6853806764
0.3,265.5876312679296,516977.8230871509,516977.8230871509
0.3,253.71834945793597,540110.901643429,540110.901643429
0.3,252.26044585290737,544154.4790847404,544154.4790847404
0.3,259.0094617484927,526408.6062735897,526408.6062735897
0.3,242.49710820614735,578193.5019098998,578193.5019098998
0.3,273.142650566873,511616.1061067076,511616.1061067076
0.3,257.0404580620874,531347.0106241386,531347.0106241386
0.3,253.8677194019423,539666.1352032667,539666.1352032667
0.3,246.51138228057474,561323.8905742556,561323.8905742556
0.3,256.39621773140556,532886.9306509712,532886.9306509712
0.3,242.37293556491068,578914.8186027666,578914.8186027666
0.3,247.03789025027416,559622.331064106,559622.331064106
0.3,244.11011083768776,570901.0273649882,570901.0273649882
0.3,259.44972424282133,525499.1435328901,525499.1435328901
0.3,248.14840501702963,556271.1667140531,556271.1667140531
0.3,244.63604170214046,568946.7013638722,568946.7013638722
0.3,260.144521444777,523774.5502926225,523774.5502926225
0.3,260.84686778983513,521746.7825489953,521746.7825489953
0.3,260.72466015362704,522223.9238143018,522223.9238143018
0.3,257.2965225534811,530454.644259554,530454.644259554
0.3,264.62027621534793,517575.6777757443,517575.6777757443
0.3,257.98703331961804,528858.7983054328,528858.7983054328
0.3,252.56590559311184,543622.6423067951,543622.6423067951
0.3,242.05663301021355,580420.8343349954,580420.8343349954
0.3,284.4732297276982,508036.8937098426,508036.8937098426
0.3,249.34741772670768,552710.8249784778,552710.8249784778
0.3,247.67646653578564,557753.4093325349,557753.4093325349
0.3,240.65044051214963,587479.1907152765,587479.1907152765
0.3,250.91334145695137,547997.3102776388,547997.3102776388
0.3,241.58998942999514,582629.5728551726,582629.5728551726
0.3,277.1277794851952,510098.0749301552,510098.0749301552
0.3,250.57993197699975,549030.2315020155,549030.2315020155
0.3,255.65050601464958,534784.0830743151,534784.0830743151
0.3,246.79585722136662,560543.2188674601,560543.2188674601
0.3,260.8730869936211,521644.2569163482,521644.2569163482
0.3,245.70430267882008,564749.4957466574,564749.4957466574
0.3,273.0329936458064,511777.4260715127,511777.4260715127
0.3,241.79385506352517,581682.7060769795,581682.7060769795
0.3,245.7548947644741,564395.3960459097,564395.3960459097
0.3,247.6476151624508,557765.3007181379,557765.3007181379
0.3,240.46674509742732,588223.1359887258,588223.1359887258
0.3,271.6282868646208,512559.02923065383,512559.02923065383
0.3,279.124444967858,509464.04763703863,509464.04763703863
0.3,269.20843878145126,514410.5276327109,514410.5276327109
0.3,251.0462072024563,547936.442672344,547936.442672344
0.3,243.0809960081578,575454.2362389915,575454.2362389915
0.3,243.23127304298194,574709.2279226491,574709.2279226491
0.3,255.09593820964858,536266.3103145689,536266.3103145689
0.3,255.77685906407473,534749.2988232984,534749.2988232984
0.3,241.71361160706095,582147.1648644767,582147.1648644767
0.3,262.954262241366,518579.7584231014,518579.7584231014
0.3,273.4052443476246,511391.53342167,511391.53342167
0.3,243.424971287812,573833.4466975462,573833.4466975462
0.3,248.47751006676435,555258.4549761086,555258.4549761086
0.3,253.3811863549845,540979.9377642174,540979.9377642174
0.3,282.3465452851897,508615.72453835566,508615.72453835566
0.3,260.5475070724722,522360.65325398836,522360.65325398836
0.3,260.618380016008,522307.68340763275,522307.68340763275
0.3,254.60952164260215,537708.2887507307,537708.2887507307
0.3,240.21609838057057,590264.5563442784,590264.5563442784
0.3,244.02468551683432,571224.2619585933,571224.2619585933
0.3,240.6763221426129,587318.2813774357,587318.2813774357
0.3,251.398312956735,546842.1664715799,546842.1664715799
0.3,247.92995086393123,556936.3432973352,556936.3432973352
0.3,242.4129758387776,578331.8981056273,578331.8981056273
0.3,244.2641423622083,570324.0656481727,570324.0656481727
0.3,258.2931760252588,528061.47233983,528061.47233983
0.3,247.37723026578425,558695.6738319121,558695.6738319121
0.3,245.557334149771,565180.8448318861,565180.8448318861
0.3,256.5139657331372,532649.3736710672,532649.3736710672
0.3,261.20239880970877,520858.08509419346,520858.08509419346
0.3,241.6183572501145,582554.2779195295,582554.2779195295
0.3,243.78290791847627,572390.236579605,572390.236579605
0.3,283.6561552706418,508292.29729713703,508292.29729713703
0.3,246.99804491005312,559789.478616826,559789.478616826
0.3,260.24509132497855,523013.74868066236,523013.74868066236
0.3,260.14840181461636,523395.99201958254,523395.99201958254
0.3,244.1312405555417,570750.323241139,570750.323241139
0.3,259.72351035843195,524589.0665398019,524589.0665398019
0.3,245.28579334570836,566066.1935997265,566066.1935997265
0.3,261.34158873918545,520558.76697195566,520558.76697195566
0.3,248.23438273670237,556093.1344336031,556093.1344336031
0.3,272.1429088625886,512309.89503094205,512309.89503094205
0.3,245.81375807520917,564005.1124139266,564005.1124139266
0.3,265.9138740911734,516883.634756875,516883.634756875
0.3,261.79314699358406,519955.0763777292,519955.0763777292
0.3,281.62844424383866,508716.55190557445,508716.55190557445
0.3,268.6403530534624,514673.05299991864,514673.05299991864
0.3,247.64222959200052,557836.83838139,557836.83838139
0.3,252.65863770332697,543175.5901903192,543175.5901903192
0.3,243.1553657335578,575065.7283731094,575065.7283731094
0.3,248.24553779304713,555959.3865727668,555959.3865727668
0.3,254.9745922332944,536480.6509980635,536480.6509980635
0.3,241.73788287585074,581861.5286496726,581861.5286496726
0.3,249.4609494398576,552132.14600002,552132.14600002
0.3,255.55033157404435,535120.4631960063,535120.4631960063
0.3,241.84637765225764,581263.487513826,581263.487513826
0.3,251.58112284080462,545871.1949861576,545871.1949861576
0.3,250.18938363806902,549904.9254978211,549904.9254978211
0.3,241.10532018517003,584717.314829394,584717.314829394
0.3,251.75322841643515,545565.8806614056,545565.8806614056
0.3,278.3285703368088,509595.0346620202,509595.0346620202
0.3,257.69403916659496,529687.5751663976,529687.5751663976
0.3,249.3049147321792,552772.8086843054,552772.8086843054
0.3,240.30726700433314,589556.4064691373,589556.4064691373
0.3,250.08297214563302,550307.9007284897,550307.9007284897
0.3,261.6534572286266,520262.83744794736,520262.83744794736
0.3,256.8253645331676,531622.4219640504,531622.4219640504
0.3,260.8675478823883,521666.2311674456,521666.2311674456
0.3,280.5074779886272,509113.1117528639,509113.1117528639
0.3,271.28434638218346,512875.7596643807,512875.7596643807
0.3,248.37575472759946,555356.5243056298,555356.5243056298
0.3,282.48031208737,508586.16362215264,508586.16362215264
0.3,244.89212566642456,567746.9997311509,567746.9997311509
0.3,259.03753312274057,526109.6723850119,526109.6723850119
0.3,270.87792758479037,513414.77637750475,513414.77637750475
0.3,260.4833068069018,522438.946962844,522438.946962844
0.3,242.77682684541048,576964.5822066062,576964.5822066062
0.3,246.8710844863955,560474.3076501394,560474.3076501394
0.3,245.21081035206527,566434.6858451727,566434.6858451727
0.3,256.0373884683112,534091.4148187647,534091.4148187647
0.3,258.22609277153975,528247.8036664932,528247.8036664932
0.3,262.0394064763472,519613.2192359493,519613.2192359493
0.3,257.93308053634064,529236.7584390602,529236.7584390602
0.3,248.49076656145363,555174.8314637692,555174.8314637692
0.3,255.4580126822333,535587.6427252374,535587.6427252374
0.3,240.77065872627364,586663.1037348142,586663.1037348142
0.3,285.5111864514157,507886.1330915457,507886.1330915457
0.3,282.7920891844038,508360.6511818955,508360.6511818955
0.3,249.6445594475575,551516.5797774564,551516.5797774564
0.3,242.8626515623354,576335.268520682,576335.268520682
0.3,244.07138846378632,570972.3972773305,570972.3972773305
0.3,259.65081540453696,524820.1520243398,524820.1520243398
0.3,258.64736270542016,527053.3196537271,527053.3196537271
0.3,255.84327099024335,534183.7296830702,534183.7296830702
0.3,274.3393636041482,510959.81351908017,510959.81351908017
0.3,242.92550763026867,575971.7240157442,575971.7240157442
0.3,263.66935259440123,518046.3332227054,518046.3332227054
0.3,247.2095289216777,559157.8531861058,559157.8531861058
0.3,240.87510844362095,586066.7080193004,586066.7080193004
0.3,273.2766374991735,511576.86030019715,511576.86030019715
0.3,251.5665449899356,546358.2645553962,546358.2645553962
0.3,246.75116890685223,560919.994200691,560919.994200691
0.3,242.93325767845812,575927.6180882263,575927.6180882263
0.3,259.83838266975215,524291.4272543015,524291.4272543015
0.3,245.82331729130203,564001.1440799246,564001.1440799246
0.3,245.93291363539993,563655.0963881142,563655.0963881142
0.3,240.62164805384947,587810.8223347042,587810.8223347042
0.3,255.4314592639054,535614.4134801236,535614.4134801236
0.3,259.76302190481493,524402.6154543221,524402.6154543221
0.3,259.74933388534714,524410.531114965,524410.531114965
0.3,245.16607824447453,566688.0004228109,566688.0004228109
0.3,275.1493432635607,510760.1586256347,510760.1586256347
0.3,241.03378462666325,585014.0755583041,585014.0755583041
0.3,252.07579087122213,544617.1166760887,544617.1166760887
0.3,245.02103609074578,567360.0324660983,567360.0324660983
0.3,245.21210376328136,566403.4457774537,566403.4457774537
0.3,256.648028115457,532351.3803875516,532351.3803875516
0.3,252.17264225445248,544443.1232433715,544443.1232433715
0.3,247.56748396868494,558064.9344896978,558064.9344896978
0.3,249.88234074069567,551020.2143107187,551020.2143107187
0.3,254.96256529775903,536581.5385939569,536581.5385939569
0.3,243.23946806820805,574695.6480388024,574695.6480388024
0.3,285.65546776321463,507831.8853788875,507831.8853788875
0.3,248.16957494741388,556155.3415725569,556155.3415725569
0.3,244.2880616491214,570008.7183517327,570008.7183517327
0.3,273.3641296544771,511513.74934898154,511513.74934898154
0.3,260.16350229205875,523335.2590023796,523335.2590023796
0.3,247.1946871079136,559298.1384799546,559298.1384799546
0.3,243.52895910632728,573582.3490014577,573582.3490014577
0.3,274.64459300210007,510937.80009807885,510937.80009807885
0.3,242.51787145716818,577914.2323465588,577914.2323465588
0.3,250.54282573114534,549194.3496035996,549194.3496035996
0.3,241.81419251952758,581682.1341600183,581682.1341600183
0.3,279.75593777901236,509300.7270319955,509300.7270319955
0.3,252.33829204180233,544016.4112596123,544016.4112596123
0.3,249.97629125514348,550702.8528120061,550702.8528120061
0.3,278.1428722849678,509745.6478077644,509745.6478077644
0.3,254.80726706327428,537077.6276008573,537077.6276008573
0.3,242.52883418078537,577909.3374459496,577909.3374459496
0.3,258.76850793878776,526549.2787401434,526549.2787401434
0.3,276.82077381846057,510140.62624895707,510140.62624895707
0.3,270.2465977844298,513520.91631503525,513520.91631503525
0.3,251.90766366415988,545163.598154228,545163.598154228
0.3,245.5676062363315,564797.1405726115,564797.1405726115
0.3,244.7525054390102,568466.5162729189,568466.5162729189
0.3,247.36727861294275,558712.2064032748,558712.2064032748
0.3,250.35763288634334,549450.3000039868,549450.3000039868
0.3,249.3768314023338,552281.3417511475,552281.3417511475
0.3,247.30889576843396,558760.962589294,558760.962589294
0.3,249.7540469149674,551187.3819463123,551187.3819463123
0.3,256.59327644704047,532367.927358912,532367.927358912
0.3,244.191449925492,570563.9167176891,570563.9167176891
0.3,252.71181499676234,542994.8270745411,542994.8270745411
0.3,246.70558044318375,561028.5740399773,561028.5740399773
0.3,246.18894369994447,562931.8879633807,562931.8879633807
0.3,252.23468419441616,544323.7182286036,544323.7182286036
0.3,254.6663191101038,537447.5051702171,537447.5051702171
0.3,240.97431368727175,585361.7398027431,585361.7398027431
0.3,255.28497665482897,535742.4481076463,535742.4481076463
0.3,249.58822633712978,551654.8437076479,551654.8437076479
0.3,246.10297921827475,563170.2198471816,563170.2198471816
0.3,258.6056757180521,527459.810271634,527459.810271634
0.3,250.8098309608931,548402.0549724911,548402.0549724911
0.3,252.88074242853668,542443.0317574309,542443.0317574309
0.3,248.29090146421655,555781.2014297396,555781.2014297396
0.3,254.30993649102604,538684.0067064984,538684.0067064984
0.3,240.65044051214963,587479.1907152765,587479.1907152765
0.3,253.12739615931284,541668.5932685991,541668.5932685991
0.3,242.79007139077663,576878.1506500334,576878.1506500334
0.3,259.5279269278111,525048.1683310459,525048.1683310459
0.3,263.6688844948711,518047.8985938664,518047.8985938664
0.3,244.94145154658156,567658.5189715177,567658.5189715177
0.3,257.21033592627396,531025.1739789584,531025.1739789584
0.3,260.6787576854926,522287.267529623,522287.267529623
0.3,247.5352945544902,558111.5398031322,558111.5398031322
0.3,241.00094108423013,585270.8143573656,585270.8143573656
0.3,263.75050692560563,517813.72058341186,517813.72058341186
0.3,283.68219953897284,508237.18798389845,508237.18798389845
0.3,251.25875431299121,546998.7718016382,546998.7718016382
0.3,241.0671043174086,584733.4393176681,584733.4393176681
0.3,245.23936817919534,566318.9227970744,566318.9227970744
0.3,245.51099901741586,565368.972368429,565368.972368429
0.3,256.78658497441876,531973.3916329055,531973.3916329055
0.3,280.75227284463443,509021.63365297724,509021.63365297724
0.3,254.64830326292582,537515.0219514479,537515.0219514479
0.3,243.8142833566716,572281.5692304003,572281.5692304003
0.3,273.6715671378668,511202.6180248954,511202.6180248954
0.3,286.51694294600435,507653.2308514379,507653.2308514379
0.3,243.02335733878036,575675.83137199,575675.83137199
0.3,243.3146503102213,574212.6457923051,574212.6457923051
0.3,286.2027578714039,507697.32207359176,507697.32207359176
0.3,282.28030859551836,508628.0164866,508628.0164866
0.3,275.1046831707097,510795.723558343,510795.723558343
0.3,258.1326227312195,528703.0989450905,528703.0989450905
0.3,243.80240341625654,572350.7416418097,572350.7416418097
