alpha,makespan,labor_cost,total_cost
0.3,281.5423999631722,530746.8842786558,530746.8842786558
0.3,253.01110637939536,576614.2335283163,576614.2335283163
0.3,253.02107287131884,576612.4481488436,576612.4481488436
0.3,272.6209704464974,542351.0579274541,542351.0579274541
0.3,245.4714625767611,598372.472918572,598372.472918572
0.3,264.11542317751025,555483.5744978375,555483.5744978375
0.3,271.6488512743574,544271.8231275037,544271.8231275037
0.3,272.6209704464974,542351.0579274541,542351.0579274541
0.3,266.9808031766455,551104.900241343,551104.900241343
0.3,261.86632857731905,558924.1312598928,558924.1312598928
0.3,244.5969907142164,601278.8549025081,601278.8549025081
0.3,266.75284840547585,551267.7851851147,551267.7851851147
0.3,272.6209704464974,542351.0579274541,542351.0579274541
0.3,286.8577089499296,524625.525299473,524625.525299473
0.3,272.6665825610226,542278.8777385233,542278.8777385233
0.3,242.89611690231976,608886.0531198609,608886.0531198609
0.3,256.91936319354147,567372.079262224,567372.079262224
0.3,288.7914139094395,522387.6688755374,522387.6688755374
0.3,243.15285397122372,607615.788675973,607615.788675973
0.3,265.75893629512115,552636.6472330583,552636.6472330583
0.3,272.1598968687362,543393.6082145174,543393.6082145174
0.3,266.37319565466777,551899.4719191915,551899.4719191915
0.3,245.76318061490537,596343.0583882885,596343.0583882885
0.3,261.86632857731905,558924.1312598928,558924.1312598928
0.3,288.5759427526109,522542.5452001039,522542.5452001039
0.3,271.9009283060656,543867.3987094323,543867.3987094323
0.3,253.02107287131884,576612.4481488436,576612.4481488436
0.3,257.0644688517946,567270.1534131118,567270.1534131118
0.3,266.75284840547585,551267.7851851147,551267.7851851147
0.3,266.54888483016583,551564.4519639306,551564.4519639306
0.3,264.1065651478307,555817.5767146086,555817.5767146086
0.3,245.91546591756185,595887.4319365519,595887.4319365519
0.3,272.57573459918143,542509.4254796717,542509.4254796717
0.3,255.302972099401,570958.2396939181,570958.2396939181
0.3,273.0221652090189,541749.3823506646,541749.3823506646
0.3,281.5423999631722,530746.8842786558,530746.8842786558
0.3,273.45477205558893,541154.5447238418,541154.5447238418
0.3,261.8739441327013,558857.5439425142,558857.5439425142
0.3,275.758385106252,538262.4095658374,538262.4095658374
0.3,262.228435319164,557848.8907579395,557848.8907579395
0.3,252.94296034037436,576630.1093043229,576630.1093043229
0.3,243.38380341063328,605651.7003494585,605651.7003494585
0.3,266.455633897852,551630.3785103451,551630.3785103451
0.3,288.7914139094395,522387.6688755374,522387.6688755374
0.3,271.8944324970933,543932.2495259384,543932.2495259384
0.3,257.6173972177937,566044.6933594217,566044.6933594217
0.3,284.98066087536256,526753.9429068009,526753.9429068009
0.3,272.96026263843805,541992.9594895188,541992.9594895188
0.3,272.6469790704986,542331.6632018609,542331.6632018609
0.3,273.338076762379,541174.0488257299,541174.0488257299
0.3,252.09860518706122,578483.4585202513,578483.4585202513
0.3,272.1642384755724,543388.8015975443,543388.8015975443
0.3,245.91546591756185,595887.4319365519,595887.4319365519
0.3,250.10372546662393,583398.2672335298,583398.2672335298
0.3,286.4589853294974,525320.723812237,525320.723812237
0.3,246.6688744562397,593496.6278509067,593496.6278509067
0.3,247.76036199502326,589801.888675624,589801.888675624
0.3,252.50029685331444,577552.78509845,577552.78509845
0.3,272.9967765361405,541928.1270313561,541928.1270313561
0.3,259.61717341460894,562304.1678429178,562304.1678429178
0.3,306.5281255054268,510248.1871798915,510248.1871798915
0.3,279.6417497639881,532886.6015834594,532886.6015834594
0.3,281.7584027599706,530386.3397790018,530386.3397790018
0.3,280.32377062245484,532204.0537346182,532204.0537346182
0.3,281.48388656880076,530752.9468817094,530752.9468817094
0.3,270.3337148433086,545920.1100122073,545920.1100122073
0.3,253.32536739536133,575515.0210345155,575515.0210345155
0.3,306.5281255054268,510248.1871798915,510248.1871798915
0.3,276.1995656812214,537270.1497925589,537270.1497925589
0.3,284.98066087536256,526753.9429068009,526753.9429068009
0.3,254.10446635719072,573639.4158656113,573639.4158656113
0.3,280.61221064819784,532101.3373103475,532101.3373103475
0.3,252.94296034037436,576630.1093043229,576630.1093043229
0.3,243.18051192690203,607179.5210166357,607179.5210166357
0.3,264.11542317751025,555483.5744978375,555483.5744978375
0.3,273.59942793587834,540855.6320491815,540855.6320491815
0.3,251.56481963575968,579481.1128314169,579481.1128314169
0.3,278.6492864492071,534295.2581707923,534295.2581707923
0.3,273.6486600205007,540810.3966280016,540810.3966280016
0.3,280.32377062245484,532204.0537346182,532204.0537346182
0.3,253.01110637939536,576614.2335283163,576614.2335283163
0.3,265.75893629512115,552636.6472330583,552636.6472330583
0.3,276.1269997168284,537303.7584754579,537303.7584754579
0.3,245.44198711886747,598435.9710242331,598435.9710242331
0.3,271.87437857607966,543935.0795299932,543935.0795299932
0.3,252.92353609938763,576825.2980987143,576825.2980987143
0.3,273.59942793587834,540855.6320491815,540855.6320491815
0.3,273.5076803613616,540898.135229107,540898.135229107
0.3,251.56481963575968,579481.1128314169,579481.1128314169
0.3,253.11825736364784,575967.2707033398,575967.2707033398
0.3,266.4688236598327,551620.9928289244,551620.9928289244
0.3,266.16911030217494,552065.0383018764,552065.0383018764
0.3,279.4729176987918,533238.735066512,533238.735066512
0.3,253.10557025886084,575971.9618163601,575971.9618163601
0.3,259.6026128520869,562317.3213151288,562317.3213151288
0.3,245.8503627626377,596021.4768714046,596021.4768714046
0.3,262.4646683407688,557651.3575138405,557651.3575138405
0.3,243.16470420985107,607293.6643089254,607293.6643089254
0.3,267.0024401802792,550977.963254988,550977.963254988
0.3,271.36501363925987,544477.1949214812,544477.1949214812
0.3,265.8789205439953,552565.4319904951,552565.4319904951
0.3,264.691623128174,554394.5353364818,554394.5353364818
0.3,244.39460663434735,601443.9894183968,601443.9894183968
0.3,285.1745053144054,526492.0857362341,526492.0857362341
0.3,252.72777986155666,577158.320190222,577158.320190222
0.3,246.95265759331238,592396.2345825697,592396.2345825697
0.3,246.9095237978205,592746.7655750283,592746.7655750283
0.3,252.3535584930436,577714.5071705803,577714.5071705803
0.3,258.03202552047964,565336.5148289626,565336.5148289626
0.3,246.7078221089994,593441.0908251561,593441.0908251561
0.3,264.5259597053652,555051.11624213,555051.11624213
0.3,279.1045843655227,533693.3208950283,533693.3208950283
0.3,289.2827256304396,521774.20184798166,521774.20184798166
0.3,286.47167532422407,525297.2451275026,525297.2451275026
0.3,280.3153835322366,532204.6484305195,532204.6484305195
0.3,288.38086647141705,522810.7319910649,522810.7319910649
0.3,289.6140309966127,521562.5875121378,521562.5875121378
0.3,271.7684687582603,543943.3753821788,543943.3753821788
0.3,260.20692582502784,561413.4431619161,561413.4431619161
0.3,253.41768787346524,575081.5969059553,575081.5969059553
0.3,309.2168093250085,508936.3410474096,508936.3410474096
0.3,250.09687321241563,583461.0095990021,583461.0095990021
0.3,286.8589342436285,524618.6748945224,524618.6748945224
0.3,275.83413016642055,537768.3425137487,537768.3425137487
0.3,243.31961187079497,605939.167564906,605939.167564906
0.3,289.01111094305406,522180.094126686,522180.094126686
0.3,273.338076762379,541174.0488257299,541174.0488257299
0.3,260.20692582502784,561413.4431619161,561413.4431619161
0.3,285.1745053144054,526492.0857362341,526492.0857362341
0.3,308.27150641330155,509486.6611068223,509486.6611068223
0.3,286.57764885827424,525201.2338076707,525201.2338076707
0.3,300.1410575894889,513912.6067755258,513912.6067755258
0.3,245.44198711886747,598435.9710242331,598435.9710242331
0.3,256.91936319354147,567372.079262224,567372.079262224
0.3,263.76939946217857,556111.4495603062,556111.4495603062
0.3,288.4401232109784,522665.7006437339,522665.7006437339
0.3,261.0945306343695,560174.531900703,560174.531900703
0.3,284.24237096595886,527522.9171171,527522.9171171
0.3,244.39440770039474,601444.1641866004,601444.1641866004
0.3,289.08022537494224,521974.2945746178,521974.2945746178
0.3,246.95265759331238,592396.2345825697,592396.2345825697
0.3,290.8321717450695,520257.6203917698,520257.6203917698
0.3,265.9660797306617,552515.37343065,552515.37343065
0.3,267.2490008810978,550688.5958812651,550688.5958812651
0.3,279.3946183665616,533315.6012038763,533315.6012038763
0.3,264.0921813240529,555848.2344642056,555848.2344642056
0.3,287.6169825759466,523783.5161525481,523783.5161525481
0.3,243.15285397122372,607615.788675973,607615.788675973
0.3,309.8547771513183,508625.9159564105,508625.9159564105
0.3,245.20426346439965,598955.5240579471,598955.5240579471
0.3,264.113213009959,555489.6745578251,555489.6745578251
0.3,308.27150641330155,509486.6611068223,509486.6611068223
0.3,266.54888483016583,551564.4519639306,551564.4519639306
0.3,243.88822348349834,602924.6180562336,602924.6180562336
0.3,285.2379862766942,526470.3337941802,526470.3337941802
0.3,245.44198711886747,598435.9710242331,598435.9710242331
0.3,255.7073642987348,570341.4461335123,570341.4461335123
0.3,281.0540078810731,531250.4067556561,531250.4067556561
0.3,273.31107920775065,541261.8531744455,541261.8531744455
0.3,260.7787312004964,560618.1279911916,560618.1279911916
0.3,255.1254623123945,571190.5714174302,571190.5714174302
0.3,260.34186660589967,561286.2108921381,561286.2108921381
0.3,270.4986039266113,545834.9147805398,545834.9147805398
0.3,278.9762715490229,534107.8787058111,534107.8787058111
0.3,252.03796465735124,578584.028544365,578584.028544365
0.3,254.3894440139441,572856.5296827593,572856.5296827593
0.3,289.0251359457947,522106.3684223433,522106.3684223433
0.3,261.07912699608283,560178.1710918215,560178.1710918215
0.3,250.29602376417233,582768.8957185664,582768.8957185664
0.3,261.57102821853306,559381.4557779067,559381.4557779067
0.3,286.9298196724579,524231.2517580574,524231.2517580574
0.3,247.59033238467055,590410.7329186008,590410.7329186008
0.3,265.75893629512115,552636.6472330583,552636.6472330583
0.3,263.8009404375542,555870.6636884676,555870.6636884676
0.3,251.59983772209682,579449.852655973,579449.852655973
0.3,248.86212075614517,586793.0380228637,586793.0380228637
0.3,254.55678219944937,572799.4851817433,572799.4851817433
0.3,271.641472123049,544311.1712746236,544311.1712746236
0.3,272.7939600767,542057.86554044,542057.86554044
0.3,257.52072596451546,566394.865648086,566394.865648086
0.3,266.1631857234564,552462.3233657521,552462.3233657521
0.3,248.62242645850984,587374.7922008561,587374.7922008561
0.3,300.12637369897374,513931.7288498046,513931.7288498046
0.3,272.0474636607107,543397.4594701407,543397.4594701407
0.3,278.1320776022595,534916.327696773,534916.327696773
0.3,295.8399684378183,516386.3143081987,516386.3143081987
0.3,267.0024401802792,550977.963254988,550977.963254988
0.3,250.29602376417233,582768.8957185664,582768.8957185664
0.3,269.6083087708743,547306.1572448148,547306.1572448148
0.3,264.5259597053652,555051.11624213,555051.11624213
0.3,306.1562728060222,510418.77623474854,510418.77623474854
0.3,248.806019352666,587096.8766537185,587096.8766537185
0.3,278.8411403692209,534266.4274881366,534266.4274881366
0.3,274.9873717706024,538745.1247814328,538745.1247814328
0.3,279.63951505868255,532887.003362791,532887.003362791
0.3,278.32419198232407,534605.5250595972,534605.5250595972
0.3,269.3498533947075,547823.8195146957,547823.8195146957
0.3,243.18708923281127,607151.714862069,607151.714862069
0.3,310.7749675719295,508061.8630374427,508061.8630374427
0.3,266.76660815770435,551221.21194032,551221.21194032
0.3,271.02769074956717,545099.9031857494,545099.9031857494
0.3,265.5196184962891,552944.5066666495,552944.5066666495
0.3,275.75975415378485,538261.1543694434,538261.1543694434
0.3,251.62031042797517,579442.7076535482,579442.7076535482
0.3,245.76318061490537,596343.0583882885,596343.0583882885
0.3,253.41768787346524,575081.5969059553,575081.5969059553
0.3,244.31337622379843,602125.9525920895,602125.9525920895
0.3,280.3584276766798,532187.9850927107,532187.9850927107
0.3,243.18708923281127,607151.714862069,607151.714862069
0.3,289.46945636726787,521571.6504510014,521571.6504510014
0.3,250.85489013007862,580934.5606578821,580934.5606578821
0.3,250.2425304560569,582809.7240268718,582809.7240268718
0.3,256.69781369599366,568000.5785686445,568000.5785686445
0.3,270.7315155444544,545205.9787232018,545205.9787232018
0.3,273.4580589443934,541089.1124641113,541089.1124641113
0.3,246.07602422266848,595356.9891682472,595356.9891682472
0.3,245.0843803334794,599150.7737270158,599150.7737270158
0.3,246.8471212670035,592832.042169204,592832.042169204
0.3,295.569797838877,516590.6096383286,516590.6096383286
0.3,249.77869761620238,584003.3243465562,584003.3243465562
0.3,266.1736713197187,552001.2583363098,552001.2583363098
0.3,272.57573459918143,542509.4254796717,542509.4254796717
0.3,288.9597336052426,522246.5890782757,522246.5890782757
0.3,266.76660815770435,551221.21194032,551221.21194032
0.3,300.136538431213,513917.20701734826,513917.20701734826
0.3,276.4323682260224,536684.4334933058,536684.4334933058
0.3,246.1670080974905,594477.8379808103,594477.8379808103
0.3,270.3328112286208,545961.4860158074,545961.4860158074
0.3,276.3396371784332,536876.8872590605,536876.8872590605
0.3,308.2773610888707,509448.0961497271,509448.0961497271
0.3,286.4746704497266,525294.717734201,525294.717734201
0.3,250.10372546662393,583398.2672335298,583398.2672335298
0.3,250.1707729798292,583109.0145304347,583109.0145304347
0.3,245.74003506693327,596381.2309230154,596381.2309230154
0.3,286.8589342436285,524618.6748945224,524618.6748945224
0.3,255.7148117173656,570328.1198209419,570328.1198209419
0.3,291.7513170827617,519545.29914771474,519545.29914771474
0.3,284.34591151852004,527510.2193010817,527510.2193010817
0.3,245.90229835672085,595913.4250582353,595913.4250582353
0.3,274.9873717706024,538745.1247814328,538745.1247814328
0.3,269.33855405506375,548088.1561163518,548088.1561163518
0.3,273.1731837358023,541429.7807894174,541429.7807894174
0.3,255.46768507323551,570794.1093157639,570794.1093157639
0.3,270.6322423402103,545742.776690819,545742.776690819
0.3,275.4768694154147,538422.5797588367,538422.5797588367
0.3,248.9568017577227,586070.0186179271,586070.0186179271
0.3,245.0843803334794,599150.7737270158,599150.7737270158
0.3,252.3043941759271,577898.2831245252,577898.2831245252
0.3,257.3644945971237,566439.8431069283,566439.8431069283
0.3,261.07912699608283,560178.1710918215,560178.1710918215
0.3,267.1274595686616,550897.4928986859,550897.4928986859
0.3,275.758385106252,538262.4095658374,538262.4095658374
0.3,309.83319939164426,508697.5705921049,508697.5705921049
0.3,257.08715533706385,567208.4177763945,567208.4177763945
0.3,295.59596458187247,516551.2160582967,516551.2160582967
0.3,248.66644011430338,587353.712073314,587353.712073314
0.3,253.7261603061959,574294.8237227155,574294.8237227155
0.3,285.321543008579,526222.2336934814,526222.2336934814
0.3,242.53824360525718,610509.314650285,610509.314650285
0.3,257.52072596451546,566394.865648086,566394.865648086
0.3,267.8128205409175,549491.3840771071,549491.3840771071
0.3,250.85489013007862,580934.5606578821,580934.5606578821
0.3,256.8643719497462,567553.938042688,567553.938042688
0.3,265.55752684295186,552685.9691755326,552685.9691755326
0.3,250.20235692250242,583062.5925442236,583062.5925442236
0.3,307.58195173295167,509765.3874268451,509765.3874268451
0.3,251.66173580306315,579305.4198436999,579305.4198436999
0.3,242.8923419083054,608890.2608977746,608890.2608977746
0.3,311.8236326884963,507458.8976667153,507458.8976667153
0.3,270.3335569834346,545934.0656093396,545934.0656093396
0.3,293.31617965849307,518290.3230763674,518290.3230763674
0.3,286.11401769397213,525423.4668564543,525423.4668564543
0.3,289.025432652207,522040.501330888,522040.501330888
0.3,311.6537373950035,507594.25689794275,507594.25689794275
0.3,263.8009404375542,555870.6636884676,555870.6636884676
0.3,283.8653833348569,527984.9578812084,527984.9578812084
0.3,245.35926033939063,598883.5714002195,598883.5714002195
0.3,292.44815967378776,518865.18855461676,518865.18855461676
0.3,266.4362658198126,551650.4009248421,551650.4009248421
0.3,255.30045704256113,570960.4489339855,570960.4489339855
0.3,266.07794689471945,552484.1967505525,552484.1967505525
0.3,308.3618145937138,509406.3225239876,509406.3225239876
0.3,309.8606702301494,508620.47688997263,508620.47688997263
0.3,307.86019003266745,509732.93028550333,509732.93028550333
0.3,293.5242215238407,518174.20605004055,518174.20605004055
0.3,251.47229234995604,580203.5251461021,580203.5251461021
0.3,275.8417494579102,537764.9676514694,537764.9676514694
0.3,254.58493780875324,572241.4647576746,572241.4647576746
0.3,243.33808710037584,605715.8699591527,605715.8699591527
0.3,243.244516919777,607151.1870980017,607151.1870980017
0.3,284.87084835008204,526755.7046465898,526755.7046465898
0.3,293.3915442460294,518224.4460779668,518224.4460779668
0.3,261.72222541691565,559102.8677570864,559102.8677570864
0.3,246.82143122182023,593308.5003948567,593308.5003948567
0.3,270.6336713309298,545706.588282693,545706.588282693
0.3,251.43870470000422,580289.4852723554,580289.4852723554
0.3,258.03013764231537,565339.3431725028,565339.3431725028
0.3,301.01438384132024,513122.1935849897,513122.1935849897
0.3,308.40776341797846,509358.75175122643,509358.75175122643
0.3,267.09372902176665,550954.2762071432,550954.2762071432
0.3,295.23116945299927,516862.77472011436,516862.77472011436
0.3,244.26666815816074,602165.193855702,602165.193855702
0.3,281.1626182525616,531137.268495173,531137.268495173
0.3,245.55047806246753,597070.3874545011,597070.3874545011
0.3,288.38086647141705,522810.7319910649,522810.7319910649
0.3,306.02299773503995,510524.5177759875,510524.5177759875
0.3,257.9290739139392,565544.007749015,565544.007749015
0.3,288.9633212493649,522212.5299480158,522212.5299480158
0.3,250.38850132611464,582303.550600291,582303.550600291
0.3,273.0221671572178,541539.9170216611,541539.9170216611
0.3,308.1516750264716,509515.2966728627,509515.2966728627
0.3,248.85220756879735,587001.2945495084,587001.2945495084
0.3,244.2180639608936,602322.2123918631,602322.2123918631
0.3,272.6904161671817,542167.9900084571,542167.9900084571
0.3,306.2947525804276,510335.80991325557,510335.80991325557
0.3,264.14087870034433,555230.9885998729,555230.9885998729
0.3,279.56818246508846,533118.8304296765,533118.8304296765
0.3,249.69189605003433,584196.8155836599,584196.8155836599
0.3,278.29656597920746,534780.6437773048,534780.6437773048
0.3,270.7005768515658,545274.0819109775,545274.0819109775
0.3,269.43570176507984,547716.368944549,547716.368944549
0.3,252.31080379635233,577895.6366485746,577895.6366485746
0.3,287.77284115802144,523484.0232408351,523484.0232408351
0.3,308.0715175037447,509586.4226973687,509586.4226973687
0.3,271.6544818798524,544271.4380045603,544271.4380045603
0.3,269.8738072271814,546617.5890332784,546617.5890332784
0.3,270.50605749940155,545809.5981466167,545809.5981466167
0.3,278.10673126056577,534958.7738399713,534958.7738399713
0.3,243.10187379118653,607845.4766296664,607845.4766296664
0.3,300.4003245502554,513496.55000845436,513496.55000845436
0.3,287.52401450279837,523802.53585254657,523802.53585254657
0.3,252.32110208514644,577781.9044008439,577781.9044008439
0.3,261.0162179151137,560592.9147853676,560592.9147853676
0.3,272.472963867885,542661.9927718356,542661.9927718356
0.3,272.46175824599845,542825.0754881296,542825.0754881296
0.3,258.3374272726407,564969.4588763902,564969.4588763902
0.3,272.2136356891106,543343.2150469341,543343.2150469341
0.3,308.44594081312755,509291.2326986427,509291.2326986427
0.3,281.1924358335456,531099.0367872622,531099.0367872622
0.3,275.9964029903518,537722.111052423,537722.111052423
0.3,272.74738092190125,542165.0292256331,542165.0292256331
0.3,264.0921813240529,555848.2344642056,555848.2344642056
0.3,251.03471294111748,580423.7883530846,580423.7883530846
0.3,296.759189771898,515755.99202580645,515755.99202580645
0.3,279.6297193815985,532902.6151676436,532902.6151676436
0.3,308.27150641330155,509486.6611068223,509486.6611068223
0.3,257.9290739139392,565544.007749015,565544.007749015
0.3,269.58469622017236,547664.7173738994,547664.7173738994
0.3,242.00471564615907,612993.9668769792,612993.9668769792
0.3,264.6815100581139,554399.6391363728,554399.6391363728
0.3,255.46768507323551,570794.1093157639,570794.1093157639
0.3,250.09687321241563,583461.0095990021,583461.0095990021
0.3,257.6933543223901,565779.5757828229,565779.5757828229
0.3,264.5550704480692,554528.2919655312,554528.2919655312
0.3,292.2779759223379,519039.7262193445,519039.7262193445
0.3,292.9297819176551,518605.424884488,518605.424884488
0.3,277.42804202287215,535498.7199754219,535498.7199754219
0.3,262.22564820719225,557864.0827664146,557864.0827664146
0.3,257.68908535903773,565962.0881820851,565962.0881820851
0.3,291.6536643017414,519694.19732790417,519694.19732790417
0.3,306.2169835287477,510411.8461834729,510411.8461834729
0.3,280.1526733640915,532462.5659119117,532462.5659119117
0.3,266.84866652598083,551187.8321338691,551187.8321338691
0.3,272.7939600767,542057.86554044,542057.86554044
0.3,261.0227129001089,560429.5357383962,560429.5357383962
0.3,279.47685917061364,533237.2707100747,533237.2707100747
0.3,263.80474766453875,555863.1167363734,555863.1167363734
0.3,289.6664588891369,521259.52422841755,521259.52422841755
0.3,261.6719646554419,559319.8839130662,559319.8839130662
0.3,252.7956469233316,576990.0320488974,576990.0320488974
0.3,264.3558238558453,555136.6289918721,555136.6289918721
0.3,297.25759959264093,515396.7917766257,515396.7917766257
0.3,297.2439609219841,515422.7253421903,515422.7253421903
0.3,306.03078159800737,510517.74666044174,510517.74666044174
0.3,309.43814507736704,508816.13756143587,508816.13756143587
0.3,245.48427475294412,598344.23468522,598344.23468522
0.3,288.9633212493649,522212.5299480158,522212.5299480158
0.3,308.4860194089148,509246.2430100963,509246.2430100963
0.3,273.670617059201,540405.3061901627,540405.3061901627
0.3,251.66173580306315,579305.4198436999,579305.4198436999
0.3,244.7802116872731,600745.653104817,600745.653104817
0.3,246.9162859506319,592621.0573611349,592621.0573611349
0.3,308.4412495431217,509318.42556427943,509318.42556427943
0.3,251.8809633129792,578752.7697462761,578752.7697462761
0.3,275.1446620314035,538616.0595652064,538616.0595652064
0.3,265.02046822274946,553710.6392209268,553710.6392209268
0.3,287.853402033985,523188.3139333235,523188.3139333235
0.3,296.6037038051386,515810.91041656403,515810.91041656403
0.3,249.5554365958755,584960.8007418487,584960.8007418487
0.3,254.08340423515338,573640.4580842739,573640.4580842739
0.3,243.47957480205014,604427.5473610158,604427.5473610158
0.3,247.31116824245748,591286.6773680404,591286.6773680404
0.3,260.19860847976327,561711.4799073022,561711.4799073022
0.3,305.2933501696639,510972.86577924073,510972.86577924073
0.3,303.59593287679246,511738.92985464167,511738.92985464167
0.3,284.7830129406634,526909.5828339407,526909.5828339407
0.3,248.17940619898036,588385.8317461847,588385.8317461847
0.3,263.795586432483,556088.5086822647,556088.5086822647
0.3,265.85220164161115,552628.3952496242,552628.3952496242
0.3,276.04411563013184,537498.6103995956,537498.6103995956
0.3,262.1765681293296,557876.4282273398,557876.4282273398
0.3,259.27346171288104,563092.6003325396,563092.6003325396
0.3,304.5068519374807,511181.8173816903,511181.8173816903
0.3,253.2935846845728,575746.7738428034,575746.7738428034
0.3,297.19796449070196,515455.7245306422,515455.7245306422
0.3,247.38669398112694,590917.6350478651,590917.6350478651
0.3,311.9139732197066,507457.1513663572,507457.1513663572
0.3,257.12828537802767,567186.9248373631,567186.9248373631
0.3,295.14629841161127,516874.00741787616,516874.00741787616
0.3,249.67186098050416,584699.2558600269,584699.2558600269
0.3,292.44815967378776,518865.18855461676,518865.18855461676
0.3,269.43570176507984,547716.368944549,547716.368944549
0.3,250.65529069928095,581953.0036183081,581953.0036183081
0.3,262.228435319164,557848.8907579395,557848.8907579395
0.3,245.9019993945492,595919.2596570575,595919.2596570575
0.3,300.3413662031861,513599.65495624824,513599.65495624824
0.3,309.9855279079602,508399.3064569572,508399.3064569572
0.3,269.58469622017236,547664.7173738994,547664.7173738994
0.3,243.38380341063328,605651.7003494585,605651.7003494585
0.3,309.54867388738114,508801.60246030765,508801.60246030765
0.3,254.58493780875324,572241.4647576746,572241.4647576746
0.3,256.7402511307686,567758.1835665908,567758.1835665908
0.3,252.57705164680718,577245.669560002,577245.669560002
0.3,306.74563300140625,510202.305031419,510202.305031419
0.3,251.62031042797517,579442.7076535482,579442.7076535482
0.3,249.3962397993977,585069.6283040249,585069.6283040249
0.3,294.5555595059853,517456.0282645179,517456.0282645179
0.3,305.90222505584586,510535.5187501512,510535.5187501512
0.3,284.98066087536256,526753.9429068009,526753.9429068009
0.3,246.7103758225846,593367.9287133086,593367.9287133086
0.3,265.9660797306617,552515.37343065,552515.37343065
0.3,307.5965166776922,509762.7907944124,509762.7907944124
0.3,267.30987376922155,550483.47745579,550483.47745579
0.3,250.54457177955206,581971.2717901707,581971.2717901707
0.3,292.02077188142863,519222.3131145127,519222.3131145127
0.3,246.82143122182023,593308.5003948567,593308.5003948567
0.3,246.45388650956215,593922.135103452,593922.135103452
0.3,249.60829219787954,584902.7263608887,584902.7263608887
0.3,295.1334073622707,516881.0484750053,516881.0484750053
0.3,257.9618301132997,565403.6748650242,565403.6748650242
0.3,280.62461716745753,531773.3589611639,531773.3589611639
0.3,278.4544714874599,534420.9417662392,534420.9417662392
0.3,251.70796155800298,579233.3689721338,579233.3689721338
0.3,287.3601935821695,523918.35028778436,523918.35028778436
0.3,261.6719646554419,559319.8839130662,559319.8839130662
0.3,261.90301386208523,558704.5226707764,558704.5226707764
0.3,302.9652878581829,512058.55235596065,512058.55235596065
0.3,276.8499209681662,536430.904893345,536430.904893345
0.3,264.3417184603328,555147.3573148035,555147.3573148035
0.3,258.99709724697306,563542.9862772292,563542.9862772292
0.3,269.7880462972978,546886.0978371995,546886.0978371995
0.3,250.30029254697604,582638.6602651307,582638.6602651307
0.3,288.801895137382,522283.96808118344,522283.96808118344
0.3,297.8432683140536,515069.89895091666,515069.89895091666
0.3,255.96404240647163,569246.9686509096,569246.9686509096
0.3,303.451544816004,511861.0430024811,511861.0430024811
0.3,296.8432083734356,515521.8187920489,515521.8187920489
0.3,302.0588165953755,512609.58559296525,512609.58559296525
0.3,251.03471294111748,580423.7883530846,580423.7883530846
0.3,251.8809633129792,578752.7697462761,578752.7697462761
0.3,293.2982963947737,518344.15789532056,518344.15789532056
0.3,294.37995928367,517504.4584746491,517504.4584746491
0.3,277.6143326896692,535439.8058044208,535439.8058044208
0.3,274.6919114698029,539075.8349352845,539075.8349352845
0.3,245.0393292850426,599494.132465798,599494.132465798
0.3,291.1908986842223,519796.7023938602,519796.7023938602
0.3,260.5906854420687,560678.240866422,560678.240866422
0.3,269.33855405506375,548088.1561163518,548088.1561163518
0.3,249.16054145201468,585659.8580882899,585659.8580882899
0.3,306.2984563915749,510326.4343879329,510326.4343879329
0.3,282.80159619107394,529240.2995677718,529240.2995677718
0.3,292.40709122147604,518880.61867031106,518880.61867031106
0.3,297.2989590092175,515364.83632852114,515364.83632852114
0.3,254.5693146709297,572772.91352066,572772.91352066
0.3,247.9518707260841,589539.2823153567,589539.2823153567
0.3,305.87631960757966,510559.597593867,510559.597593867
0.3,248.89378182653613,586676.6619010665,586676.6619010665
0.3,248.8472041839728,587005.687948319,587005.687948319
0.3,310.9333425297276,507916.6918520349,507916.6918520349
0.3,305.23031438211456,510984.0769586463,510984.0769586463
0.3,305.35966760551094,510831.2444016264,510831.2444016264
0.3,244.24536256367847,602182.7776546689,602182.7776546689
0.3,311.09651347440825,507782.5908269709,507782.5908269709
0.3,255.06243808327667,571392.3915328425,571392.3915328425
0.3,296.4088189417524,515931.65682933456,515931.65682933456
0.3,245.93788140097237,595610.1478728997,595610.1478728997
0.3,257.1416566373364,567180.5990347855,567180.5990347855
0.3,303.71721764491843,511637.6853696973,511637.6853696973
0.3,270.7120981155477,545220.5989581534,545220.5989581534
0.3,285.5490712699052,525847.1577555293,525847.1577555293
0.3,313.6303501416083,506614.9464045953,506614.9464045953
0.3,256.57401675160935,568094.5382811546,568094.5382811546
0.3,280.62461716745753,531773.3589611639,531773.3589611639
0.3,242.18380145806665,611738.6956734804,611738.6956734804
0.3,249.18468827156119,585419.2085893492,585419.2085893492
0.3,262.52021035695765,557420.7545454402,557420.7545454402
0.3,293.73292223006285,518041.8869194279,518041.8869194279
0.3,300.23496721839626,513824.7063612116,513824.7063612116
0.3,283.25410107465166,528589.4693170874,528589.4693170874
0.3,267.51420047353696,549622.6659860648,549622.6659860648
0.3,270.3337148433086,545920.1100122073,545920.1100122073
0.3,306.4306563314676,510288.9722191329,510288.9722191329
0.3,277.6602865011817,535360.1535531085,535360.1535531085
0.3,274.51803755056596,539282.1092283471,539282.1092283471
0.3,276.3396371784332,536876.8872590605,536876.8872590605
0.3,279.3266325279646,533328.4754150347,533328.4754150347
0.3,290.4298756548232,520566.60940801416,520566.60940801416
0.3,267.8128205409175,549491.3840771071,549491.3840771071
0.3,243.72004161124582,604025.9349485396,604025.9349485396
0.3,295.35276903662793,516626.5662734625,516626.5662734625
0.3,313.10325066185356,506892.46128043905,506892.46128043905
0.3,267.2904927989364,550503.235019879,550503.235019879
0.3,253.56044567397365,574807.4637198531,574807.4637198531
0.3,274.46551258368845,539360.0501631603,539360.0501631603
0.3,251.4922758029681,579651.9776452541,579651.9776452541
0.3,282.937472142109,529035.9784878665,529035.9784878665
0.3,300.96777837328597,513208.14674188185,513208.14674188185
0.3,255.66566906095605,570373.0231557995,570373.0231557995
0.3,308.66984889513355,509160.0030271512,509160.0030271512
0.3,249.68167693065337,584664.3859948386,584664.3859948386
0.3,255.96404240647163,569246.9686509096,569246.9686509096
0.3,254.6719009019044,572139.319714304,572139.319714304
0.3,284.60819680423646,527155.6679398357,527155.6679398357
0.3,285.9562882010136,525438.171254509,525438.171254509
0.3,298.954237070358,514452.98486533354,514452.98486533354
0.3,273.2591401769073,541339.5502475218,541339.5502475218
0.3,270.1567182261293,546182.641846662,546182.641846662
0.3,292.9172159862914,518631.3230107847,518631.3230107847
0.3,270.07353201446045,546513.3719880274,546513.3719880274
0.3,257.148460964689,567172.218860127,567172.218860127
0.3,248.26057558948355,588033.1516756216,588033.1516756216
0.3,278.4627846954706,534388.2668733131,534388.2668733131
0.3,294.4735589038235,517483.55922312196,517483.55922312196
0.3,302.9173871370896,512249.10619165585,512249.10619165585
0.3,253.04201659674047,575984.3633784755,575984.3633784755
0.3,277.81402587077844,534973.5821168815,534973.5821168815
0.3,308.9939409386561,508963.9790170097,508963.9790170097
0.3,278.30514679056313,534619.7771239369,534619.7771239369
0.3,262.1732400663343,558362.2021398371,558362.2021398371
0.3,249.60829219787954,584902.7263608887,584902.7263608887
0.3,281.932668053508,530315.1001480106,530315.1001480106
0.3,286.87478431997596,524565.4969234692,524565.4969234692
0.3,254.12995224495234,573599.4909480102,573599.4909480102
0.3,247.83693855899705,589679.083420614,589679.083420614
0.3,306.2292387850402,510372.91049071087,510372.91049071087
0.3,294.8427963460308,517065.73914243496,517065.73914243496
0.3,269.34312604065855,548066.1555763,548066.1555763
0.3,243.44341106943108,604938.2149726577,604938.2149726577
0.3,286.103212254789,525431.1917078664,525431.1917078664
0.3,277.5896921175313,535476.8012353024,535476.8012353024
0.3,268.2833719572084,548972.573931015,548972.573931015
0.3,263.2972163406141,556579.0183300066,556579.0183300066
0.3,257.0824397609498,567214.9645624998,567214.9645624998
0.3,250.84027570415327,580940.713614659,580940.713614659
0.3,294.8475543385982,516921.08238966163,516921.08238966163
0.3,281.96504823289365,530103.6272787538,530103.6272787538
0.3,306.74612119263367,510195.45801942796,510195.45801942796
0.3,311.3108840807339,507623.54346983804,507623.54346983804
0.3,285.9393146531865,525441.2050857123,525441.2050857123
0.3,281.29403933510264,530846.6892308894,530846.6892308894
0.3,250.12532665314197,583199.8622386461,583199.8622386461
0.3,271.92012276345855,543578.8240103121,543578.8240103121
0.3,298.96520963823093,514426.18924629904,514426.18924629904
0.3,257.814582507989,565727.076612826,565727.076612826
0.3,253.99230872879113,573962.1796850853,573962.1796850853
0.3,306.52885870968964,510234.4363296579,510234.4363296579
0.3,252.25644176518327,577967.214049716,577967.214049716
0.3,286.57764885827424,525201.2338076707,525201.2338076707
0.3,278.6492864492071,534295.2581707923,534295.2581707923
0.3,272.6188367640305,542501.4195020413,542501.4195020413
0.3,280.7419846774977,531539.3964964717,531539.3964964717
0.3,295.35382963651796,516625.400630857,516625.400630857
0.3,308.5778604111324,509176.94355682697,509176.94355682697
0.3,311.7547340335004,507478.39255667024,507478.39255667024
0.3,248.8864987405572,586700.5674694538,586700.5674694538
0.3,290.2754905775465,520625.35107869457,520625.35107869457
0.3,248.2060854892735,588272.5522243453,588272.5522243453
0.3,254.0153761721387,573653.9494617698,573653.9494617698
0.3,265.319919974851,553166.2455499569,553166.2455499569
0.3,242.15032101166264,611914.7140647101,611914.7140647101
0.3,275.09293611464165,538650.4974186452,538650.4974186452
0.3,242.28451289633298,611193.0338957936,611193.0338957936
0.3,289.3211327195036,521730.2985866816,521730.2985866816
0.3,272.2136356891106,543343.2150469341,543343.2150469341
0.3,241.99882299697265,613000.7271603461,613000.7271603461
0.3,243.24872529195613,606827.8227726977,606827.8227726977
0.3,243.1478535347926,607626.2293878351,607626.2293878351
0.3,293.774973853966,517897.227556209,517897.227556209
0.3,300.6544896859131,513325.2318698538,513325.2318698538
0.3,286.42671250262185,525352.6716912402,525352.6716912402
0.3,274.7891778228748,538931.0991152762,538931.0991152762
0.3,249.09349779223072,586052.6897059288,586052.6897059288
0.3,309.32676054166575,508868.0465926383,508868.0465926383
0.3,272.29853534136106,543277.08401708,543277.08401708
0.3,300.1671603119612,513886.00414031144,513886.00414031144
0.3,255.3736736124855,570894.1313133587,570894.1313133587
0.3,305.78961281043655,510562.47746034677,510562.47746034677
0.3,254.64659251373197,572198.1403285018,572198.1403285018
0.3,271.36711859668463,544453.8673495431,544453.8673495431
0.3,269.3419983790958,548078.3265470786,548078.3265470786
0.3,262.1803864055798,557872.9066268933,557872.9066268933
0.3,286.11401769397213,525423.4668564543,525423.4668564543
0.3,243.88317508341217,602929.98587736,602929.98587736
0.3,258.73834675951343,564100.8370083065,564100.8370083065
0.3,247.09074008086606,591780.1193504762,591780.1193504762
0.3,257.5325736066254,566388.1080757777,566388.1080757777
0.3,280.3153835322366,532204.6484305195,532204.6484305195
0.3,304.35753084056194,511387.4647738788,511387.4647738788
0.3,312.7558697514701,506914.50080497446,506914.50080497446
0.3,268.3391664673177,548227.3361155555,548227.3361155555
0.3,244.89274285249007,600407.8926467083,600407.8926467083
0.3,244.60750404836307,600858.6512429744,600858.6512429744
0.3,280.61221064819784,532101.3373103475,532101.3373103475
0.3,254.30967168189977,573109.5284397806,573109.5284397806
0.3,256.91110967995706,567375.2406297887,567375.2406297887
0.3,281.76028048533124,530381.1826665561,530381.1826665561
0.3,299.6148603016466,514138.9142041005,514138.9142041005
0.3,311.93080650513144,507452.0738115633,507452.0738115633
0.3,286.4027206590441,525407.5207540098,525407.5207540098
0.3,253.03843789251732,575985.858666234,575985.858666234
0.3,261.28838380829546,559800.5524387386,559800.5524387386
0.3,250.76220246644897,581199.6585631035,581199.6585631035
0.3,291.68109425170053,519642.1843400883,519642.1843400883
0.3,245.67402167326662,596891.3691960009,596891.3691960009
0.3,290.687650371164,520421.02439082303,520421.02439082303
0.3,270.6362591142248,545487.8820866522,545487.8820866522
0.3,261.9490557909031,558560.7461827439,558560.7461827439
0.3,301.5297266455562,512852.8162547301,512852.8162547301
0.3,244.0343878422514,602904.1102256026,602904.1102256026
0.3,242.18420338428754,611405.0598179483,611405.0598179483
0.3,259.41246583656044,562473.0263401947,562473.0263401947
0.3,262.74994394461,557249.4203344365,557249.4203344365
0.3,310.1451751840506,508378.7398736931,508378.7398736931
0.3,284.8620705147077,526763.5647178275,526763.5647178275
0.3,291.65028302996393,519723.6296448379,519723.6296448379
0.3,255.72667958562377,570184.8132708864,570184.8132708864
0.3,256.18907111707216,568907.8396435104,568907.8396435104
0.3,246.35980249757452,594096.7864447931,594096.7864447931
0.3,268.0607558405582,548976.0251674615,548976.0251674615
0.3,312.2127342971743,507154.81499840546,507154.81499840546
0.3,289.8005992036342,521144.4273996737,521144.4273996737
0.3,296.0514091731256,516205.95927255345,516205.95927255345
0.3,286.11401769397213,525423.4668564543,525423.4668564543
0.3,242.95092147030235,607990.5879313274,607990.5879313274
0.3,280.3475583684039,532199.0317641109,532199.0317641109
0.3,298.973423747986,514407.94609891245,514407.94609891245
0.3,263.07574746537256,556752.524567438,556752.524567438
0.3,277.1834101729218,535694.6147856956,535694.6147856956
0.3,294.0885075590725,517682.41285446764,517682.41285446764
0.3,308.1705827262237,509489.8682750896,509489.8682750896
0.3,292.57249589857173,518723.9013408242,518723.9013408242
0.3,283.9757085455659,527594.1010318793,527594.1010318793
0.3,293.59065360802094,518126.9359928878,518126.9359928878
0.3,248.4778025134561,587798.0326948676,587798.0326948676
0.3,287.3601935821695,523918.35028778436,523918.35028778436
0.3,271.20176812400825,544729.5855586424,544729.5855586424
0.3,301.4057731894939,512913.9124966176,512913.9124966176
0.3,288.0178888669669,523178.13127082575,523178.13127082575
0.3,255.29282037114433,570996.1923677305,570996.1923677305
0.3,285.7924127469126,525716.1846641004,525716.1846641004
0.3,253.8219173714372,574159.2368648351,574159.2368648351
0.3,249.42525349060966,585040.448292705,585040.448292705
0.3,272.36046060953475,542957.7706759177,542957.7706759177
0.3,285.29420614776257,526298.8625164902,526298.8625164902
0.3,260.42186170113075,560971.1424500879,560971.1424500879
0.3,243.16470420985107,607293.6643089254,607293.6643089254
0.3,266.3891253080675,551728.419800066,551728.419800066
0.3,290.85884112127286,520210.42053601844,520210.42053601844
0.3,242.25153702589145,611223.364693666,611223.364693666
0.3,302.51107649706927,512307.7263348592,512307.7263348592
0.3,253.34672141113685,575303.2956412255,575303.2956412255
0.3,307.5682334699295,509831.34196816763,509831.34196816763
0.3,274.2459495585815,539644.8431771173,539644.8431771173
0.3,310.9964391498157,507904.42881688016,507904.42881688016
0.3,291.8223629098873,519356.99142418604,519356.99142418604
0.3,309.43814507736704,508816.13756143587,508816.13756143587
0.3,245.06924141288536,599394.6956109058,599394.6956109058
0.3,300.941897112347,513225.9985335816,513225.9985335816
0.3,278.32419198232407,534605.5250595972,534605.5250595972
0.3,252.8701920043685,576928.3592112082,576928.3592112082
0.3,246.95265759331238,592396.2345825697,592396.2345825697
0.3,241.99150379067035,613012.0026179259,613012.0026179259
0.3,301.82702527524833,512634.5748513658,512634.5748513658
0.3,252.5679020986251,577391.1881069373,577391.1881069373
0.3,256.9799843587459,567330.277476112,567330.277476112
0.3,267.25349145427316,550688.2821387809,550688.2821387809
0.3,302.9814521220189,512057.44804358477,512057.44804358477
0.3,286.61460191436925,524993.359161252,524993.359161252
0.3,293.5242215238407,518174.20605004055,518174.20605004055
0.3,261.6517712492383,559380.8104393239,559380.8104393239
0.3,250.42256803390043,582198.472461716,582198.472461716
0.3,244.91571454330492,599598.3930597005,599598.3930597005
0.3,259.0456221518046,563357.5557630936,563357.5557630936
0.3,243.7306971427867,603543.5128937211,603543.5128937211
0.3,300.93558024431843,513250.56502066564,513250.56502066564
0.3,252.75253429422497,577095.9866857533,577095.9866857533
0.3,285.1236796548608,526632.7687361797,526632.7687361797
0.3,307.3099017088833,509922.15585208696,509922.15585208696
0.3,261.23197903812803,559914.5438488789,559914.5438488789
0.3,241.95216868842186,613163.9020474718,613163.9020474718
0.3,306.7982630457914,510085.9923034619,510085.9923034619
0.3,290.5424860811787,520535.2794729472,520535.2794729472
0.3,280.6221658700516,531925.7943829158,531925.7943829158
0.3,257.54531955218175,566329.3933775537,566329.3933775537
0.3,273.2444079541762,541363.560743902,541363.560743902
0.3,295.1334073622707,516881.0484750053,516881.0484750053
0.3,247.9843783159949,589412.2620209928,589412.2620209928
0.3,293.38956377803174,518270.06356344884,518270.06356344884
0.3,282.7835696477879,529316.8582432959,529316.8582432959
0.3,307.27297457891837,509931.7246698403,509931.7246698403
0.3,302.1238682823956,512419.28390799783,512419.28390799783
0.3,247.3360855682558,591209.2783020512,591209.2783020512
0.3,292.5585429149309,518740.16385298833,518740.16385298833
0.3,278.5098472654648,534315.6239482323,534315.6239482323
0.3,253.2090514591586,575860.3817677507,575860.3817677507
0.3,249.85026563688243,583696.9029113922,583696.9029113922
0.3,257.17757645856085,566800.3981030138,566800.3981030138
0.3,308.54110359377466,509191.8586577049,509191.8586577049
0.3,257.3644945971237,566439.8431069283,566439.8431069283
0.3,303.588493702531,511840.03157653514,511840.03157653514
0.3,258.6984151570156,564251.4897657314,564251.4897657314
0.3,246.82143122182023,593308.5003948567,593308.5003948567
0.3,243.85521194807112,603346.0941933271,603346.0941933271
0.3,274.8781788884696,538837.5531995246,538837.5531995246
0.3,281.60705962322106,530442.4637791074,530442.4637791074
0.3,253.67314811408892,574652.3765218386,574652.3765218386
0.3,257.8931671428083,565640.3709886863,565640.3709886863
0.3,265.55752684295186,552685.9691755326,552685.9691755326
0.3,255.18259455919213,571039.2460327835,571039.2460327835
0.3,261.166855285439,560124.6952134654,560124.6952134654
0.3,305.8852032128011,510550.45357352786,510550.45357352786
0.3,312.0544457885345,507215.61245406483,507215.61245406483
0.3,265.19896793787007,553500.4849911447,553500.4849911447
0.3,260.5906854420687,560678.240866422,560678.240866422
0.3,246.35980249757452,594096.7864447931,594096.7864447931
0.3,310.23541190583154,508151.6349404723,508151.6349404723
0.3,285.3587548866038,526176.5241350433,526176.5241350433
0.3,309.9343693508014,508463.54032990907,508463.54032990907
0.3,295.85551058009366,516330.05959613743,516330.05959613743
0.3,274.7891778228748,538931.0991152762,538931.0991152762
0.3,258.1551748086839,565127.0576023823,565127.0576023823
0.3,303.6907805807676,511640.67640408,511640.67640408
0.3,294.37880556700304,517594.83632053126,517594.83632053126
0.3,310.16861267372906,508343.57410785084,508343.57410785084
0.3,271.22503050493685,544659.3321613726,544659.3321613726
0.3,269.9333562906361,546519.6842266674,546519.6842266674
0.3,299.6154871288359,514136.4773722619,514136.4773722619
0.3,295.9481328710045,516304.13237221446,516304.13237221446
0.3,247.0771634855981,591932.6561554516,591932.6561554516
0.3,273.4580589443934,541089.1124641113,541089.1124641113
0.3,301.20491277227853,513040.3735757304,513040.3735757304
0.3,255.48560744004266,570379.9709676702,570379.9709676702
0.3,244.60915152512484,600853.8941501322,600853.8941501322
0.3,253.91718946910754,574015.8026289877,574015.8026289877
0.3,301.48439494219383,512896.81333881814,512896.81333881814
0.3,268.0607558405582,548976.0251674615,548976.0251674615
0.3,297.9538402405359,514786.1346071183,514786.1346071183
0.3,271.36501363925987,544477.1949214812,544477.1949214812
0.3,298.75497133817703,514615.9443942659,514615.9443942659
0.3,304.6539792148715,511083.42553348513,511083.42553348513
0.3,296.35865826017243,516100.3346054928,516100.3346054928
0.3,254.1521253712583,573468.8391250223,573468.8391250223
0.3,244.05360655525246,602854.5585409851,602854.5585409851
0.3,269.3498533947075,547823.8195146957,547823.8195146957
0.3,289.419365570987,521642.74803636415,521642.74803636415
0.3,269.89403906255006,546613.7587172219,546613.7587172219
0.3,279.9955005310408,532825.3663629788,532825.3663629788
0.3,307.86019003266745,509732.93028550333,509732.93028550333
0.3,288.25680054082744,522866.38400018954,522866.38400018954
0.3,246.5861445365601,593508.4313662093,593508.4313662093
0.3,276.8603131679548,536027.158906349,536027.158906349
0.3,272.97010507215333,541935.8000124828,541935.8000124828
0.3,279.0831355349454,533825.916521903,533825.916521903
0.3,255.94770704708802,569589.2240179752,569589.2240179752
0.3,278.9814954115271,533833.612450684,533833.612450684
0.3,301.18771057823733,513048.1221945606,513048.1221945606
0.3,309.99054800455326,508391.09325265314,508391.09325265314
0.3,279.18709454588856,533511.6646973662,533511.6646973662
0.3,263.31022861989885,556496.8768766022,556496.8768766022
0.3,280.04034489475157,532695.9337279797,532695.9337279797
0.3,268.0607558405582,548976.0251674615,548976.0251674615
0.3,259.1819712661683,563192.7864758746,563192.7864758746
0.3,250.73066274524618,581517.343599244,581517.343599244
0.3,258.8121581058746,563787.8878506192,563787.8878506192
0.3,248.0499035581866,588601.2119761787,588601.2119761787
0.3,305.7730433955945,510589.2869725525,510589.2869725525
0.3,285.1745053144054,526492.0857362341,526492.0857362341
0.3,289.83229579256823,521065.16625327145,521065.16625327145
0.3,299.7526990701215,514100.19491316366,514100.19491316366
0.3,247.76036199502326,589801.888675624,589801.888675624
0.3,259.41246583656044,562473.0263401947,562473.0263401947
0.3,256.44754066067844,568284.5405106181,568284.5405106181
0.3,261.3657076784334,559483.4866845259,559483.4866845259
0.3,276.6766240213215,536464.7283968229,536464.7283968229
0.3,307.17213406671,509951.60149260936,509951.60149260936
0.3,257.68908535903773,565962.0881820851,565962.0881820851
0.3,282.1998430944271,529865.5130809839,529865.5130809839
0.3,276.4323682260224,536684.4334933058,536684.4334933058
0.3,303.1490782339848,511870.48839036305,511870.48839036305
0.3,271.61540714070014,544394.8490622253,544394.8490622253
0.3,294.72771904526576,517352.30811892985,517352.30811892985
0.3,249.2173771817336,585329.1891273225,585329.1891273225
0.3,248.86212075614517,586793.0380228637,586793.0380228637
0.3,282.15494978842986,529985.7094936869,529985.7094936869
0.3,295.3492083998567,516681.6332402899,516681.6332402899
0.3,275.9964029903518,537722.111052423,537722.111052423
0.3,300.73976192737115,513307.6214934877,513307.6214934877
0.3,304.78073835271573,511004.76018799347,511004.76018799347
0.3,297.30034534210523,515284.4904242387,515284.4904242387
0.3,288.06724216042807,522912.3688385117,522912.3688385117
0.3,258.1366721464951,565232.3476577117,565232.3476577117
0.3,290.85884112127286,520210.42053601844,520210.42053601844
0.3,271.61581424408394,544317.055441277,544317.055441277
0.3,254.8626961948399,571764.2117889323,571764.2117889323
0.3,295.34919610020853,516752.9050985165,516752.9050985165
0.3,293.00264739710326,518429.5685575571,518429.5685575571
0.3,263.2292695972035,556592.8313144303,556592.8313144303
0.3,246.15077887194843,594525.2598827435,594525.2598827435
0.3,301.2391200681506,512983.5994292932,512983.5994292932
0.3,254.852019201736,571825.0655666078,571825.0655666078
0.3,248.91897498400985,586488.2377190538,586488.2377190538
0.3,292.02077188142863,519222.3131145127,519222.3131145127
0.3,304.1240579673244,511438.8164091397,511438.8164091397
0.3,309.63112225845157,508756.64567127184,508756.64567127184
0.3,283.66305827254075,528013.3187009661,528013.3187009661
0.3,259.85795657429037,561866.7367748488,561866.7367748488
0.3,283.5670017198875,528502.370523137,528502.370523137
0.3,275.9423512664651,537750.2979083849,537750.2979083849
0.3,295.76729995050994,516422.02718791994,516422.02718791994
0.3,253.50192841942402,574952.1053545575,574952.1053545575
0.3,305.6060489539177,510611.1085577775,510611.1085577775
0.3,263.22468937662217,556685.5388760951,556685.5388760951
0.3,290.52705124958527,520545.4502049186,520545.4502049186
0.3,283.8982741286118,527686.0703949733,527686.0703949733
0.3,244.39460663434735,601443.9894183968,601443.9894183968
0.3,291.5713462218253,519789.4319157061,519789.4319157061
0.3,290.7420819431137,520381.51272643317,520381.51272643317
0.3,298.973423747986,514407.94609891245,514407.94609891245
0.3,292.0921727906886,519177.15655506286,519177.15655506286
0.3,267.37816683999034,550064.2896023158,550064.2896023158
0.3,304.040030141409,511476.4550412935,511476.4550412935
0.3,252.1342194746527,578053.801612041,578053.801612041
0.3,242.60014094700236,609013.4182985866,609013.4182985866
0.3,292.9989234415678,518588.19133940607,518588.19133940607
0.3,278.4238819317594,534530.0653697078,534530.0653697078
0.3,254.3894440139441,572856.5296827593,572856.5296827593
0.3,294.6087964066474,517369.88135083177,517369.88135083177
0.3,251.47229234995604,580203.5251461021,580203.5251461021
0.3,287.1534269315395,524111.81419033307,524111.81419033307
0.3,247.43857187965506,590496.4691281569,590496.4691281569
0.3,247.59427375108942,590158.8439271188,590158.8439271188
0.3,261.1279230800849,560164.7000703673,560164.7000703673
0.3,280.05593160092883,532545.8057729998,532545.8057729998
0.3,282.90465565194626,529148.4151368339,529148.4151368339
0.3,293.8935574255287,517784.44274266844,517784.44274266844
0.3,251.2861001528573,580351.2066089936,580351.2066089936
0.3,253.4625951983394,575049.9309189786,575049.9309189786
0.3,294.3651717233299,517639.1651822912,517639.1651822912
0.3,263.4157098534229,556172.5815247543,556172.5815247543
0.3,255.74856357728615,569834.771944764,569834.771944764
0.3,258.14898705466777,565154.343197223,565154.343197223
0.3,248.57365590308888,587437.6193626178,587437.6193626178
0.3,244.4423522888193,601423.2859093011,601423.2859093011
0.3,267.7742278061804,549494.9294704929,549494.9294704929
0.3,302.9271030798022,512090.1351047276,512090.1351047276
0.3,311.09651347440825,507782.5908269709,507782.5908269709
0.3,275.4926998292387,538401.424712451,538401.424712451
0.3,276.61354173293677,536676.7004871021,536676.7004871021
0.3,284.4351463452223,527191.8488698697,527191.8488698697
0.3,282.28959498921705,529372.3927582483,529372.3927582483
0.3,246.40502433569833,594030.55101946,594030.55101946
0.3,248.7471509139864,587284.3608074007,587284.3608074007
0.3,287.4938675757071,523845.902542635,523845.902542635
0.3,258.3485441857302,564896.9674886898,564896.9674886898
0.3,278.8236701058091,534279.3670157146,534279.3670157146
0.3,307.88462786777757,509603.7648785477,509603.7648785477
0.3,255.94770704708802,569589.2240179752,569589.2240179752
0.3,249.96521697061416,583512.0579559852,583512.0579559852
0.3,289.082161694163,521891.61551165825,521891.61551165825
0.3,289.64354179551896,521557.4882250077,521557.4882250077
0.3,258.48544720252454,564340.1569181725,564340.1569181725
0.3,257.93923369220875,565538.5801056725,565538.5801056725
0.3,286.62097363230515,524846.9199797024,524846.9199797024
0.3,293.5965766298506,518094.26655742235,518094.26655742235
0.3,262.00223060631583,558419.9411021967,558419.9411021967
0.3,256.528207389226,568214.0363245294,568214.0363245294
0.3,304.6597014155129,511039.9591588349,511039.9591588349
0.3,270.2189661474469,546116.1323699962,546116.1323699962
0.3,264.8593406781281,554058.7867193148,554058.7867193148
0.3,246.94277883559278,592570.7513071534,592570.7513071534
0.3,265.50477820448214,552975.4489138105,552975.4489138105
0.3,306.8977170152508,509994.26515999733,509994.26515999733
0.3,297.43612011953434,515135.573406648,515135.573406648
0.3,273.51085384306214,540870.9383634116,540870.9383634116
0.3,302.491914499499,512351.39445826865,512351.39445826865
0.3,253.8612770012843,574105.4315720934,574105.4315720934
0.3,294.1414010877106,517661.91424826847,517661.91424826847
0.3,308.8866642822283,509063.94417026575,509063.94417026575
0.3,281.0540078810731,531250.4067556561,531250.4067556561
0.3,286.884712767889,524412.3242340186,524412.3242340186
0.3,247.16756089381445,591292.7136878265,591292.7136878265
0.3,248.66644011430338,587353.712073314,587353.712073314
0.3,265.33039301580254,553100.1391993944,553100.1391993944
0.3,306.948151161538,509985.2369581184,509985.2369581184
0.3,269.63601768117695,547286.6022775049,547286.6022775049
0.3,280.258884652375,532438.3732443211,532438.3732443211
0.3,290.214905975991,521058.1402738915,521058.1402738915
0.3,259.61717341460894,562304.1678429178,562304.1678429178
0.3,254.7720888854738,571884.8360080286,571884.8360080286
0.3,253.7330142501956,574163.6761001911,574163.6761001911
0.3,273.0225705943182,541444.1212689505,541444.1212689505
0.3,262.8467496554089,557043.9778215671,557043.9778215671
0.3,284.78139763800607,526946.368304332,526946.368304332
0.3,258.1551748086839,565127.0576023823,565127.0576023823
0.3,258.3599202079048,564547.4375486323,564547.4375486323
0.3,258.61315762918525,564283.2268580116,564283.2268580116
0.3,299.3564668981723,514204.31450514146,514204.31450514146
0.3,280.6078902112439,532141.7198465996,532141.7198465996
0.3,243.65373710200095,604265.5673727895,604265.5673727895
0.3,305.87936106922814,510554.1400406534,510554.1400406534
0.3,286.94524793903173,524194.0824270105,524194.0824270105
0.3,309.35323102266807,508817.6812337649,508817.6812337649
0.3,245.7220835817289,596600.5317612975,596600.5317612975
0.3,312.6573185963047,507006.3417552694,507006.3417552694
0.3,249.3071323700065,585181.6327935901,585181.6327935901
0.3,273.4580589443934,541089.1124641113,541089.1124641113
0.3,304.1178326640406,511443.08953835204,511443.08953835204
0.3,276.22822542193757,536981.4632595058,536981.4632595058
0.3,307.35530985794657,509843.8045157859,509843.8045157859
0.3,264.3336926887585,555156.9775284354,555156.9775284354
0.3,311.56439653121714,507621.9820434329,507621.9820434329
0.3,245.37765989526685,598766.4801603251,598766.4801603251
0.3,299.80442116132514,513949.41788274684,513949.41788274684
0.3,251.03471294111748,580423.7883530846,580423.7883530846
0.3,244.3760989273623,602070.0852796121,602070.0852796121
0.3,256.1247311937306,569179.8089592338,569179.8089592338
0.3,287.82271458199864,523274.96229119017,523274.96229119017
0.3,252.1342194746527,578053.801612041,578053.801612041
0.3,243.51482310943055,604278.4812751613,604278.4812751613
0.3,287.2454428619657,523933.5945372239,523933.5945372239
0.3,258.98475438495433,563622.2452510709,563622.2452510709
0.3,242.47388227363393,610999.3841204864,610999.3841204864
0.3,296.0593662653789,516112.89542447974,516112.89542447974
0.3,257.27540560785746,566501.9450780109,566501.9450780109
0.3,300.23496721839626,513824.7063612116,513824.7063612116
0.3,292.8723216117064,518719.87404620385,518719.87404620385
0.3,266.5876785014647,551380.7846540689,551380.7846540689
0.3,252.38359152033883,577623.3650808843,577623.3650808843
0.3,246.51701898284517,593770.0316826636,593770.0316826636
0.3,305.48804273324316,510736.913194193,510736.913194193
0.3,298.2130594083727,514634.60957932496,514634.60957932496
0.3,287.6788959755388,523501.33947187674,523501.33947187674
0.3,313.1992299219145,506637.81511687645,506637.81511687645
0.3,294.7667510765819,517114.2078143765,517114.2078143765
0.3,290.6735655606833,520469.03360079497,520469.03360079497
0.3,276.0112205581345,537598.157847379,537598.157847379
0.3,273.9632556150917,539953.5929487653,539953.5929487653
0.3,274.0611507244291,539759.6753463696,539759.6753463696
0.3,259.35541222310576,563034.3689688295,563034.3689688295
0.3,292.54339910556405,518855.98946892476,518855.98946892476
0.3,268.43380315244525,548091.110181634,548091.110181634
0.9,220.03289057025927,529059.1547443649,529059.1547443649
0.9,243.01637386995125,505843.3548947446,505843.3548947446
0.9,227.78937957117074,517425.43221901485,517425.43221901485
0.9,223.19615830883458,523460.3720843832,523460.3720843832
0.9,227.26097750760186,517976.049331993,517976.049331993
0.9,226.9552077925385,518212.76145497966,518212.76145497966
0.9,220.03289057025927,529059.1547443649,529059.1547443649
0.9,252.4880725922537,500756.3799341631,500756.3799341631
0.9,228.06097508397627,517158.3637253267,517158.3637253267
0.9,226.9552077925385,518212.76145497966,518212.76145497966
0.9,223.19615830883458,523460.3720843832,523460.3720843832
0.9,225.89254157050598,519420.4239509412,519420.4239509412
0.9,220.5807434725821,527587.9310853344,527587.9310853344
0.9,252.4880725922537,500756.3799341631,500756.3799341631
0.9,226.9552077925385,518212.76145497966,518212.76145497966
0.9,227.94382196495627,517228.0200196374,517228.0200196374
0.9,245.29401550822618,504331.2070383575,504331.2070383575
0.9,223.92587396766038,522019.2868822632,522019.2868822632
0.9,237.82077365804986,509563.4459294366,509563.4459294366
0.9,227.3240104971901,517961.5201890605,517961.5201890605
0.9,243.71859904844175,505204.17719513044,505204.17719513044
0.9,243.06689574968047,505768.163701767,505768.163701767
0.9,223.06364838108743,523801.52165354055,523801.52165354055
0.9,220.61349937763578,527568.4001508091,527568.4001508091
0.9,241.10498973874533,507177.98441199306,507177.98441199306
0.9,242.59292059773722,505980.28170541755,505980.28170541755
0.9,238.75216602939153,508774.20901953406,508774.20901953406
0.9,245.61239454586212,504058.3248049865,504058.3248049865
0.9,223.03306437339376,523802.582270463,523802.582270463
0.9,261.52015742995644,500077.58084215166,500077.58084215166
0.9,221.51899523775685,525845.5721488527,525845.5721488527
0.9,243.03081221820415,505818.58628624276,505818.58628624276
0.9,221.50484291258954,526051.8759654637,526051.8759654637
0.9,225.54289622551988,520064.54412904836,520064.54412904836
0.9,254.07152563450865,500560.5214224756,500560.5214224756
0.9,243.44138101276124,505510.84348761616,505510.84348761616
0.9,231.46444905945893,514105.88106936077,514105.88106936077
0.9,247.9558760175375,502499.9031246585,502499.9031246585
0.9,245.30700598247,504329.1471034236,504329.1471034236
0.9,238.75598730726801,508750.7036988074,508750.7036988074
0.9,221.53998943561118,525661.986290728,525661.986290728
0.9,227.94382196495627,517228.0200196374,517228.0200196374
0.9,238.03678029669376,509257.0400151091,509257.0400151091
0.9,236.21290072287312,510468.88703580986,510468.88703580986
0.9,227.98163143973923,517206.1088630571,517206.1088630571
0.9,227.26253890792975,517975.1194472674,517975.1194472674
0.9,234.9402351019174,511499.27139522356,511499.27139522356
0.9,229.94110289746308,515346.44257264753,515346.44257264753
0.9,227.97860247509277,517211.5082567693,517211.5082567693
0.9,225.1252793526878,520413.347830844,520413.347830844
0.9,224.52092102783143,521309.91322717187,521309.91322717187
0.9,230.53392854312258,514914.10564686556,514914.10564686556
0.9,236.5327786396253,510365.3486175464,510365.3486175464
0.9,220.10725428743976,528147.0143237244,528147.0143237244
0.9,243.05052726795645,505789.09146152105,505789.09146152105
0.9,222.76800101829718,524413.1731079083,524413.1731079083
0.9,241.24638102266303,507015.8815601337,507015.8815601337
0.9,237.8941109289731,509359.4527837309,509359.4527837309
0.9,249.65390499122455,501525.4138618173,501525.4138618173
0.9,248.9143526084961,501936.0287677019,501936.0287677019
0.9,226.58940074568605,518600.20926026313,518600.20926026313
0.9,227.00278200296913,518202.848211035,518202.848211035
0.9,241.33750243775762,506930.8727722346,506930.8727722346
0.9,227.79760215974187,517386.61609720654,517386.61609720654
0.9,248.9143526084961,501936.0287677019,501936.0287677019
0.9,248.38718101308186,502159.3113009627,502159.3113009627
0.9,221.4724449677319,526054.0817816714,526054.0817816714
0.9,253.58900884784143,500637.1871333374,500637.1871333374
0.9,228.06690941876735,517157.6253221369,517157.6253221369
0.9,227.79165531780168,517425.2733497751,517425.2733497751
0.9,226.7117875072529,518426.8554611547,518426.8554611547
0.9,228.27643399257673,516864.2428609192,516864.2428609192
0.9,226.9552077925385,518212.76145497966,518212.76145497966
0.9,219.5748904654103,529568.1692405222,529568.1692405222
0.9,241.69985488123416,506703.25012409536,506703.25012409536
0.9,221.98884406745054,525132.4291954797,525132.4291954797
0.9,251.84111655365336,500927.33922728547,500927.33922728547
0.9,238.35123964635446,509055.29636572895,509055.29636572895
0.9,248.64045512330205,501998.814215755,501998.814215755
0.9,219.45331468462498,529874.3442704368,529874.3442704368
0.9,240.6953726520185,507419.6322928617,507419.6322928617
0.9,222.5705452110643,524515.6039577276,524515.6039577276
0.9,249.50041915224375,501539.01518038334,501539.01518038334
0.9,221.71116154290664,525366.5326079244,525366.5326079244
0.9,244.8552139425524,504495.7317787759,504495.7317787759
0.9,246.047701444415,503749.374369555,503749.374369555
0.9,240.92174777077054,507267.84625666606,507267.84625666606
0.9,242.59833189338107,505973.8293898563,505973.8293898563
0.9,241.6958969570314,506710.5153111404,506710.5153111404
0.9,251.97856124962095,500813.7299104892,500813.7299104892
0.9,222.990381868235,523821.0331798792,523821.0331798792
0.9,248.12085626564962,502317.36308209196,502317.36308209196
0.9,230.5967351735318,514789.8209682402,514789.8209682402
0.9,223.15280060714733,523525.8520277513,523525.8520277513
0.9,223.2961254046028,523384.3896687847,523384.3896687847
0.9,241.10568136031654,507095.0754724165,507095.0754724165
0.9,250.1949691355101,501324.9269534675,501324.9269534675
0.9,221.52024639132,525843.4279419571,525843.4279419571
0.9,225.2260345992075,520349.4791492837,520349.4791492837
0.9,250.84089777749782,501130.8925917173,501130.8925917173
0.9,228.82306117344916,516191.94199233863,516191.94199233863
0.9,233.20436501751533,512820.13572405063,512820.13572405063
0.9,237.38065437528107,509745.4653030073,509745.4653030073
0.9,243.5523131727806,505443.5528606606,505443.5528606606
0.9,244.01036344187887,505011.5644953789,505011.5644953789
0.9,221.9693457346302,525191.9128015682,525191.9128015682
0.9,222.76459606083586,524436.4945712911,524436.4945712911
0.9,246.7834302931278,503320.55217277486,503320.55217277486
0.9,240.49862466938836,507502.50378380436,507502.50378380436
0.9,240.30624205934308,507704.2395338852,507704.2395338852
0.9,251.07355280688648,501103.45030457835,501103.45030457835
0.9,219.48902536113135,529837.4144298048,529837.4144298048
0.9,234.12765431501415,512090.420931413,512090.420931413
0.9,249.50041915224375,501539.01518038334,501539.01518038334
0.9,242.46976695000058,506149.33350438066,506149.33350438066
0.9,224.17792582060255,521899.3501985183,521899.3501985183
0.9,246.85069068080142,503290.28115683905,503290.28115683905
0.9,234.07696364977764,512114.42210264876,512114.42210264876
0.9,221.51306627157595,525916.3805887478,525916.3805887478
0.9,229.95345473239928,515339.6453038283,515339.6453038283
0.9,222.95457972088056,524105.6321770785,524105.6321770785
0.9,229.5397723775675,515678.61253504123,515678.61253504123
0.9,224.52567796020253,521304.6883159493,521304.6883159493
0.9,235.80705831477965,510840.60294208076,510840.60294208076
0.9,235.52134499179735,511057.1530032763,511057.1530032763
0.9,242.11135804243588,506505.4120105504,506505.4120105504
0.9,237.00319860401856,509970.47438928153,509970.47438928153
0.9,231.66437861434017,513987.31510633783,513987.31510633783
0.9,235.43333490224916,511098.1058200955,511098.1058200955
0.9,237.88066371415889,509374.8283921777,509374.8283921777
0.9,258.897152268835,500368.2921528062,500368.2921528062
0.9,239.8840351639879,508038.83078256703,508038.83078256703
0.9,245.4314208510263,504170.63574849244,504170.63574849244
0.9,228.56900946965703,516573.0915074885,516573.0915074885
0.9,235.22278621229742,511228.74823140085,511228.74823140085
0.9,234.15060287128725,512085.2711138283,512085.2711138283
0.9,246.21324698758494,503620.37344761676,503620.37344761676
0.9,244.72632285741727,504598.0557225001,504598.0557225001
0.9,238.16454161619262,509167.4277836508,509167.4277836508
0.9,241.52086502325753,506842.6140477005,506842.6140477005
0.9,222.00379892360448,525128.8252650055,525128.8252650055
0.9,243.58347394804838,505389.0263373634,505389.0263373634
0.9,238.7390960869281,508806.5699138915,508806.5699138915
0.9,227.75177937575864,517470.2872518016,517470.2872518016
0.9,236.44275360572635,510426.7191048643,510426.7191048643
0.9,236.29933593494854,510467.8039099357,510467.8039099357
0.9,223.10798504953004,523757.9443760592,523757.9443760592
0.9,235.31252240777616,511195.8175413738,511195.8175413738
0.9,228.1921386491199,516911.82404524414,516911.82404524414
0.9,234.11050831412604,512100.40654109453,512100.40654109453
0.9,248.8743407889623,501966.47740442166,501966.47740442166
0.9,242.58572946921143,505982.6475816905,505982.6475816905
0.9,222.8282327963514,524291.2445279548,524291.2445279548
0.9,250.25833955027272,501290.6217996818,501290.6217996818
0.9,234.60617585323175,511775.7212876169,511775.7212876169
0.9,244.34797890724002,504851.9241872792,504851.9241872792
0.9,242.86012934214685,505927.2385645779,505927.2385645779
0.9,236.0031965125438,510585.3598840571,510585.3598840571
0.9,232.15069775976045,513556.7046067774,513556.7046067774
0.9,238.2321046799541,509166.7353405535,509166.7353405535
0.9,233.8207531311809,512386.293460716,512386.293460716
0.9,240.51575429018962,507465.3909570466,507465.3909570466
0.9,241.61051947760242,506827.61251521326,506827.61251521326
0.9,228.19403162858114,516901.51988869946,516901.51988869946
0.9,225.68652434949485,519701.8288477575,519701.8288477575
0.9,238.4997231188307,508944.34541302,508944.34541302
0.9,222.5705452110643,524515.6039577276,524515.6039577276
0.9,226.056034171374,519306.177915053,519306.177915053
0.9,245.3217397939297,504301.03740558156,504301.03740558156
0.9,239.84203200886267,508047.2459471787,508047.2459471787
0.9,253.51601269218025,500648.37223818654,500648.37223818654
0.9,229.8573915734152,515493.60816192697,515493.60816192697
0.9,250.82088812243043,501182.6990415147,501182.6990415147
0.9,238.35123964635446,509055.29636572895,509055.29636572895
0.9,248.53020665661205,502090.91172728856,502090.91172728856
0.9,244.05628375809394,504967.90617777023,504967.90617777023
0.9,230.69702369636337,514758.6894205827,514758.6894205827
0.9,227.3355394634482,517950.08409908286,517950.08409908286
0.9,243.66419301699523,505248.44312846445,505248.44312846445
0.9,222.6924097527633,524449.8523356761,524449.8523356761
0.9,251.6240637507035,500952.6642311255,500952.6642311255
0.9,239.73271114935233,508073.14986736735,508073.14986736735
0.9,246.89535322211873,503200.8109770589,503200.8109770589
0.9,250.83408356332714,501175.68625660567,501175.68625660567
0.9,238.35297169106292,508960.9864683268,508960.9864683268
0.9,227.15674301988312,517990.4495660242,517990.4495660242
0.9,225.58965840978217,519793.8890129745,519793.8890129745
0.9,221.77234499128662,525236.2655351507,525236.2655351507
0.9,225.99868332439686,519348.49375077256,519348.49375077256
0.9,247.60114045914042,502512.8784900377,502512.8784900377
0.9,223.55499899667464,522606.2629512761,522606.2629512761
0.9,248.3253962199324,502222.6297987198,502222.6297987198
0.9,225.66512997285824,519744.1842839507,519744.1842839507
0.9,247.29627425933555,502880.42504188477,502880.42504188477
0.9,248.04784205447135,502497.2416239854,502497.2416239854
0.9,228.0719913110447,517046.12155270093,517046.12155270093
0.9,233.21574582999838,512800.40712622635,512800.40712622635
0.9,219.7828651405747,529077.622969752,529077.622969752
0.9,243.12408543480655,505660.55897896073,505660.55897896073
0.9,221.10691045565164,526339.6143990263,526339.6143990263
0.9,227.27622595878427,517971.06351917284,517971.06351917284
0.9,236.491217276013,510423.38824694755,510423.38824694755
0.9,228.72766129111946,516380.4037538597,516380.4037538597
0.9,225.68652434949485,519701.8288477575,519701.8288477575
0.9,263.25647065467143,499908.67654733313,499908.67654733313
0.9,246.28360508494617,503615.8017251643,503615.8017251643
0.9,225.58965840978217,519793.8890129745,519793.8890129745
0.9,248.98320358966762,501879.7327704015,501879.7327704015
0.9,226.60474216521337,518490.9832516943,518490.9832516943
0.9,249.23218121156236,501681.92296303646,501681.92296303646
0.9,230.8648657982929,514499.2881280526,514499.2881280526
0.9,228.36143986667207,516843.2174216979,516843.2174216979
0.9,263.50303700764925,499874.88048424554,499874.88048424554
0.9,238.15869991396485,509218.572238302,509218.572238302
0.9,236.90272764906095,510026.52251282637,510026.52251282637
0.9,237.08050529436727,509809.858501077,509809.858501077
0.9,251.65743881776436,500950.32606647327,500950.32606647327
0.9,260.9652368099605,500113.357293784,500113.357293784
0.9,243.58871347405443,505341.17957308533,505341.17957308533
0.9,234.03548946122382,512176.7589581205,512176.7589581205
0.9,229.8931574252426,515403.2067586334,515403.2067586334
0.9,244.4015553411709,504844.2864080526,504844.2864080526
0.9,227.35176134786246,517852.2764431614,517852.2764431614
0.9,248.16476751397124,502278.764203761,502278.764203761
0.9,234.40313362262577,511801.5556629335,511801.5556629335
0.9,231.57885469581808,514061.52826020156,514061.52826020156
0.9,236.87384507552522,510039.8911888305,510039.8911888305
0.9,246.59080010499557,503407.5507318184,503407.5507318184
0.9,242.17555414311622,506353.718517718,506353.718517718
0.9,227.39589156885103,517754.65861366945,517754.65861366945
0.9,228.0686574734872,517120.45133269025,517120.45133269025
0.9,237.82620350644464,509469.56203440676,509469.56203440676
0.9,234.00488416796262,512177.3137668997,512177.3137668997
0.9,225.74399728456115,519606.96084500616,519606.96084500616
0.9,243.48465024040325,505452.1998148379,505452.1998148379
0.9,240.03374457436433,507802.613974123,507802.613974123
0.9,228.77160358681436,516301.5126702963,516301.5126702963
0.9,234.5617739687459,511780.1888529674,511780.1888529674
0.9,237.85423205202054,509446.86277513485,509446.86277513485
0.9,223.3623003068225,523195.57028244965,523195.57028244965
0.9,226.44347570879765,518608.295717741,518608.295717741
0.9,247.1149242160781,503017.9954789718,503017.9954789718
0.9,233.3431914370267,512748.3120703886,512748.3120703886
0.9,253.22462769276413,500680.894125864,500680.894125864
0.9,232.53945861378187,513297.05050299404,513297.05050299404
0.9,230.75790926212568,514695.17385675147,514695.17385675147
0.9,228.98904334629876,516059.74793482793,516059.74793482793
0.9,245.31930929272292,504309.0547140302,504309.0547140302
0.9,254.3659336723834,500522.7539327267,500522.7539327267
0.9,236.21290072287312,510468.88703580986,510468.88703580986
0.9,225.5874954330772,519800.2095063263,519800.2095063263
0.9,241.42320835593642,506864.3681098755,506864.3681098755
0.9,243.58301621991671,505391.02278607385,505391.02278607385
0.9,250.63060255963708,501186.1256600353,501186.1256600353
0.9,242.7196049271048,505953.5138742902,505953.5138742902
0.9,237.82524226288922,509539.42106348264,509539.42106348264
0.9,225.59064785962417,519754.4242429816,519754.4242429816
0.9,233.9317862505593,512190.14786200697,512190.14786200697
0.9,238.35123964635446,509055.29636572895,509055.29636572895
0.9,231.82027709888476,513851.94421842974,513851.94421842974
0.9,244.82904528573337,504511.73970774136,504511.73970774136
0.9,243.66419301699523,505248.44312846445,505248.44312846445
0.9,253.90785099585142,500608.5965566295,500608.5965566295
0.9,221.54722472381334,525643.6387134807,525643.6387134807
0.9,224.77708585206133,520990.7764251417,520990.7764251417
0.9,246.348088330623,503588.4922084154,503588.4922084154
0.9,252.85110317368878,500709.8186330691,500709.8186330691
0.9,245.20768000395157,504340.0079913669,504340.0079913669
0.9,239.93354792420357,508015.119868479,508015.119868479
0.9,233.78317985986368,512387.80896623904,512387.80896623904
0.9,248.1035710585234,502425.1023101225,502425.1023101225
0.9,222.27451506494597,524700.0597068586,524700.0597068586
0.9,222.68714599178486,524450.1511497123,524450.1511497123
0.9,247.46968825731668,502742.50941555575,502742.50941555575
0.9,225.83169459895865,519505.5877224021,519505.5877224021
0.9,239.00352404975277,508414.0734037468,508414.0734037468
0.9,240.89373741024,507283.437557774,507283.437557774
0.9,233.58229581758732,512479.3198642713,512479.3198642713
0.9,246.01465606588553,503816.9851311018,503816.9851311018
0.9,246.85732093247674,503221.7636307259,503221.7636307259
0.9,221.5256151292519,525669.4890576333,525669.4890576333
0.9,229.5819300888051,515658.74206560734,515658.74206560734
0.9,235.6549068184656,510924.95295786974,510924.95295786974
0.9,226.6473501708548,518484.6571790991,518484.6571790991
0.9,244.6266515004155,504626.9701459122,504626.9701459122
0.9,223.27929507067986,523385.26576101605,523385.26576101605
0.9,232.84028439953158,513005.15381248447,513005.15381248447
0.9,226.75981617740888,518410.3848741315,518410.3848741315
0.9,249.8313017983616,501433.54196183087,501433.54196183087
0.9,239.71267949420476,508077.4316915306,508077.4316915306
0.9,229.38312161192277,515723.89110014425,515723.89110014425
0.9,251.70129237615149,500937.03300746216,500937.03300746216
0.9,242.53299959754503,505994.78608796746,505994.78608796746
0.9,251.45321340453964,500993.16421820724,500993.16421820724
0.9,231.98680284565467,513627.70951191353,513627.70951191353
0.9,236.18509728455862,510568.41500218376,510568.41500218376
0.9,230.75306043947796,514709.5341858012,514709.5341858012
0.9,234.2232975953014,511979.51876685565,511979.51876685565
0.9,236.51881580046484,510388.40003908245,510388.40003908245
0.9,220.70335495760452,526970.537332587,526970.537332587
0.9,236.0216417329979,510583.95190765016,510583.95190765016
0.9,220.5807434725821,527587.9310853344,527587.9310853344
0.9,228.3929042451812,516800.4178946495,516800.4178946495
0.9,260.9652368099605,500113.357293784,500113.357293784
0.9,240.63623399973682,507432.46958209336,507432.46958209336
0.9,230.0174162263242,515274.3500375296,515274.3500375296
0.9,247.56321711647254,502710.8233801784,502710.8233801784
0.9,238.67227345055244,508823.98978227784,508823.98978227784
0.9,230.62390552521993,514779.9205499632,514779.9205499632
0.9,242.46976695000058,506149.33350438066,506149.33350438066
0.9,232.82943516931726,513043.75824791985,513043.75824791985
0.9,252.34552113823014,500802.807352827,500802.807352827
0.9,240.21231228101422,507786.6263578088,507786.6263578088
0.9,228.43380082497768,516715.411719325,516715.411719325
0.9,231.82027709888476,513851.94421842974,513851.94421842974
0.9,222.1150841672121,524845.3224453112,524845.3224453112
0.9,245.07992546230028,504350.95929141965,504350.95929141965
0.9,248.49693205522482,502122.97166963824,502122.97166963824
0.9,219.44776304814852,529876.2669503989,529876.2669503989
0.9,244.90125994534944,504476.4004254623,504476.4004254623
0.9,233.10234469072495,512887.417258666,512887.417258666
0.9,220.03670699659378,528637.8840453043,528637.8840453043
0.9,227.79760215974187,517386.61609720654,517386.61609720654
0.9,242.16493484263765,506430.51498682634,506430.51498682634
0.9,231.5133937303182,514076.7002975678,514076.7002975678
0.9,223.55499899667464,522606.2629512761,522606.2629512761
0.9,235.91618645793412,510693.9327886769,510693.9327886769
0.9,238.53871290288046,508894.9014016858,508894.9014016858
0.9,219.63002962602553,529231.5558938042,529231.5558938042
0.9,225.06235769439448,520626.8491176238,520626.8491176238
0.9,231.46444905945893,514105.88106936077,514105.88106936077
0.9,244.83619863263056,504511.35944898747,504511.35944898747
0.9,236.5532692409206,510332.5329155157,510332.5329155157
0.9,242.33789130544525,506206.82350146084,506206.82350146084
0.9,236.5652835380453,510254.32919543015,510254.32919543015
0.9,234.68994894408456,511682.846672783,511682.846672783
0.9,223.37990435164517,523135.29791984044,523135.29791984044
0.9,234.32151523472112,511946.82089877035,511946.82089877035
0.9,254.56701247528656,500392.0826479539,500392.0826479539
0.9,225.54615172494516,519878.3431084081,519878.3431084081
0.9,235.38825815561566,511188.89880327875,511188.89880327875
0.9,219.5748904654103,529568.1692405222,529568.1692405222
0.9,247.58443549357992,502651.8508772757,502651.8508772757
0.9,244.1810680765735,504952.0769254514,504952.0769254514
0.9,228.44234663385112,516586.74663558,516586.74663558
0.9,249.3165794890492,501608.14387834107,501608.14387834107
0.9,233.003561951856,512942.599181123,512942.599181123
0.9,252.53087121455295,500746.9642297324,500746.9642297324
0.9,234.9670359480795,511463.5005004887,511463.5005004887
0.9,230.43781984129743,514989.09065799374,514989.09065799374
0.9,226.11153906077172,519119.2624041217,519119.2624041217
0.9,228.69846899814323,516422.4969222767,516422.4969222767
0.9,251.38776479667945,500997.9184313329,500997.9184313329
0.9,240.93811611057743,507254.4224407071,507254.4224407071
0.9,263.46559517025827,499888.35237229225,499888.35237229225
0.9,230.59661402866956,514884.400555989,514884.400555989
0.9,235.99344312175623,510688.4006929389,510688.4006929389
0.9,220.43680336196223,527661.94339202,527661.94339202
0.9,224.56834260655,521146.692911258,521146.692911258
0.9,235.02451337696698,511383.90243136615,511383.90243136615
0.9,236.71400194186967,510119.84471957776,510119.84471957776
0.9,225.6138549251038,519751.7571267116,519751.7571267116
0.9,240.9415091930228,507187.1078125838,507187.1078125838
0.9,240.58699744911365,507439.15583306213,507439.15583306213
0.9,242.29452874942652,506273.65819007356,506273.65819007356
0.9,240.69764313872537,507306.3844788664,507306.3844788664
0.9,245.61477879291772,504007.59716879006,504007.59716879006
0.9,232.64353637778936,513203.3460875401,513203.3460875401
0.9,224.2799256856061,521584.7794431522,521584.7794431522
0.9,241.80782568389742,506595.2102988786,506595.2102988786
0.9,244.58242959416398,504732.6936943418,504732.6936943418
0.9,249.6745886628052,501449.80068193027,501449.80068193027
0.9,251.89729319826847,500890.4897063265,500890.4897063265
0.9,227.1215341115354,518029.33107976796,518029.33107976796
0.9,221.68461883683145,525518.5074019562,525518.5074019562
0.9,229.49751938048053,515700.1457730271,515700.1457730271
0.9,231.96594539151,513768.8345096911,513768.8345096911
0.9,230.74547087483938,514711.93381357903,514711.93381357903
0.9,224.32305990975414,521520.7084788,521520.7084788
0.9,227.02389177884407,518090.9174897561,518090.9174897561
0.9,232.38434240526706,513419.2220240236,513419.2220240236
0.9,225.89254157050598,519420.4239509412,519420.4239509412
0.9,235.3351566247193,511195.2572403437,511195.2572403437
0.9,233.44296893450252,512609.61341854365,512609.61341854365
0.9,248.61164272892003,502034.8859503485,502034.8859503485
0.9,245.85082004844892,503927.4944370753,503927.4944370753
0.9,224.80785622581055,520769.5581604122,520769.5581604122
0.9,234.1532233873465,512027.80864692427,512027.80864692427
0.9,249.66395568744045,501518.5938863034,501518.5938863034
0.9,249.01603986398206,501768.5971063988,501768.5971063988
0.9,245.07992546230028,504350.95929141965,504350.95929141965
0.9,231.1358795027385,514359.3448063012,514359.3448063012
0.9,239.2038826035925,508381.68698994187,508381.68698994187
0.9,227.64764769281516,517509.92791751405,517509.92791751405
0.9,246.77337762619834,503365.92102317855,503365.92102317855
0.9,220.41264940841643,527761.6673537255,527761.6673537255
0.9,234.63354556532542,511744.77693607425,511744.77693607425
0.9,244.6261248326113,504702.866691032,504702.866691032
0.9,235.55040970103946,510940.910976232,510940.910976232
0.9,227.14368513083835,518004.16263191914,518004.16263191914
0.9,225.74481779574734,519505.7328227275,519505.7328227275
0.9,235.96224744596225,510693.87116627966,510693.87116627966
0.9,228.73600519773393,516325.14436424937,516325.14436424937
0.9,239.71267949420476,508077.4316915306,508077.4316915306
0.9,220.05550633225886,528596.9706292853,528596.9706292853
0.9,226.4385751405836,518753.263075618,518753.263075618
0.9,230.05505788639147,515261.36545448867,515261.36545448867
0.9,232.84028439953158,513005.15381248447,513005.15381248447
0.9,224.69179912234765,521134.02269365167,521134.02269365167
0.9,228.1746938475434,516919.2600882846,516919.2600882846
0.9,250.4998977333108,501288.95543220633,501288.95543220633
0.9,221.72440606465986,525365.3786171147,525365.3786171147
0.9,231.71632531541667,513873.47844656504,513873.47844656504
0.9,220.86825327222564,526801.5633729412,526801.5633729412
0.9,227.619323113208,517539.7052262495,517539.7052262495
0.9,242.16493484263765,506430.51498682634,506430.51498682634
0.9,227.59654519086496,517563.87362636026,517563.87362636026
0.9,230.9886847397997,514430.2219460354,514430.2219460354
0.9,228.86789807627082,516187.7190505413,516187.7190505413
0.9,221.63213500391012,525519.9695820955,525519.9695820955
0.9,219.68235054753256,529112.9085088335,529112.9085088335
0.9,230.44134782869,514937.5708928172,514937.5708928172
0.9,226.38265738475548,518877.8509937596,518877.8509937596
0.9,239.00352404975277,508414.0734037468,508414.0734037468
0.9,233.54061181091015,512495.764853857,512495.764853857
0.9,242.45587890751787,506152.943108864,506152.943108864
0.9,225.26306457445486,520066.95075818914,520066.95075818914
0.9,232.38548086201172,513394.31345964986,513394.31345964986
0.9,248.06292773766484,502442.08873113594,502442.08873113594
0.9,223.44031505808442,523120.47427236475,523120.47427236475
0.9,229.61260946587095,515496.979653465,515496.979653465
0.9,229.2121278834628,516015.4153561802,516015.4153561802
0.9,253.59688749993265,500619.4325905618,500619.4325905618
0.9,220.6386364017451,527224.6851079785,527224.6851079785
0.9,245.3209701666036,504301.8989256754,504301.8989256754
0.9,221.77234499128662,525236.2655351507,525236.2655351507
0.9,236.66871418822177,510201.1732299173,510201.1732299173
0.9,231.3350928591931,514213.7087722876,514213.7087722876
0.9,239.93543481389142,507837.1293336946,507837.1293336946
0.9,220.31011255491396,528019.154542051,528019.154542051
0.9,227.89607377230655,517347.290490353,517347.290490353
0.9,243.9852473685564,505164.5400893798,505164.5400893798
0.9,226.9420845969232,518307.36869825056,518307.36869825056
0.9,221.93694184282091,525233.4016733671,525233.4016733671
0.9,235.5401383070419,510999.15201719385,510999.15201719385
0.9,252.87849272597916,500705.8345261294,500705.8345261294
0.9,238.96643552994743,508577.8740124518,508577.8740124518
0.9,232.22994980626927,513497.87343178125,513497.87343178125
0.9,223.91556141493558,522419.40811838827,522419.40811838827
0.9,240.10555900213535,507793.7552002529,507793.7552002529
0.9,234.00488416796262,512177.3137668997,512177.3137668997
0.9,233.47877213050756,512565.59533336165,512565.59533336165
0.9,237.0047308585104,509926.785437969,509926.785437969
0.9,225.09726445426355,520623.0083793278,520623.0083793278
0.9,233.35190798072475,512704.8187385688,512704.8187385688
0.9,224.93271762443834,520699.69178297825,520699.69178297825
0.9,252.40764167490082,500775.3954386086,500775.3954386086
0.9,245.55060986392695,504081.2487336331,504081.2487336331
0.9,220.62468221458775,527567.8256377446,527567.8256377446
0.9,258.99661942707957,500327.02905823773,500327.02905823773
0.9,235.09346969763243,511281.0966482774,511281.0966482774
0.9,249.885346270253,501365.83696330327,501365.83696330327
0.9,231.3010955039583,514254.0151343809,514254.0151343809
0.9,237.45845423903612,509574.41748673725,509574.41748673725
0.9,235.69493864892135,510888.71231625346,510888.71231625346
0.9,232.7943172530739,513090.64531442215,513090.64531442215
0.9,230.0857180524168,515197.74997458095,515197.74997458095
0.9,235.49830973046403,511082.90934091894,511082.90934091894
0.9,263.2459523963496,499917.731429169,499917.731429169
0.9,225.93260038957922,519365.00716398435,519365.00716398435
0.9,238.2460996625798,509066.78005014145,509066.78005014145
0.9,242.01474927330432,506542.97460617253,506542.97460617253
0.9,228.59495833329714,516473.3799884889,516473.3799884889
0.9,223.91524584173726,522547.3276617083,522547.3276617083
0.9,221.398402555887,526249.0710872503,526249.0710872503
0.9,241.97016258475736,506554.1900823798,506554.1900823798
0.9,230.77380939998758,514643.1924513841,514643.1924513841
0.9,248.16948653501186,502276.91221573664,502276.91221573664
0.9,230.30621861008942,515121.7422102846,515121.7422102846
0.9,241.27583264588458,506965.0676779958,506965.0676779958
0.9,238.5724213879222,508849.4073319239,508849.4073319239
0.9,242.86900111789157,505846.2537828981,505846.2537828981
0.9,259.06861813435125,500267.6901890396,500267.6901890396
0.9,259.199885457003,500254.3825791186,500254.3825791186
0.9,259.3464206074272,500132.62038375286,500132.62038375286
0.9,235.76641755724515,510879.76946159126,510879.76946159126
0.9,227.21270087147968,517976.46081424924,517976.46081424924
0.9,221.29533201311446,526324.4000790557,526324.4000790557
0.9,235.83795058779992,510770.9784788125,510770.9784788125
0.9,251.48687042999816,500992.77645668085,500992.77645668085
0.9,247.31166775150618,502763.83843918703,502763.83843918703
0.9,231.98680284565467,513627.70951191353,513627.70951191353
0.9,232.4824368419803,513301.9177824228,513301.9177824228
0.9,235.03723642078583,511383.7335956473,511383.7335956473
0.9,222.0670671602855,525015.8504437967,525015.8504437967
0.9,221.4017495155381,526087.2488169381,526087.2488169381
0.9,243.200465736532,505541.63193792826,505541.63193792826
0.9,224.42892660635414,521353.9269899054,521353.9269899054
0.9,230.22162074081166,515135.3917098205,515135.3917098205
0.9,245.43520941636527,504168.96354753396,504168.96354753396
0.9,228.6509970015282,516430.85026596213,516430.85026596213
0.9,235.0376080409042,511351.96229598316,511351.96229598316
0.9,232.8907212029715,512983.0754209098,512983.0754209098
0.9,235.34882831925736,511193.5905724787,511193.5905724787
0.9,246.9010447539553,503048.3602281689,503048.3602281689
0.9,248.88292650373208,501963.2084236011,501963.2084236011
0.9,239.5606676221396,508176.887647251,508176.887647251
0.9,243.1475366952338,505572.93597453245,505572.93597453245
0.9,220.3222416421453,527923.8380127428,527923.8380127428
0.9,229.24499896868244,516014.90024501755,516014.90024501755
0.9,241.27583264588458,506965.0676779958,506965.0676779958
0.9,245.75412926048324,503976.02895765734,503976.02895765734
0.9,233.11240703676526,512835.4476909499,512835.4476909499
0.9,238.549329570236,508856.6699466314,508856.6699466314
0.9,248.35342685311974,502192.56836067326,502192.56836067326
0.9,240.36976250108395,507571.98746344476,507571.98746344476
0.9,238.01314844118593,509299.4367967872,509299.4367967872
0.9,244.20772308434397,504901.65824443765,504901.65824443765
0.9,253.64184623169655,500612.6627676911,500612.6627676911
0.9,245.45177665383733,504088.0169587882,504088.0169587882
0.9,258.9674993944698,500327.59493085695,500327.59493085695
0.9,234.2679399827057,511977.5570670387,511977.5570670387
0.9,247.22214154101255,502953.38668836077,502953.38668836077
0.9,246.85182123069865,503289.5310678265,503289.5310678265
0.9,246.463002584069,503488.25664465514,503488.25664465514
0.9,236.93634314402314,509996.6071709422,509996.6071709422
0.9,220.9551487093568,526538.9704468974,526538.9704468974
0.9,230.3432034268284,515049.8016444798,515049.8016444798
0.9,238.84301997136373,508619.034247184,508619.034247184
0.9,251.38535286328732,501007.3424395692,501007.3424395692
0.9,243.7062151022805,505225.6541423062,505225.6541423062
0.9,222.83863363945017,524132.90000604605,524132.90000604605
0.9,246.128661282812,503661.69359405903,503661.69359405903
0.9,239.34117184204598,508232.71017606737,508232.71017606737
0.9,235.81743098593705,510808.48578882933,510808.48578882933
0.9,240.92883630769052,507267.17151704663,507267.17151704663
0.9,222.54125263096313,524517.7147152179,524517.7147152179
0.9,245.04301062938993,504475.44983894535,504475.44983894535
0.9,227.4929809291595,517615.2528730335,517615.2528730335
0.9,244.55732437369392,504827.79242340004,504827.79242340004
0.9,231.01262054527447,514407.09240121994,514407.09240121994
0.9,232.1935949973093,513511.37378180155,513511.37378180155
0.9,219.54633458684305,529818.0569645615,529818.0569645615
0.9,234.64591875786638,511741.59089559806,511741.59089559806
0.9,234.3373876654407,511842.4334684993,511842.4334684993
0.9,239.19186864151152,508392.0230332537,508392.0230332537
0.9,253.3318328820215,500671.6242763686,500671.6242763686
0.9,229.28263913297016,515815.1001334123,515815.1001334123
0.9,255.35533564180625,500381.1489169529,500381.1489169529
0.9,231.3666919690733,514189.93815071584,514189.93815071584
0.9,245.8643977704123,503851.28265155165,503851.28265155165
0.9,262.03663219721705,499968.3830437844,499968.3830437844
0.9,231.7078274714284,513976.73353022744,513976.73353022744
0.9,222.43408726421964,524615.0337074582,524615.0337074582
0.9,224.18317737749885,521688.01081800996,521688.01081800996
0.9,252.70578196766598,500746.00009236694,500746.00009236694
0.9,226.16494881084998,518930.7707452377,518930.7707452377
0.9,234.79539112399962,511536.20111861866,511536.20111861866
0.9,228.88821745500718,516095.35096312716,516095.35096312716
0.9,223.77631835234416,522574.29877974733,522574.29877974733
0.9,222.79803382938272,524368.6417975811,524368.6417975811
0.9,234.71855569241797,511592.4077481667,511592.4077481667
0.9,241.38623514649007,506875.30442832335,506875.30442832335
0.9,233.01396499036466,512916.37940014986,512916.37940014986
0.6,307.47981145639943,503113.3557360197,503113.3557360197
0.6,222.24815067004644,583656.5312767089,583656.5312767089
0.6,225.08752458080062,577656.5773657124,577656.5773657124
0.6,222.62648407833808,582150.9560065313,582150.9560065313
0.6,227.7637880322348,570618.6876173852,570618.6876173852
0.6,237.94801125016232,556114.2560126107,556114.2560126107
0.6,237.3768652932726,556535.4784760708,556535.4784760708
0.6,227.54090610441443,571201.7703400597,571201.7703400597
0.6,291.2411699050168,508652.5409793834,508652.5409793834
0.6,232.5089285837413,563971.4770734464,563971.4770734464
0.6,247.44720666709517,544862.829428134,544862.829428134
0.6,222.8865572909918,581727.4510118333,581727.4510118333
0.6,300.7156016927769,505075.0970117316,505075.0970117316
0.6,228.0786145336587,570248.8520394501,570248.8520394501
0.6,282.23481968655494,513229.2497730665,513229.2497730665
0.6,223.67294372501604,579312.7356569157,579312.7356569157
0.6,298.69953728482943,505795.42121943075,505795.42121943075
0.6,223.1032290417669,580514.23232126,580514.23232126
0.6,238.7967897101539,555070.2905551922,555070.2905551922
0.6,222.2545377153824,582707.3924497751,582707.3924497751
0.6,247.9533631482226,544642.0741243775,544642.0741243775
0.6,232.22858200439364,564371.8760060534,564371.8760060534
0.6,235.67253858079096,558727.931398479,558727.931398479
0.6,251.46511922089095,541034.1368517564,541034.1368517564
0.6,238.22618543278605,555894.699969089,555894.699969089
0.6,223.4857430722347,580497.2972207717,580497.2972207717
0.6,227.17400837896596,572452.9989677416,572452.9989677416
0.6,225.89036352617717,574884.1456117053,574884.1456117053
0.6,222.30281894675548,582656.4172323229,582656.4172323229
0.6,291.96216648927765,508507.67619562557,508507.67619562557
0.6,231.22586395699054,566590.619794663,566590.619794663
0.6,242.59643721136217,550420.1106715434,550420.1106715434
0.6,250.12783631322287,542303.5391845976,542303.5391845976
0.6,245.7664865412626,546945.7355762873,546945.7355762873
0.6,268.1600878092898,525364.9051935883,525364.9051935883
0.6,225.319599909271,575919.6182653772,575919.6182653772
0.6,249.9947623713328,542650.3587556998,542650.3587556998
0.6,261.554348161453,530783.3301133565,530783.3301133565
0.6,229.37480054544145,568298.3091081284,568298.3091081284
0.6,241.73145673280388,551546.2776773789,551546.2776773789
0.6,234.07359552388186,560970.8431505447,560970.8431505447
0.6,227.51224140623947,571641.6902967312,571641.6902967312
0.6,236.37663487611422,557895.2263024377,557895.2263024377
0.6,230.85051963554244,566789.751456479,566789.751456479
0.6,283.65602331844184,512531.9938734183,512531.9938734183
0.6,307.0563992481921,503129.15159648506,503129.15159648506
0.6,282.7208022018438,513165.12476353464,513165.12476353464
0.6,305.2978888970366,503624.22474641784,503624.22474641784
0.6,298.3343398880228,505969.6048069229,505969.6048069229
0.6,241.0181047872025,552563.7073125059,552563.7073125059
0.6,277.395957113953,517078.2914408138,517078.2914408138
0.6,242.9452908733797,550154.9271376691,550154.9271376691
0.6,267.6802984989194,525473.4316640501,525473.4316640501
0.6,288.25065898975396,510126.8156063897,510126.8156063897
0.6,266.77116951540495,526184.8302504295,526184.8302504295
0.6,264.6494401647262,527820.8290615481,527820.8290615481
0.6,279.7143624694454,515349.62606661307,515349.62606661307
0.6,242.1584798613727,551139.8273502094,551139.8273502094
0.6,296.5177613172821,506512.48498483223,506512.48498483223
0.6,276.3705977957519,517971.94376134576,517971.94376134576
0.6,305.6213794467478,503604.1009714878,503604.1009714878
0.6,265.93453540155423,526809.1121416157,526809.1121416157
0.6,278.32183770682127,516427.81008647324,516427.81008647324
0.6,222.91167859671975,581265.2357351307,581265.2357351307
0.6,253.16183653840412,539484.4625145574,539484.4625145574
0.6,223.4861611518287,579961.1071823745,579961.1071823745
0.6,273.06919748073966,520681.5020347395,520681.5020347395
0.6,250.4342984029261,542214.445822379,542214.445822379
0.6,262.97312069053373,529450.2630395375,529450.2630395375
0.6,269.24683276492215,524063.9120098976,524063.9120098976
0.6,262.2608840662628,530121.9203760065,530121.9203760065
0.6,247.42531396972103,545316.7408619407,545316.7408619407
0.6,223.08687642969116,581120.1795976429,581120.1795976429
0.6,233.30338157208294,562467.1166279616,562467.1166279616
0.6,236.30790710313835,558311.3616243387,558311.3616243387
0.6,239.16228184386165,554825.4964118681,554825.4964118681
0.6,246.13078607542676,546476.7611151132,546476.7611151132
0.6,234.7413091543544,559693.8386574524,559693.8386574524
0.6,278.16478240485594,516748.35594670137,516748.35594670137
0.6,294.3687464173808,507431.9520456133,507431.9520456133
0.6,258.80814565780156,533734.50973956,533734.50973956
0.6,305.0401758190844,503834.85092954093,503834.85092954093
0.6,249.2755299175954,543210.1916640305,543210.1916640305
0.6,304.19992865998273,504107.85295633576,504107.85295633576
0.6,240.6872123607687,553054.009473727,553054.009473727
0.6,243.86978985460715,549090.3698711126,549090.3698711126
0.6,271.4539082792284,521939.8697576893,521939.8697576893
0.6,223.4861611518287,579961.1071823745,579961.1071823745
0.6,226.53351293936007,573472.0060253501,573472.0060253501
0.6,244.47731225199203,548494.4275068352,548494.4275068352
0.6,275.8435277770867,518373.06758228637,518373.06758228637
0.6,271.1240374840117,522681.30127083056,522681.30127083056
0.6,241.20417345255018,552348.3012606101,552348.3012606101
0.6,263.1101095339345,529357.4606444819,529357.4606444819
0.6,267.3780407360039,525601.35993927,525601.35993927
0.6,274.6187991833233,519365.85907738697,519365.85907738697
0.6,226.43562970023936,574175.0959879463,574175.0959879463
0.6,258.52388287920377,533928.599756721,533928.599756721
0.6,241.55347230044148,552066.7235281516,552066.7235281516
0.6,260.07859996312465,532271.397823327,532271.397823327
0.6,271.7631020767592,521830.8778153439,521830.8778153439
0.6,228.73163404064542,569492.5546363251,569492.5546363251
0.6,258.3051281559057,534134.6601064741,534134.6601064741
0.6,232.71874290122983,563651.7945744002,563651.7945744002
0.6,235.21492446038937,559293.9942295698,559293.9942295698
0.6,297.49956925793936,506233.1303242575,506233.1303242575
0.6,238.75157425409725,555435.3243057532,555435.3243057532
0.6,252.86121936609032,539719.4658008758,539719.4658008758
0.6,259.36207136416647,533201.2955433225,533201.2955433225
0.6,269.5326040026006,523942.56933117413,523942.56933117413
0.6,274.4636338367083,519536.43194451096,519536.43194451096
0.6,253.33422821737454,539215.4184503923,539215.4184503923
0.6,259.4208667266914,533089.8361355219,533089.8361355219
0.6,259.1063349272528,533388.9841167303,533388.9841167303
0.6,265.8569540239168,527185.7924695569,527185.7924695569
0.6,260.23792740968906,532198.7801941871,532198.7801941871
0.6,297.22435173954557,506277.5261937125,506277.5261937125
0.6,293.1338306307681,507846.1214175994,507846.1214175994
0.6,248.8512990116571,544036.0486614665,544036.0486614665
0.6,300.43247286948105,505268.5793426236,505268.5793426236
0.6,223.68626307315964,579129.9415803169,579129.9415803169
0.6,246.96536990373428,545644.9554720784,545644.9554720784
0.6,262.701729163268,529673.5910323302,529673.5910323302
0.6,294.8496978644711,507350.5789214774,507350.5789214774
0.6,244.79021211779434,548341.7767409036,548341.7767409036
0.6,270.77898023443544,522689.5199005904,522689.5199005904
0.6,249.74744386535775,542776.5860483905,542776.5860483905
0.6,257.4947708051181,534928.5871772855,534928.5871772855
0.6,234.35091475016145,560286.132558336,560286.132558336
0.6,238.48938983321642,555701.466442392,555701.466442392
0.6,262.4700894946939,529984.1388990481,529984.1388990481
0.6,233.14210443004222,562954.9412381605,562954.9412381605
0.6,297.03580211647227,506486.3643262788,506486.3643262788
0.6,250.63422246214773,542078.1102423257,542078.1102423257
0.6,253.02760005128528,539648.0185469383,539648.0185469383
0.6,293.3283131718709,507794.6390971901,507794.6390971901
0.6,229.35899396002836,568638.6306540873,568638.6306540873
0.6,287.5102761188153,510645.849950871,510645.849950871
0.6,285.9099387733686,511293.1392470216,511293.1392470216
0.6,244.95825426934758,547964.2910775959,547964.2910775959
0.6,285.00397481761496,511774.50140809175,511774.50140809175
0.6,269.17403613400694,524305.0386828576,524305.0386828576
0.6,283.4350118236035,512713.4900697936,512713.4900697936
0.6,251.01804300872064,541609.0043177828,541609.0043177828
0.6,255.27767267236496,537215.5763616357,537215.5763616357
0.6,289.5169226614104,509518.51411009027,509518.51411009027
0.6,246.45298500254216,546264.4453603532,546264.4453603532
0.6,274.0747387244025,519883.32030531263,519883.32030531263
0.6,224.22375843873724,578748.6369992158,578748.6369992158
0.6,230.45613723075874,567109.7674547759,567109.7674547759
0.6,265.1234316704438,527549.7997051658,527549.7997051658
0.6,261.486907779612,531172.8073127898,531172.8073127898
0.6,243.19512547552316,549902.02316025,549902.02316025
0.6,225.75391518996295,575181.0616009166,575181.0616009166
0.6,260.9732144663321,531434.7809413535,531434.7809413535
0.6,262.6611073688572,529971.718937296,529971.718937296
0.6,264.95488537608975,527678.7848017802,527678.7848017802
0.6,262.1563657971272,530524.0871273277,530524.0871273277
0.6,253.3898507377353,539109.5138787843,539109.5138787843
0.6,274.8996073104603,519311.20131693425,519311.20131693425
0.6,260.4478144777255,531913.4104853729,531913.4104853729
0.6,229.81792984720136,568248.4257481415,568248.4257481415
0.6,277.32741550242514,517422.7994645616,517422.7994645616
0.6,249.5094202782639,542912.3067676306,542912.3067676306
0.6,225.45503108336632,575622.287797863,575622.287797863
0.6,273.2279920270636,520448.29799035203,520448.29799035203
0.6,246.29480185641393,546334.8435516539,546334.8435516539
0.6,231.3570421519112,566002.9546660745,566002.9546660745
0.6,265.3119903326358,527479.53565393,527479.53565393
0.6,241.90272553620898,551302.5483162951,551302.5483162951
0.6,299.3009773692457,505652.81956171093,505652.81956171093
0.6,259.69127828521226,532924.9816599222,532924.9816599222
0.6,257.3278335162718,535045.517569006,535045.517569006
0.6,254.8012710115249,537638.3074005067,537638.3074005067
0.6,266.20880455477817,526793.1629460796,526793.1629460796
0.6,261.8188233093215,530545.2268535765,530545.2268535765
0.6,227.0275206819543,573034.2787003622,573034.2787003622
0.6,253.94941264138706,538484.5572151236,538484.5572151236
0.6,265.39419163725313,527294.2355073353,527294.2355073353
0.6,275.9925528159858,518343.02421855705,518343.02421855705
0.6,233.50683281766402,562021.7529481815,562021.7529481815
0.6,291.06779014123265,508852.2479297921,508852.2479297921
0.6,232.12065316017987,564544.5533490024,564544.5533490024
0.6,227.10919675875707,572596.1469430078,572596.1469430078
0.6,289.25975422763497,509698.0335639862,509698.0335639862
0.6,224.10750568015078,578836.614542932,578836.614542932
0.6,270.1850451280978,523375.65595185105,523375.65595185105
0.6,266.52450581596173,526369.504173763,526369.504173763
0.6,234.9479561956192,559400.1056882264,559400.1056882264
0.6,251.01656902967164,541744.9986409552,541744.9986409552
0.6,259.1018778385994,533539.6810336984,533539.6810336984
0.6,251.98823950869888,540648.118805709,540648.118805709
0.6,238.57939392086703,555462.6709797138,555462.6709797138
0.6,258.0642996375084,534270.5125466511,534270.5125466511
0.6,239.49070836691047,554499.4432802526,554499.4432802526
0.6,292.971994324642,508028.5155712839,508028.5155712839
0.6,289.46213913594585,509673.869356555,509673.869356555
0.6,292.2355945426197,508355.8311068287,508355.8311068287
0.6,239.67404622739855,554378.0219946231,554378.0219946231
0.6,273.68644139113184,520163.3121259258,520163.3121259258
0.6,236.88555208709906,557556.732771755,557556.732771755
0.6,231.44973979749182,565693.7046683268,565693.7046683268
0.6,295.42243399287275,506940.37813534576,506940.37813534576
0.6,276.6113051896935,517678.9476456088,517678.9476456088
0.6,258.4584674397505,534035.0179368424,534035.0179368424
0.6,256.865309775638,535689.8407935896,535689.8407935896
0.6,230.24772903958893,567403.8084943871,567403.8084943871
0.6,281.49924203398103,514204.88478412374,514204.88478412374
0.6,290.918686343473,509025.61866516795,509025.61866516795
0.6,257.93092691721324,534520.2583668117,534520.2583668117
0.6,231.2564334002778,566316.159971863,566316.159971863
0.6,254.18317411643991,538406.8563445434,538406.8563445434
0.6,269.0644955303647,524391.880885192,524391.880885192
0.6,240.95349688337765,552885.3774523983,552885.3774523983
0.6,306.04111505404154,503599.60945182276,503599.60945182276
0.6,247.22356629807845,545349.211182134,545349.211182134
0.6,245.23187510267715,547600.1339470509,547600.1339470509
0.6,303.6238311156256,504234.6032390882,504234.6032390882
0.6,268.7820216042178,524718.096922315,524718.096922315
0.6,244.54108701491907,548396.2794660646,548396.2794660646
0.6,306.75474904014686,503210.68685721204,503210.68685721204
0.6,228.59427486363668,569914.1255228142,569914.1255228142
0.6,275.4423819393303,518679.6146641684,518679.6146641684
0.6,297.1228640531413,506452.11731448455,506452.11731448455
0.6,231.56341995121906,565443.861110247,565443.861110247
0.6,289.88595456887197,509449.0893643201,509449.0893643201
0.6,251.11725612597007,541340.1229440266,541340.1229440266
0.6,288.0965193816602,510274.70968217996,510274.70968217996
0.6,280.1774818308136,515156.42009778594,515156.42009778594
0.6,244.9373159151321,547978.7867538453,547978.7867538453
0.6,243.34861475434184,549743.5451783077,549743.5451783077
0.6,299.76967868736386,505494.7766588888,505494.7766588888
0.6,272.2822252261015,521393.48765179433,521393.48765179433
0.6,272.71179603482733,521197.3141641663,521197.3141641663
0.6,292.1752115267985,508442.7728455438,508442.7728455438
0.6,254.55766605365525,537938.8357624344,537938.8357624344
0.6,281.2818898019915,514334.44339563505,514334.44339563505
0.6,263.74673992199985,528825.725703317,528825.725703317
0.6,243.627091085521,549584.27193298,549584.27193298
0.6,298.06884393545414,505975.88934803737,505975.88934803737
0.6,275.41557928807106,518830.7421437963,518830.7421437963
0.6,263.5364425673003,528922.5784307286,528922.5784307286
0.6,235.95635735993278,558519.9427473755,558519.9427473755
0.6,226.79285884490213,573402.7243559351,573402.7243559351
0.6,266.32707041321265,526726.4329379514,526726.4329379514
0.6,226.1070170820211,574618.836488561,574618.836488561
0.6,256.4091983607492,536150.9652478019,536150.9652478019
0.6,247.08501986193778,545424.8747266666,545424.8747266666
0.6,280.88867901566584,514665.4421005625,514665.4421005625
0.6,245.15467551757544,547678.066174924,547678.066174924
0.6,260.77938745909256,531733.1871921376,531733.1871921376
0.6,260.3620968991424,531964.327052763,531964.327052763
0.6,273.53261440340555,520333.6047013082,520333.6047013082
0.6,240.36016141122144,553459.2509394976,553459.2509394976
0.6,224.03438508281303,579090.4171032847,579090.4171032847
0.6,240.0718011849507,553649.0413609364,553649.0413609364
0.6,297.79350197931547,506212.2679960124,506212.2679960124
0.6,277.7610493284835,517066.8134787239,517066.8134787239
0.6,271.9612543098803,521809.3307413529,521809.3307413529
0.6,299.4785727835955,505516.8380193538,505516.8380193538
0.6,255.08621456469174,537476.8060817705,537476.8060817705
0.6,295.37860479543554,506965.8603914398,506965.8603914398
0.6,273.2901204258153,520420.1716335621,520420.1716335621
0.6,290.1313604493514,509351.70854130876,509351.70854130876
0.6,233.02486717004226,563333.2405930511,563333.2405930511
0.6,293.6061026651982,507775.2300442653,507775.2300442653
0.6,233.6460195837491,561928.0399150165,561928.0399150165
0.6,271.4140749248552,522157.1239942579,522157.1239942579
0.6,270.6654029535476,522890.20498543925,522890.20498543925
0.6,231.44973979749182,565693.7046683268,565693.7046683268
0.6,267.6064142843239,525594.4407362689,525594.4407362689
0.6,249.35110360953647,543052.0277129798,543052.0277129798
0.6,241.82949029469563,551506.3483210423,551506.3483210423
0.6,284.2624805033982,512293.1818371916,512293.1818371916
0.6,251.70234498792604,540943.2472561505,540943.2472561505
0.6,234.59376183409464,560019.3830492832,560019.3830492832
0.6,233.50243663767645,562237.3018212637,562237.3018212637
0.6,224.3868511212015,578298.8752649326,578298.8752649326
0.6,235.95635735993278,558519.9427473755,558519.9427473755
0.6,277.9070535736195,516812.7428074724,516812.7428074724
0.6,272.0815951928403,521519.9124420447,521519.9124420447
0.6,229.88243416763245,568104.1413609793,568104.1413609793
0.6,253.625730328716,539013.892993169,539013.892993169
0.6,251.12947848990478,541330.6225021277,541330.6225021277
0.6,284.66226918304824,512049.6560868722,512049.6560868722
0.6,230.42737168011095,567254.9517613254,567254.9517613254
0.6,263.9124669364586,528579.4491445774,528579.4491445774
0.6,238.579237543863,555698.3616918954,555698.3616918954
0.6,224.10155993887426,579067.2384395534,579067.2384395534
0.6,289.8242610089663,509517.3508418654,509517.3508418654
0.6,262.1869027151502,530415.2105462466,530415.2105462466
0.6,228.40387981140375,570191.234528654,570191.234528654
0.6,257.0837118739039,535372.5409842661,535372.5409842661
0.6,275.298506545608,518986.3478718543,518986.3478718543
0.6,233.089036750951,563180.3096956629,563180.3096956629
0.6,236.18052576005854,558402.7502200112,558402.7502200112
0.6,234.60232789155302,559831.229744907,559831.229744907
0.6,236.60806269646434,557788.0976760674,557788.0976760674
0.6,295.25061129355566,507122.8748699026,507122.8748699026
0.6,287.827862620517,510493.06364930596,510493.06364930596
0.6,271.12921920998474,522375.32885101275,522375.32885101275
0.6,272.1922513541315,521446.0979906105,521446.0979906105
0.6,284.06064256326096,512340.5665723376,512340.5665723376
0.6,231.88779993838227,565017.1632721275,565017.1632721275
0.6,223.0091176736737,581120.2198814795,581120.2198814795
0.6,224.35805193998291,578553.3576150103,578553.3576150103
0.6,236.66492735757532,557687.5020706204,557687.5020706204
0.6,234.9019174934243,559428.5844996313,559428.5844996313
0.6,255.86060852196283,536831.6450950403,536831.6450950403
0.6,251.12947848990478,541330.6225021277,541330.6225021277
0.6,270.71153137846755,522835.1384447118,522835.1384447118
0.6,277.97203624870536,516772.3780646653,516772.3780646653
0.6,255.73738762757375,536878.8176790085,536878.8176790085
0.6,268.9805142429556,524524.2950181857,524524.2950181857
0.6,243.6509919050283,549335.1990614587,549335.1990614587
0.6,292.5944499370372,508258.19609409577,508258.19609409577
0.6,250.6708528595014,541915.6770199658,541915.6770199658
0.6,272.4667579874733,521324.1400466949,521324.1400466949
0.6,272.4667579874733,521324.1400466949,521324.1400466949
0.6,233.34180173335355,562449.9515227432,562449.9515227432
0.6,279.02959028331287,516220.2398664979,516220.2398664979
0.6,265.70547909888364,527191.2626092092,527191.2626092092
0.6,225.68983784000332,575342.9575635223,575342.9575635223
0.6,228.54865488504188,569933.3314355472,569933.3314355472
0.6,281.77715804264244,514063.79892220197,514063.79892220197
0.6,239.18725631635243,554747.7148833636,554747.7148833636
0.6,229.0895002613842,568908.9993389838,568908.9993389838
0.6,264.2057751249736,528307.1730575215,528307.1730575215
0.6,245.39592273188333,547509.4295355664,547509.4295355664
0.6,225.5947263517741,575383.1551888917,575383.1551888917
0.6,246.80661150577598,545769.9680424364,545769.9680424364
0.6,240.0518220251411,553716.4193843601,553716.4193843601
0.6,264.9769444264046,527652.453087576,527652.453087576
0.6,279.183186101205,516006.38111123536,516006.38111123536
0.6,235.28185579638563,559110.2398421182,559110.2398421182
0.6,250.7714190559082,541803.1982867334,541803.1982867334
0.6,226.1070170820211,574618.836488561,574618.836488561
0.6,233.95042898973426,561239.7480278879,561239.7480278879
0.6,248.2031554812569,544618.7206463006,544618.7206463006
0.6,240.472798719779,553337.5481478693,553337.5481478693
0.6,287.64302517511896,510495.55232170573,510495.55232170573
0.6,258.0385446691874,534351.1253951709,534351.1253951709
0.6,233.95042898973426,561239.7480278879,561239.7480278879
0.6,283.0080003150505,513032.9964199749,513032.9964199749
0.6,257.73934172196783,534745.570912132,534745.570912132
0.6,230.64782113179623,566840.1301443365,566840.1301443365
0.6,275.11977232096405,519290.50080939976,519290.50080939976
0.6,233.14210443004222,562954.9412381605,562954.9412381605
0.6,245.4240839360143,547395.7316424625,547395.7316424625
0.6,277.12847914830127,517519.5726494135,517519.5726494135
0.6,292.86824645027764,508124.2209389726,508124.2209389726
0.6,254.31357482293836,538200.8983453037,538200.8983453037
0.6,233.09992660153122,563083.3839876276,563083.3839876276
0.6,282.88979467869035,513068.1353982867,513068.1353982867
0.6,253.68064237809742,538815.9974438736,538815.9974438736
0.6,257.09403416068955,535367.0164049825,535367.0164049825
0.6,257.8337085339441,534575.5777011305,534575.5777011305
0.6,231.60607007341696,565308.4951296991,565308.4951296991
0.6,229.94355185561793,567917.7939656202,567917.7939656202
0.6,224.41707528179583,578274.3976798817,578274.3976798817
0.6,281.26951666348253,514361.37852526095,514361.37852526095
0.6,229.9595868117357,567705.7468422308,567705.7468422308
0.6,255.5810073622572,537044.9814506737,537044.9814506737
0.6,240.84385787651678,553027.8909743491,553027.8909743491
0.6,287.92624107337855,510445.3018529184,510445.3018529184
0.6,226.2559475235832,574232.4952867257,574232.4952867257
0.6,240.1847628469512,553490.3227579114,553490.3227579114
0.6,275.30040129717776,518914.4634602608,518914.4634602608
0.6,291.9860939348924,508495.1953198053,508495.1953198053
0.6,270.5894927740245,523060.79953544226,523060.79953544226
0.6,293.6061026651982,507775.2300442653,507775.2300442653
0.6,275.1435448978122,519087.0319306159,519087.0319306159
0.6,239.67404622739855,554378.0219946231,554378.0219946231
0.6,245.15467551757544,547678.066174924,547678.066174924
0.6,265.36345522060276,527315.0115737614,527315.0115737614
0.6,262.701729163268,529673.5910323302,529673.5910323302
0.6,270.37525758992916,523147.89637983235,523147.89637983235
0.6,252.52863350608996,540219.1255462689,540219.1255462689
0.6,279.07473867466166,516119.42245160247,516119.42245160247
0.6,276.6113051896935,517678.9476456088,517678.9476456088
0.6,231.89911193685347,564874.4449582337,564874.4449582337
0.6,235.4203730103987,559069.5636792885,559069.5636792885
0.6,233.4860459658452,562339.21630044,562339.21630044
0.6,277.0492534431729,517597.6053123622,517597.6053123622
0.6,246.83912233840172,545752.2005130098,545752.2005130098
0.6,271.1327358593349,522372.3184082646,522372.3184082646
0.6,273.80272688474554,519941.19273198216,519941.19273198216
0.6,253.77234303482985,538733.0169556206,538733.0169556206
0.6,272.7853712590713,521177.1344356279,521177.1344356279
0.6,270.4104317773494,523119.5491125371,523119.5491125371
0.6,241.55347230044148,552066.7235281516,552066.7235281516
0.6,278.82810130281115,516331.6229445408,516331.6229445408
0.6,243.4865630764812,549655.8409226686,549655.8409226686
0.6,268.96968942197293,524607.4718851992,524607.4718851992
0.6,244.75193218316727,548362.8307219923,548362.8307219923
0.6,252.56514837266823,540034.9160946023,540034.9160946023
0.6,264.0909198254727,528549.1808769902,528549.1808769902
0.6,234.56235769397625,560125.7143651255,560125.7143651255
0.6,234.48365320766672,560182.1224097238,560182.1224097238
0.6,260.9732144663321,531434.7809413535,531434.7809413535
0.6,277.8859844351055,517019.94641154225,517019.94641154225
0.6,248.91292749517635,543889.0452156783,543889.0452156783
0.6,271.3589677753525,522191.74251068424,522191.74251068424
0.6,304.8405573633541,503854.1631934762,503854.1631934762
0.6,242.33647720430852,550971.9900553166,550971.9900553166
0.6,231.8385604286924,565133.2131493101,565133.2131493101
0.6,287.0295299799502,510871.8365405075,510871.8365405075
0.6,249.32810189079345,543077.6871059302,543077.6871059302
0.6,234.3637467244747,560280.3341047508,560280.3341047508
0.6,224.6768276120079,578164.7586386595,578164.7586386595
0.6,275.05433307573355,519300.7176316308,519300.7176316308
0.6,240.40285818108347,553340.4967239622,553340.4967239622
0.6,226.85049285388465,573290.847515712,573290.847515712
0.6,266.456338028425,526489.3946377332,526489.3946377332
0.6,275.1323339536103,519093.4724926389,519093.4724926389
0.6,254.28417065316023,538287.6715093199,538287.6715093199
0.6,242.33647720430852,550971.9900553166,550971.9900553166
0.6,269.94521371350885,523651.51437432005,523651.51437432005
0.6,302.8927294381377,504535.79127736826,504535.79127736826
0.6,277.196314110899,517458.6764238901,517458.6764238901
0.6,246.426264932749,546287.5735270099,546287.5735270099
0.6,269.96679156031144,523604.2656679043,523604.2656679043
0.6,252.53752795727732,540110.6263103613,540110.6263103613
0.6,243.4045677880336,549717.5310844495,549717.5310844495
0.6,241.44288584610314,552143.4496716515,552143.4496716515
0.6,299.20456118193965,505716.9202201228,505716.9202201228
0.6,241.84351355997245,551315.8528802602,551315.8528802602
0.6,306.4493758181185,503343.51218554354,503343.51218554354
0.6,232.94614945544265,563389.2732584842,563389.2732584842
0.6,243.7213519506632,549207.0677061591,549207.0677061591
0.6,263.86679233423143,528661.8674212471,528661.8674212471
0.6,254.26158206275255,538376.82475169,538376.82475169
0.6,260.77938745909256,531733.1871921376,531733.1871921376
0.6,278.90636931284183,516258.65301406744,516258.65301406744
0.6,241.34965815907094,552236.9193587,552236.9193587
0.6,224.8114681764227,578030.870320246,578030.870320246
0.6,284.8499731549443,511854.1043711002,511854.1043711002
0.6,224.6094705440657,578191.7580249315,578191.7580249315
0.6,270.37525758992916,523147.89637983235,523147.89637983235
0.6,247.10328750959798,545412.4556736348,545412.4556736348
0.6,256.8008925647973,535823.466545241,535823.466545241
0.6,224.3376968689229,578562.1729817112,578562.1729817112
0.6,273.4980856585014,520358.9091464294,520358.9091464294
0.6,243.5723981963631,549632.3416161449,549632.3416161449
0.6,240.472798719779,553337.5481478693,553337.5481478693
0.6,231.69970393205782,565273.6579595832,565273.6579595832
0.6,294.92763372986775,507318.6793639646,507318.6793639646
0.6,281.5522652961553,514181.5721176298,514181.5721176298
0.6,249.6182804644788,542832.8478125078,542832.8478125078
0.6,229.94355185561793,567917.7939656202,567917.7939656202
0.6,225.70347510607215,575189.3874903028,575189.3874903028
0.6,270.1685197396866,523384.47763721657,523384.47763721657
0.6,253.63141933786582,539010.551803573,539010.551803573
0.6,273.72277023697933,520095.2451552368,520095.2451552368
0.6,228.48376855803065,570105.5164713733,570105.5164713733
0.6,229.83389476823527,568142.1233413345,568142.1233413345
0.6,252.47605278889804,540311.7433060321,540311.7433060321
0.6,232.80688830279436,563565.555555199,563565.555555199
0.6,281.63669596025596,514132.9441201954,514132.9441201954
0.6,240.18571141592443,553489.9355960181,553489.9355960181
0.6,230.0191048086134,567667.1910834087,567667.1910834087
0.6,290.9209676057264,508968.03025998553,508968.03025998553
0.6,256.194115324596,536404.6886949285,536404.6886949285
0.6,243.70873810976968,549283.0148794344,549283.0148794344
0.6,226.8765102089683,573203.1218083882,573203.1218083882
0.6,232.0839684364056,564677.6339163958,564677.6339163958
0.6,233.71670290330687,561877.5678839462,561877.5678839462
0.6,227.0275206819543,573034.2787003622,573034.2787003622
0.6,232.92274501569773,563453.308963794,563453.308963794
0.6,225.0171600770629,577841.9899857139,577841.9899857139
0.6,236.08483642934058,558420.636684393,558420.636684393
0.6,225.0028060635538,577848.5706617564,577848.5706617564
0.6,272.00327195003445,521711.3778014426,521711.3778014426
0.6,304.6939306969714,503873.6860432865,503873.6860432865
0.6,224.82855403401837,577866.4128625664,577866.4128625664
0.6,295.25061129355566,507122.8748699026,507122.8748699026
0.6,229.04203620541688,568979.5811712255,568979.5811712255
0.6,236.66492735757532,557687.5020706204,557687.5020706204
0.6,266.5116983188978,526370.3925769365,526370.3925769365
0.6,248.31184215829757,544445.993628494,544445.993628494
0.6,283.3830398870941,512774.108604921,512774.108604921
0.6,239.3896646957407,554678.9378970966,554678.9378970966
0.6,241.34965815907094,552236.9193587,552236.9193587
0.6,224.83530429868802,577865.7140959733,577865.7140959733
0.6,226.12839646190173,574459.9752359195,574459.9752359195
0.6,241.42505402133327,552163.2547792906,552163.2547792906
0.6,229.03129891341683,569038.581317774,569038.581317774
0.6,234.9019174934243,559428.5844996313,559428.5844996313
0.6,239.6004225159438,554454.0438739379,554454.0438739379
0.6,262.1869027151502,530415.2105462466,530415.2105462466
0.6,298.0654649361645,506086.8586792314,506086.8586792314
0.6,232.83347009065744,563473.480901843,563473.480901843
0.6,255.646308098036,536934.33654454,536934.33654454
0.6,253.87497445518386,538717.3279504445,538717.3279504445
0.6,239.35439654773847,554714.497058378,554714.497058378
0.6,266.4284321404867,526517.644074196,526517.644074196
0.6,264.32380928664594,528296.4621725383,528296.4621725383
0.6,224.72873571712066,578075.0915065946,578075.0915065946
0.6,255.629146050044,536950.7572257041,536950.7572257041
0.6,288.81131371368963,510046.9194807472,510046.9194807472
0.6,235.30480180434805,559092.9524461887,559092.9524461887
0.6,248.91292749517635,543889.0452156783,543889.0452156783
0.6,248.4267568643109,544367.959516365,544367.959516365
0.6,287.53250489150815,510632.9751479139,510632.9751479139
0.6,253.6961883212554,538799.090100881,538799.090100881
0.6,232.76798091315865,563609.2102865763,563609.2102865763
0.6,256.2619276606727,536261.0661042219,536261.0661042219
0.6,229.03129891341683,569038.581317774,569038.581317774
0.6,254.52835424327833,538026.7113378713,538026.7113378713
0.6,257.25648783573763,535161.1167250068,535161.1167250068
0.6,230.35116269209323,567335.6991969623,567335.6991969623
0.6,256.194115324596,536404.6886949285,536404.6886949285
0.6,278.32183770682127,516427.81008647324,516427.81008647324
0.6,231.98563105942304,564852.939724029,564852.939724029
0.6,230.25972852209557,567382.4069555388,567382.4069555388
0.6,277.8545675472705,517061.7599216292,517061.7599216292
0.6,264.199889776485,528471.0873314051,528471.0873314051
0.6,266.4017572876735,526610.9090959043,526610.9090959043
0.6,257.65846617918737,534821.1587709968,534821.1587709968
0.6,269.8646024416018,523731.73373958544,523731.73373958544
0.6,286.9807747769168,510900.6169812281,510900.6169812281
0.6,242.43652206918034,550890.7359175405,550890.7359175405
0.6,226.9628312396771,573202.9704026548,573202.9704026548
0.6,236.60806269646434,557788.0976760674,557788.0976760674
0.6,298.0010806121567,506089.9194567506,506089.9194567506
0.6,294.9913333186369,507246.1462113599,507246.1462113599
0.6,277.2657841950947,517427.0170145516,517427.0170145516
0.6,281.70075706321205,514124.32074550714,514124.32074550714
0.6,286.9009528345748,510912.2119147994,510912.2119147994
0.6,249.6182804644788,542832.8478125078,542832.8478125078
0.6,304.8176159643676,503859.05775998277,503859.05775998277
0.6,251.7756861963796,540917.3843917901,540917.3843917901
0.6,306.05149743423965,503595.39841326623,503595.39841326623
0.6,256.22754841969027,536292.0986260034,536292.0986260034
0.6,244.9373159151321,547978.7867538453,547978.7867538453
0.6,263.8065310033143,528805.3436474749,528805.3436474749
0.6,288.79553049580517,510066.4995228172,510066.4995228172
0.6,270.56893905895123,523084.34036176663,523084.34036176663
0.6,227.01487328401987,573148.1475395816,573148.1475395816
0.6,248.38709055907378,544406.8082953598,544406.8082953598
0.6,265.72290544878814,527188.3922428315,527188.3922428315
0.6,273.7532558881941,520026.7156279827,520026.7156279827
0.6,257.84158365093595,534572.0488636702,534572.0488636702
0.6,278.88776104844976,516297.49708619766,516297.49708619766
0.6,282.8941375430626,513054.45871324005,513054.45871324005
0.6,297.83956095468915,506202.73131270264,506202.73131270264
0.6,224.6094705440657,578191.7580249315,578191.7580249315
0.6,234.60232789155302,559831.229744907,559831.229744907
0.6,232.0198071361823,564768.8439656078,564768.8439656078
0.6,279.114782655717,516042.318471151,516042.318471151
0.6,226.83728964232014,573392.8140182212,573392.8140182212
0.6,260.71638288289506,531763.7707628977,531763.7707628977
0.6,290.1737248914726,509343.6879033043,509343.6879033043
0.6,227.11023455452946,572592.7697512987,572592.7697512987
0.6,266.4017572876735,526610.9090959043,526610.9090959043
0.6,245.40894138524607,547476.4776173113,547476.4776173113
0.6,264.11248430895375,528526.9301205995,528526.9301205995
0.6,236.08483642934058,558420.636684393,558420.636684393
0.6,264.19960547828174,528512.0410105836,528512.0410105836
0.6,268.87172404715704,524671.7693593615,524671.7693593615
0.6,236.92562741324616,557516.2295302027,557516.2295302027
0.6,231.71829016973035,565212.6158353009,565212.6158353009
0.6,287.5885046159038,510549.37352594116,510549.37352594116
0.6,256.2619276606727,536261.0661042219,536261.0661042219
0.6,294.979156389684,507252.8070364641,507252.8070364641
0.6,281.73520412152044,514066.5176099249,514066.5176099249
0.6,260.36546886553714,531962.3616144396,531962.3616144396
0.6,226.12839646190173,574459.9752359195,574459.9752359195
0.6,257.7223914638588,534751.9718709489,534751.9718709489
0.6,234.49796131372773,560169.2864207427,560169.2864207427
0.6,243.7213519506632,549207.0677061591,549207.0677061591
0.6,248.2415046124227,544545.1963656753,544545.1963656753
0.6,231.30960708250157,566098.4936369341,566098.4936369341
0.6,232.0839684364056,564677.6339163958,564677.6339163958
0.6,263.83425322623964,528720.4819769752,528720.4819769752
0.6,232.0198071361823,564768.8439656078,564768.8439656078
0.6,224.76277541881745,578073.458277908,578073.458277908
0.6,231.30703172005127,566191.1046094445,566191.1046094445
0.6,273.77159817799605,519993.7746576931,519993.7746576931
0.6,269.8596273979597,523733.6618056202,523733.6618056202
0.6,240.95349688337765,552885.3774523983,552885.3774523983
0.6,229.8214619402114,568245.7578878268,568245.7578878268
0.6,302.84020509430394,504536.1844095575,504536.1844095575
0.6,257.25648783573763,535161.1167250068,535161.1167250068
0.6,265.70547909888364,527191.2626092092,527191.2626092092
0.6,257.65846617918737,534821.1587709968,534821.1587709968
0.6,288.09367923208913,510361.94539032987,510361.94539032987
0.6,230.35116269209323,567335.6991969623,567335.6991969623
0.6,288.01779102033817,510404.7934254747,510404.7934254747
0.6,224.3376968689229,578562.1729817112,578562.1729817112
0.6,246.80661150577598,545769.9680424364,545769.9680424364
0.6,239.3896646957407,554678.9378970966,554678.9378970966
0.6,272.0115153801543,521668.0581047605,521668.0581047605
0.6,254.53660744540755,537981.9166688031,537981.9166688031
0.6,239.6004225159438,554454.0438739379,554454.0438739379
0.6,288.07597834773935,510374.2928962753,510374.2928962753
0.6,252.36354160978914,540343.5771736854,540343.5771736854
0.6,263.8077490748214,528730.6972187477,528730.6972187477
0.6,248.21179652477258,544570.7745997581,544570.7745997581
0.6,297.03580211647227,506486.3643262788,506486.3643262788
0.6,225.47693638610593,575596.9088653135,575596.9088653135
0.6,287.5885046159038,510549.37352594116,510549.37352594116
0.6,306.4493758181185,503343.51218554354,503343.51218554354
0.6,250.7714190559082,541803.1982867334,541803.1982867334
0.6,250.7200061138126,541857.8920778965,541857.8920778965
0.6,294.8586591668824,507340.8548799097,507340.8548799097
0.6,227.0087585920424,573167.086927206,573167.086927206
0.6,225.5947263517741,575383.1551888917,575383.1551888917
0.6,250.72087580156682,541857.2083695407,541857.2083695407
0.6,224.03438508281303,579090.4171032847,579090.4171032847
0.6,231.27362948142505,566232.7975656819,566232.7975656819
0.6,256.8008925647973,535823.466545241,535823.466545241
0.6,233.48901572778013,562335.5268278661,562335.5268278661
0.6,279.1456433926043,516041.91604872985,516041.91604872985
0.6,277.7610493284835,517066.8134787239,517066.8134787239
0.6,222.274102816692,582690.3948300814,582690.3948300814
0.6,285.0022595381078,511784.2900383811,511784.2900383811
0.6,289.8841246843157,509504.02962682204,509504.02962682204
0.6,288.01779102033817,510404.7934254747,510404.7934254747
0.6,251.71641157326692,540937.8485537961,540937.8485537961
0.6,228.44166987147872,570140.2439461855,570140.2439461855
0.6,233.71670290330687,561877.5678839462,561877.5678839462
0.6,258.05577526764455,534324.1492279723,534324.1492279723
0.6,231.3453199221961,566062.5655597346,566062.5655597346
0.6,248.2415046124227,544545.1963656753,544545.1963656753
0.6,299.51443890611677,505508.1988795352,505508.1988795352
0.6,272.727226907818,521192.87766515714,521192.87766515714
0.6,263.5234047190557,528982.2850419288,528982.2850419288
0.6,240.86002547227633,552949.4772930408,552949.4772930408
0.6,228.41093032503252,570177.186416595,570177.186416595
0.6,240.86899287607116,552945.8918925108,552945.8918925108
0.6,273.7943236282642,519943.4738607895,519943.4738607895
0.6,252.47605278889804,540311.7433060321,540311.7433060321
0.6,227.10919675875707,572596.1469430078,572596.1469430078
0.6,228.48376855803065,570105.5164713733,570105.5164713733
0.6,242.3964690143496,550906.0062081453,550906.0062081453
0.6,253.89079303998355,538671.2247507016,538671.2247507016
0.6,267.6064142843239,525594.4407362689,525594.4407362689
0.6,248.41203169435005,544373.6952720489,544373.6952720489
0.6,253.89079303998355,538671.2247507016,538671.2247507016
0.6,243.6509919050283,549335.1990614587,549335.1990614587
0.6,228.45484745214455,570124.5491704991,570124.5491704991
0.6,231.27566099064654,566231.514147643,566231.514147643
0.6,230.62127261440943,566854.4510913175,566854.4510913175
0.6,257.6709405034304,534812.4641215507,534812.4641215507
0.6,273.4980856585014,520358.9091464294,520358.9091464294
0.6,289.85507167923225,509515.68312489596,509515.68312489596
0.6,241.85677490001132,551315.1283892256,551315.1283892256
0.6,231.73594688281236,565171.4024024563,565171.4024024563
0.6,240.86899287607116,552945.8918925108,552945.8918925108
0.6,231.76939893619638,565137.7777535259,565137.7777535259
0.6,225.0171600770629,577841.9899857139,577841.9899857139
0.6,240.4724488823542,553337.9396519933,553337.9396519933
0.6,242.3964690143496,550906.0062081453,550906.0062081453
0.6,263.5234047190557,528982.2850419288,528982.2850419288
0.6,231.76548039402178,565141.1916118788,565141.1916118788
0.6,228.40387981140375,570191.234528654,570191.234528654
0.6,227.11023455452946,572592.7697512987,572592.7697512987
0.6,256.23555940784115,536289.9316298816,536289.9316298816
0.6,239.35439654773847,554714.497058378,554714.497058378
0.6,277.8859844351055,517019.94641154225,517019.94641154225
0.6,230.62127261440943,566854.4510913175,566854.4510913175
0.6,224.8114681764227,578030.870320246,578030.870320246
0.6,273.5086532381883,520350.6889763821,520350.6889763821
0.6,257.6709405034304,534812.4641215507,534812.4641215507
0.6,244.76139136901952,548361.7588402372,548361.7588402372
0.6,292.87739679537447,508104.648285975,508104.648285975
0.6,248.32929602553162,544444.7880401562,544444.7880401562
0.6,248.32929602553162,544444.7880401562,544444.7880401562
0.6,270.56893905895123,523084.34036176663,523084.34036176663
0.6,231.98563105942304,564852.939724029,564852.939724029
0.6,229.9595868117357,567705.7468422308,567705.7468422308
0.6,242.4081798192652,550897.1491842775,550897.1491842775
0.6,224.4140381344823,578276.7888880185,578276.7888880185
0.6,262.6611073688572,529971.718937296,529971.718937296
0.6,239.38589671325263,554699.1608754206,554699.1608754206
0.6,292.87739679537447,508104.648285975,508104.648285975
0.6,253.63141933786582,539010.551803573,539010.551803573
0.6,246.82790485279747,545767.3311562048,545767.3311562048
0.6,306.73458635027924,503214.4666253738,503214.4666253738
0.6,290.1463527910569,509350.9219580018,509350.9219580018
0.6,231.3453199221961,566062.5655597346,566062.5655597346
0.6,231.73594688281236,565171.4024024563,565171.4024024563
0.6,264.199889776485,528471.0873314051,528471.0873314051
0.6,232.83347009065744,563473.480901843,563473.480901843
0.6,258.0453385686506,534346.6264891708,534346.6264891708
0.6,270.58889566853634,523082.95602108387,523082.95602108387
0.6,231.30703172005127,566191.1046094445,566191.1046094445
0.6,252.36354160978914,540343.5771736854,540343.5771736854
0.6,231.30960708250157,566098.4936369341,566098.4936369341
0.6,248.2031554812569,544618.7206463006,544618.7206463006
0.6,306.73458635027924,503214.4666253738,503214.4666253738
0.6,245.4240839360143,547395.7316424625,547395.7316424625
0.6,226.83728964232014,573392.8140182212,573392.8140182212
0.6,225.70347510607215,575189.3874903028,575189.3874903028
0.6,225.0125644737784,577844.1768883081,577844.1768883081
0.6,239.38589671325263,554699.1608754206,554699.1608754206
0.6,240.86002547227633,552949.4772930408,552949.4772930408
0.6,233.48901572778013,562335.5268278661,562335.5268278661
0.6,306.04111505404154,503599.60945182276,503599.60945182276
0.6,231.76939893619638,565137.7777535259,565137.7777535259
0.6,240.4724488823542,553337.9396519933,553337.9396519933
0.6,234.60232789155302,559831.229744907,559831.229744907
0.6,248.32929602553162,544444.7880401562,544444.7880401562
0.6,227.10919675875707,572596.1469430078,572596.1469430078
0.6,231.73594688281236,565171.4024024563,565171.4024024563
0.6,233.95042898973426,561239.7480278879,561239.7480278879
0.6,229.03129891341683,569038.581317774,569038.581317774
0.6,273.4980856585014,520358.9091464294,520358.9091464294
0.6,257.65846617918737,534821.1587709968,534821.1587709968
0.6,231.3453199221961,566062.5655597346,566062.5655597346
0.6,267.6064142843239,525594.4407362689,525594.4407362689
0.6,253.63141933786582,539010.551803573,539010.551803573
0.6,273.4980856585014,520358.9091464294,520358.9091464294
0.6,270.37525758992916,523147.89637983235,523147.89637983235
0.6,240.472798719779,553337.5481478693,553337.5481478693
0.6,302.62434286902095,504560.7126076234,504560.7126076234
0.6,275.64820468538556,518662.78087856004,518662.78087856004
0.6,224.61905846975793,578185.679075463,578185.679075463
0.6,285.95339138495586,511265.273014011,511265.273014011
0.6,266.860960372893,526144.1911591538,526144.1911591538
0.6,265.1104795229416,527579.4275871079,527579.4275871079
0.6,297.8794316015255,506131.8794281231,506131.8794281231
0.6,278.82810130281115,516331.6229445408,516331.6229445408
0.6,225.1383411698464,576116.4635645685,576116.4635645685
0.6,240.91993842026275,552929.4577835579,552929.4577835579
0.6,245.5903165436315,547272.7801060043,547272.7801060043
0.6,229.21177694255243,568692.4996452886,568692.4996452886
0.6,239.97257217284383,553833.4608392657,553833.4608392657
0.6,263.3195265308164,529174.0504697303,529174.0504697303
0.6,264.63417817268066,528012.2618185827,528012.2618185827
0.6,276.7028122927981,517599.182700298,517599.182700298
0.6,272.0303799145902,521618.4796047473,521618.4796047473
0.6,299.5573583296396,505498.4582484972,505498.4582484972
0.6,242.59342626118365,550421.4536950263,550421.4536950263
0.6,295.02757036738944,507156.2050997093,507156.2050997093
0.6,306.9236490105683,503193.1287523201,503193.1287523201
0.6,240.32959009018342,553473.9375190532,553473.9375190532
0.6,302.149062897162,504594.82190364273,504594.82190364273
0.6,269.5419844272288,523752.40796410723,523752.40796410723
0.6,246.68640908903836,546023.413566652,546023.413566652
0.6,269.17403613400694,524305.0386828576,524305.0386828576
0.6,274.7077676960462,519338.68315781094,519338.68315781094
0.6,249.62943928501164,542829.5862774445,542829.5862774445
0.6,279.9763850937454,515216.69914277166,515216.69914277166
0.6,268.2415457398398,525051.3805920116,525051.3805920116
0.6,295.7116576707414,506790.9296547066,506790.9296547066
0.6,268.873990762876,524666.2563423461,524666.2563423461
0.6,252.14791589376568,540349.3616373477,540349.3616373477
0.6,288.82603795965935,510009.35708868544,510009.35708868544
0.6,290.9746264255892,508893.0516107001,508893.0516107001
0.6,283.9000556513776,512499.4479348298,512499.4479348298
0.6,295.37860479543554,506965.8603914398,506965.8603914398
0.6,254.42340485411214,538090.2200147389,538090.2200147389
0.6,278.22765658999657,516651.0207173428,516651.0207173428
0.6,228.83967873078447,569206.6981401688,569206.6981401688
0.6,289.19889451632633,509764.1124903528,509764.1124903528
0.6,283.6344576948637,512650.84360235836,512650.84360235836
0.6,279.3841134169367,515720.6227317058,515720.6227317058
0.6,301.82847950934706,504668.86303006357,504668.86303006357
0.6,300.5207806165557,505239.1276220018,505239.1276220018
0.6,229.55674383095695,568284.8758522992,568284.8758522992
0.6,285.2479095900058,511625.1079078844,511625.1079078844
0.6,255.522568109071,537117.799562253,537117.799562253
0.6,269.9925101424874,523497.58117742324,523497.58117742324
0.6,280.8920536157625,514663.1806092671,514663.1806092671
0.6,290.1917778910498,509315.41076252144,509315.41076252144
0.6,241.68893102163716,551973.3458527658,551973.3458527658
0.6,272.4667579874733,521324.1400466949,521324.1400466949
0.6,226.15308002292966,574335.8406063031,574335.8406063031
0.6,284.18443046291173,512315.72415434674,512315.72415434674
0.6,226.48320944938231,573757.810674637,573757.810674637
0.6,243.1771418340605,550044.5573516195,550044.5573516195
0.6,259.7198667155566,532788.6697072893,532788.6697072893
0.6,264.6494401647262,527820.8290615481,527820.8290615481
0.6,290.569201503745,509104.5043676648,509104.5043676648
0.6,252.5674259873165,539966.0542567344,539966.0542567344
0.6,241.55347230044148,552066.7235281516,552066.7235281516
0.6,252.0876160401149,540492.2610078604,540492.2610078604
0.6,259.1063349272528,533388.9841167303,533388.9841167303
0.6,249.14649119164923,543374.2739108023,543374.2739108023
0.6,284.52052262233474,512117.4810231753,512117.4810231753
0.6,293.633029191002,507708.767126619,507708.767126619
0.6,292.1180306697388,508490.921531764,508490.921531764
0.6,285.68255000094985,511439.0498056482,511439.0498056482
0.6,304.2885005196394,503971.7785637319,503971.7785637319
0.6,276.21562313257175,518217.8057419742,518217.8057419742
0.6,263.58731274530123,528921.2836172206,528921.2836172206
0.6,294.2950161492403,507438.2578724576,507438.2578724576
0.6,239.49070836691047,554499.4432802526,554499.4432802526
0.6,260.7049845284794,531804.6106721037,531804.6106721037
0.6,289.4795211643377,509672.69715322834,509672.69715322834
0.6,289.68123520922,509517.75254706055,509517.75254706055
0.6,246.83838321975978,545754.3689630686,545754.3689630686
0.6,261.75023149100855,530588.0352876981,530588.0352876981
0.6,262.186318274487,530446.6870748701,530446.6870748701
0.6,306.6795429547935,503229.0899812161,503229.0899812161
0.6,274.7077676960462,519338.68315781094,519338.68315781094
0.6,234.1190374246706,560559.1237390942,560559.1237390942
0.6,233.76283062322412,561743.039510821,561743.039510821
0.6,254.69159134033296,537744.534871618,537744.534871618
0.6,248.5300693778647,544132.6993208332,544132.6993208332
0.6,224.61905846975793,578185.679075463,578185.679075463
0.6,262.7066553849316,529631.7995818821,529631.7995818821
0.6,263.5234047190557,528982.2850419288,528982.2850419288
0.6,278.9514446190112,516250.2614414745,516250.2614414745
0.6,276.5769047593053,517928.1043406448,517928.1043406448
0.6,237.36034293523778,556805.4436885738,556805.4436885738
0.6,242.98146361475438,550071.5305038221,550071.5305038221
0.6,267.00574942916,525980.0747379763,525980.0747379763
0.6,278.7198209694469,516369.5945205391,516369.5945205391
0.6,258.4525640099486,534038.1096176734,534038.1096176734
0.6,279.260117301309,515805.57105880964,515805.57105880964
0.6,284.761331959951,511889.91364258586,511889.91364258586
0.6,259.36207136416647,533201.2955433225,533201.2955433225
0.6,256.8948266548097,535439.1449815684,535439.1449815684
0.6,256.501281390267,535841.3001685261,535841.3001685261
0.6,260.9964193440709,531365.404039093,531365.404039093
0.6,280.2857571419787,514805.07763921685,514805.07763921685
0.6,242.1584798613727,551139.8273502094,551139.8273502094
0.6,257.25648783573763,535161.1167250068,535161.1167250068
0.6,273.65284146228646,520203.61889272375,520203.61889272375
0.6,300.98393915037803,504954.89144358743,504954.89144358743
0.6,272.8355805003801,520941.1200879014,520941.1200879014
0.6,288.87539475572174,509849.2737477184,509849.2737477184
0.6,242.9088290526328,550165.8949705133,550165.8949705133
0.6,277.96480647344333,516776.23576946964,516776.23576946964
0.6,232.24822665631226,564347.0436771319,564347.0436771319
0.6,268.5379037917389,524817.1190389099,524817.1190389099
0.6,225.13458863561658,576143.8269541189,576143.8269541189
0.6,266.4284321404867,526517.644074196,526517.644074196
0.6,287.0826672535498,510754.3140350452,510754.3140350452
0.6,262.82423305413494,529550.8477517946,529550.8477517946
0.6,286.8630745721022,510947.7868626697,510947.7868626697
0.6,276.30849332491186,518076.14943054353,518076.14943054353
0.6,230.55966261211645,566878.9178914474,566878.9178914474
0.6,283.4350118236035,512713.4900697936,512713.4900697936
0.6,300.5903623395215,505116.48661483295,505116.48661483295
0.6,238.579237543863,555698.3616918954,555698.3616918954
0.6,266.77116951540495,526184.8302504295,526184.8302504295
0.6,226.28560580139902,574176.733491506,574176.733491506
0.6,240.6872123607687,553054.009473727,553054.009473727
0.6,286.21039747104896,511047.2521354615,511047.2521354615
0.6,306.2084925587118,503425.90426999226,503425.90426999226
0.6,293.10607853994566,507857.2901967241,507857.2901967241
0.6,281.80154119095164,513564.301423289,513564.301423289
0.6,282.7906388747286,513123.5168580454,513123.5168580454
0.6,287.1123435686387,510710.9662826984,510710.9662826984
0.6,253.16304327778693,539403.2117532336,539403.2117532336
0.6,266.72998318716196,526351.0863513964,526351.0863513964
0.6,253.2373634873988,539260.1782232564,539260.1782232564
0.6,261.2606263220352,531182.7969342814,531182.7969342814
0.6,242.45354881006062,550538.567481815,550538.567481815
0.6,235.42976960165458,558943.675187631,558943.675187631
0.6,257.1664835870244,535183.9692643898,535183.9692643898
0.6,244.01420221301012,548931.4927676406,548931.4927676406
0.6,288.9552960409981,509787.80300753255,509787.80300753255
0.6,290.2787456558106,509231.4050122344,509231.4050122344
0.6,227.17400837896596,572452.9989677416,572452.9989677416
0.6,236.88555208709906,557556.732771755,557556.732771755
0.6,285.52143206374797,511487.1264482234,511487.1264482234
0.6,239.77978733990645,553982.8583101544,553982.8583101544
0.6,277.3597710004591,517094.06545602845,517094.06545602845
0.6,273.92334289059596,519900.1612781584,519900.1612781584
0.6,251.08488889516553,541379.7555176829,541379.7555176829
0.6,282.29686812448733,513168.72586032335,513168.72586032335
0.6,233.95010104135045,561239.9888927309,561239.9888927309
0.6,243.62931957646316,549355.3408464415,549355.3408464415
0.6,234.9870285941122,559381.5382296988,559381.5382296988
0.6,286.0143627160773,511260.5875850187,511260.5875850187
0.6,225.4997185514726,575399.5772037501,575399.5772037501
0.6,250.09219498616534,542429.7912508947,542429.7912508947
0.6,244.1541087924432,548564.7384537834,548564.7384537834
0.6,234.26877040060535,560440.2670840223,560440.2670840223
0.6,260.24591916695056,532179.2020158059,532179.2020158059
0.6,258.82139431023165,533543.4906714595,533543.4906714595
0.6,275.7219448562705,518498.05863737204,518498.05863737204
0.6,299.02792157240486,505722.89370085346,505722.89370085346
0.6,291.11388542940165,508777.21927074593,508777.21927074593
0.6,228.59427486363668,569914.1255228142,569914.1255228142
0.6,306.07415204798247,503428.4105597671,503428.4105597671
0.6,277.33420038345713,517259.79883033177,517259.79883033177
0.6,259.8356818185167,532742.7032095774,532742.7032095774
0.6,243.18447194078618,549993.3619292695,549993.3619292695
0.6,227.21097459517875,571756.3707197699,571756.3707197699
0.6,284.6519170923322,512071.00802811794,512071.00802811794
0.6,285.4902294638708,511596.0761427896,511596.0761427896
0.6,228.69168047845318,569554.6705846183,569554.6705846183
0.6,255.35446484908834,537128.4590167383,537128.4590167383
0.6,259.1399313038519,533359.56163742,533359.56163742
0.6,264.3724024690762,528284.8967109172,528284.8967109172
0.6,249.63736112816488,542806.590726804,542806.590726804
0.6,246.90828702472552,545724.3464013296,545724.3464013296
0.6,306.3188410533461,503411.22675589623,503411.22675589623
0.6,235.73177456582647,558584.1884417994,558584.1884417994
0.6,264.54017141085905,528018.354882082,528018.354882082
0.6,230.02646871727453,567635.0828169107,567635.0828169107
0.6,274.19768014452956,519851.31854175497,519851.31854175497
0.6,303.68253550706027,504214.4259779814,504214.4259779814
0.6,288.2698753305302,510093.9377667204,510093.9377667204
0.6,230.20831966157766,567500.8246249523,567500.8246249523
0.6,279.496893765948,515561.1539629557,515561.1539629557
0.6,260.00963806389353,532595.9416731284,532595.9416731284
0.6,231.22586395699054,566590.619794663,566590.619794663
0.6,284.442949057333,512147.4531164881,512147.4531164881
0.6,245.8812957734048,546729.3473818079,546729.3473818079
0.6,275.3379412676216,518845.5792170154,518845.5792170154
0.6,251.7987221519783,540748.9849006222,540748.9849006222
0.6,290.90437642008465,509089.2329068082,509089.2329068082
0.6,229.88243416763245,568104.1413609793,568104.1413609793
0.6,223.0091176736737,581120.2198814795,581120.2198814795
0.6,242.19746928197156,551114.5434362527,551114.5434362527
0.6,253.9224985011096,538599.1012628439,538599.1012628439
0.6,274.2724375102998,519676.9940821289,519676.9940821289
0.6,269.5326040026006,523942.56933117413,523942.56933117413
0.6,248.9535539311143,543391.131613436,543391.131613436
0.6,284.52052262233474,512117.4810231753,512117.4810231753
0.6,231.59108667310932,565438.9750270983,565438.9750270983
0.6,274.7077676960462,519338.68315781094,519338.68315781094
0.6,235.0661268538499,559299.2520824701,559299.2520824701
0.6,306.4529439974334,503233.316852996,503233.316852996
0.6,270.7702092261524,522692.5388234937,522692.5388234937
0.6,292.6276273331846,508124.9120710717,508124.9120710717
0.6,264.52349039572533,528107.6286710311,528107.6286710311
0.6,295.9981878052074,506588.5385046924,506588.5385046924
0.6,254.91779355899016,537583.7792302982,537583.7792302982
0.6,271.20478071396315,522337.617943936,522337.617943936
0.6,298.3343398880228,505969.6048069229,505969.6048069229
0.6,285.8363845602563,511343.77616019343,511343.77616019343
0.6,292.1752115267985,508442.7728455438,508442.7728455438
0.6,302.5883422211641,504586.5271292054,504586.5271292054
0.6,284.9599717139425,511827.06270364276,511827.06270364276
0.6,266.52450581596173,526369.504173763,526369.504173763
0.6,302.9059264542181,504352.49540046405,504352.49540046405
0.6,275.46140864693535,518675.8819668052,518675.8819668052
0.6,293.84767460007913,507569.9985143412,507569.9985143412
0.6,304.4898335279058,503890.3517495043,503890.3517495043
0.6,224.3624992307912,578351.4752425126,578351.4752425126
0.6,294.1799650958896,507452.3667629138,507452.3667629138
0.6,292.47520658849544,508261.3952483039,508261.3952483039
0.6,288.73345029628007,510077.1114852793,510077.1114852793
0.6,226.43562970023936,574175.0959879463,574175.0959879463
0.6,280.90949048983737,514371.9885265534,514371.9885265534
0.6,301.1977662571754,504808.97965950746,504808.97965950746
0.6,306.05327092744176,503444.90872669814,503444.90872669814
0.6,236.93552815766867,557193.57033224,557193.57033224
0.6,251.46511922089095,541034.1368517564,541034.1368517564
0.6,254.7977942851987,537641.7824756624,537641.7824756624
0.6,240.18571141592443,553489.9355960181,553489.9355960181
0.6,267.00574942916,525980.0747379763,525980.0747379763
0.6,255.8885900304678,536470.1305229308,536470.1305229308
0.6,283.9132568476139,512353.81526938843,512353.81526938843
0.6,292.9094829331227,508057.1862304237,508057.1862304237
0.6,248.88629225626875,543890.4786099205,543890.4786099205
0.6,255.10573316283694,537264.0106198274,537264.0106198274
0.6,286.0143627160773,511260.5875850187,511260.5875850187
0.6,263.3320495489813,528983.5424638018,528983.5424638018
0.6,223.4857430722347,580497.2972207717,580497.2972207717
0.6,299.3414151703932,505650.65438785264,505650.65438785264
0.6,300.43247286948105,505268.5793426236,505268.5793426236
0.6,236.58163576777017,557811.4318804522,557811.4318804522
0.6,271.30440129456474,522287.0507431507,522287.0507431507
0.6,273.80272688474554,519941.19273198216,519941.19273198216
0.6,233.91394296558235,561402.5945253923,561402.5945253923
0.6,283.052785260256,512785.62667477725,512785.62667477725
0.6,278.32183770682127,516427.81008647324,516427.81008647324
0.6,241.57382125761927,551997.8302833042,551997.8302833042
0.6,299.29380111157906,505716.47788111866,505716.47788111866
0.6,299.7920582921436,505332.43681758945,505332.43681758945
0.6,303.3101180914411,504295.9985296365,504295.9985296365
0.6,285.4902294638708,511596.0761427896,511596.0761427896
0.6,304.0187809372582,504193.4451803621,504193.4451803621
0.6,264.51629016634917,528122.4139083992,528122.4139083992
0.6,245.75056864611182,547233.421425074,547233.421425074
